season,team_id,team,in_ko,ko_stage,stage_label,n_matches,n_with_stats,points_pg,goal_diff_pg,shots_pg,shot_accuracy,conversion,attacks_pg,shots_against_pg,on_target_against_pg,save_pct,possession_pct,pass_accuracy,passes_pg,long_pass_share,distance_km_pg,fouls_pg,coef,coef_imputed,coef_log,z_coef_log,z_points_pg,z_goal_diff_pg,z_shots_pg,z_shot_accuracy,z_conversion,z_attacks_pg,z_shots_against_pg,z_on_target_against_pg,z_possession_pct,z_pass_accuracy,z_passes_pg,z_long_pass_share,z_distance_km_pg,z_fouls_pg,pct_season_coef_log,pct_all_coef_log,pct_season_points_pg,pct_all_points_pg,pct_season_goal_diff_pg,pct_all_goal_diff_pg,pct_season_shots_pg,pct_all_shots_pg,pct_season_shot_accuracy,pct_all_shot_accuracy,pct_season_conversion,pct_all_conversion,pct_season_attacks_pg,pct_all_attacks_pg,pct_season_shots_against_pg,pct_all_shots_against_pg,pct_season_on_target_against_pg,pct_all_on_target_against_pg,pct_season_possession_pct,pct_all_possession_pct,pct_season_pass_accuracy,pct_all_pass_accuracy,pct_season_passes_pg,pct_all_passes_pg,pct_season_long_pass_share,pct_all_long_pass_share,pct_season_distance_km_pg,pct_all_distance_km_pg,pct_season_fouls_pg,pct_all_fouls_pg,complete,reached_final,is_target,team_display
2012,2610,Olympiacos,False,,Group stage,6,6,1.5,0.3333333333333333,11.0,0.42424242424242425,0.12121212121212122,29.0,8.666666666666666,4.0,0.7916666666666666,47.833333333333336,0.9022727272727272,366.6666666666667,0.20772727272727273,112.29666666666667,16.166666666666668,50.833,False,3.948027012062334,0.059605900394605234,0.21038958142240075,0.2695268482116836,-0.11891058841476211,-0.5480312702835206,0.041167952579153115,-0.8630151022535415,-0.8069538168076494,-0.8837919241937767,-0.3394779518646853,-0.5735509921568785,-1.170970975440101,1.7706003558899783,0.021057835355829863,1.045329485675401,41.0,36.0,56.0,53.0,62.0,59.0,48.0,64.0,25.0,21.0,52.0,33.0,22.0,15.0,22.0,33.0,14.0,28.0,33.0,34.0,31.0,90.0,6.0,8.0,94.0,99.0,44.0,40.0,88.0,94.0,True,False,False,Olympiacos
2012,50037,Bayern München,True,3.0,Runner-up,6,6,2.1666666666666665,0.8333333333333334,12.5,0.56,0.14666666666666667,43.833333333333336,7.8,4.4,0.7272727272727273,56.166666666666664,0.9456832475700401,583.0,0.1457975986277873,112.59500000000001,16.333333333333332,118.887,False,4.78654963246879,0.9920929229459357,1.1721705250676615,0.6738171205292091,0.38176557333160566,1.0221845170353094,0.5437237731124062,1.029107308229974,-1.07465141472789,-0.6120736704784759,0.9662064783841051,1.6376650749031425,1.0420352323986481,-0.4702195997198834,0.07613513257875025,1.1255466164706343,91.0,86.0,94.0,84.0,89.0,73.0,64.0,79.0,81.0,77.0,73.0,50.0,84.0,66.0,12.0,20.0,20.0,37.0,88.0,77.0,97.0,100.0,81.0,79.0,34.0,68.0,53.0,43.0,91.0,95.0,True,True,False,Bayern München
2012,50051,Real Madrid,True,2.0,Semi-finals,6,6,3.0,2.8333333333333335,15.666666666666666,0.5957446808510638,0.20212765957446807,44.0,9.333333333333334,4.5,0.9259259259259259,54.5,0.9407125373946151,612.8333333333334,0.13625237965732934,112.32666666666667,11.333333333333334,103.465,False,4.648852087074214,0.838965063311839,2.374396704624238,2.2909782097993108,1.4387485814628265,1.4356189929517025,1.6387048187626194,1.050367110594957,-0.601032587638233,-0.5441441070496511,0.7050695923343472,1.3844703624389672,1.3472186770851942,-0.8155971180208513,0.026596334517911213,-1.280967307386401,84.0,78.0,100.0,99.0,100.0,99.0,89.0,96.0,91.0,91.0,97.0,82.0,88.0,67.0,31.0,44.0,27.0,40.0,81.0,72.0,91.0,99.0,91.0,85.0,19.0,56.0,47.0,41.0,14.0,40.0,True,False,False,Real Madrid
2012,50058,Milan,True,1.0,Quarter-finals,6,6,1.5,0.5,12.5,0.4533333333333333,0.14666666666666667,39.833333333333336,13.5,5.166666666666667,0.7741935483870968,50.0,0.9235194585448393,492.5,0.1766497461928934,93.89333333333333,15.333333333333334,94.11,False,4.555034116494294,0.7346339004799145,0.21038958142240075,0.40429027231752546,0.38176557333160566,-0.2115564587152004,0.5437237731124062,0.5188720514703744,0.6859750946706172,-0.0912803508574834,0.0,0.5087008039430865,0.11625528566795414,0.6461129006942334,-3.376503706183057,0.6442438316992279,75.0,71.0,56.0,53.0,73.0,65.0,64.0,79.0,50.0,32.0,73.0,50.0,72.0,51.0,81.0,86.0,59.0,58.0,52.0,47.0,69.0,97.0,62.0,50.0,78.0,93.0,3.0,0.0,72.0,89.0,True,False,False,Milan
2012,50064,Porto,False,,Group stage,6,6,1.3333333333333333,0.0,16.0,0.4375,0.07291666666666667,47.0,9.0,4.4,0.8,53.5,0.8963694043003172,472.8333333333333,0.17412759957701798,107.645,16.833333333333332,100.319,False,4.618273955365068,0.8049603623070853,-0.03005565448891462,-5.610654611986141e-18,1.550009950739797,-0.3946898848031663,-0.9123419747718851,1.4330435531646568,-0.7039932022229412,-0.6120736704784759,0.5483874607044923,-0.874250511910057,-0.08492709686284144,0.5548533139128062,-0.8377172291646411,1.366198008856338,81.0,76.0,41.0,46.0,38.0,48.0,94.0,97.0,28.0,26.0,25.0,12.0,94.0,75.0,25.0,38.0,20.0,37.0,72.0,67.0,16.0,86.0,50.0,42.0,75.0,92.0,9.0,11.0,95.0,97.0,True,False,False,Porto
2012,50080,Barcelona,True,2.0,Semi-finals,6,6,2.6666666666666665,2.6666666666666665,17.833333333333332,0.4672897196261682,0.18691588785046728,56.833333333333336,5.333333333333333,2.3333333333333335,0.42857142857142855,67.83333333333333,0.9562237453017909,753.8333333333334,0.09440636745522883,109.97833333333334,10.166666666666666,141.465,False,4.959096355505551,1.183975140670183,1.8935062328016075,2.156214785693469,2.1619474817631352,-0.050132405813264426,1.3383747879564862,2.687371892698673,-1.8365599626547295,-2.0159513146741954,2.794164680732412,2.174569903033015,2.7895940637042864,-2.329723916985222,-0.406945072113884,-1.8424872229530433,97.0,95.0,97.0,97.0,97.0,99.0,100.0,99.0,66.0,39.0,88.0,75.0,100.0,92.0,3.0,2.0,3.0,4.0,100.0,92.0,100.0,100.0,100.0,99.0,3.0,10.0,31.0,23.0,5.0,20.0,True,False,False,Barcelona
2012,50109,Leverkusen,True,0.0,Round of 16,6,6,1.6666666666666667,0.0,10.5,0.49206349206349204,0.12698412698412698,36.333333333333336,11.333333333333334,6.833333333333333,0.8048780487804879,48.833333333333336,0.9199157007376185,474.5,0.14857744994731295,116.26999999999998,15.166666666666666,54.887,False,4.0233317949756815,0.14334929752407527,0.4508348173337161,-5.610654611986141e-18,-0.28580264233021807,0.23640901462278197,0.15512618852773638,0.07241620180572472,0.0167310998700152,1.0408790396229348,-0.1827958202348304,0.3251349975315739,-0.06787774241107894,-0.36963540642322834,0.7546012799336842,0.5640267009039929,44.0,39.0,70.0,61.0,38.0,48.0,42.0,59.0,69.0,48.0,58.0,37.0,56.0,38.0,59.0,68.0,89.0,84.0,44.0,39.0,66.0,97.0,56.0,42.0,44.0,71.0,84.0,69.0,69.0,88.0,True,False,False,Leverkusen
2012,50118,APOEL,True,1.0,Quarter-finals,6,6,1.5,0.0,5.75,0.6086956521739131,0.21739130434782608,26.333333333333332,17.166666666666668,6.833333333333333,0.8387096774193549,42.333333333333336,0.8870535714285714,373.3333333333333,0.17142857142857143,114.14333333333333,14.833333333333334,13.124,False,2.64787547806614,-1.3862399280864233,0.21038958142240075,-5.610654611986141e-18,-1.8712771545270495,1.5854140929214111,1.9400589928963101,-1.2031719400932748,1.818541855102406,1.0408790396229348,-1.2012296758288874,-1.3487741799741144,-1.102773557633052,0.45719356963454555,0.3619832282217129,0.40359243931352434,16.0,4.0,56.0,53.0,38.0,48.0,3.0,4.0,97.0,93.0,100.0,87.0,11.0,9.0,91.0,98.0,89.0,84.0,16.0,11.0,12.0,81.0,12.0,10.0,69.0,90.0,72.0,55.0,56.0,85.0,True,False,False,APOEL
2012,50136,Napoli,True,0.0,Round of 16,6,6,1.8333333333333333,0.6666666666666666,9.0,0.4,0.2,29.333333333333332,12.0,5.333333333333333,0.8125,43.0,0.8827886710239652,382.5,0.19433551198257082,110.88666666666666,15.0,21.11,False,3.096029994869355,-0.8878654527333402,0.6912800532450312,0.5390536964233672,-0.7864788040765859,-0.8284269465904543,1.5966978732773176,-0.8204954975235751,0.22265232903943108,0.02193558819055807,-1.0967749214089846,-1.5660168260996872,-1.0090021081483591,1.2860422639278868,-0.23925162526198573,0.4838095701087586,22.0,11.0,83.0,69.0,83.0,70.0,25.0,34.0,22.0,13.0,92.0,80.0,30.0,16.0,75.0,74.0,66.0,61.0,22.0,12.0,6.0,78.0,19.0,14.0,91.0,98.0,38.0,32.0,62.0,86.0,True,False,False,Napoli
2012,50138,Inter,True,0.0,Round of 16,6,6,1.6666666666666667,0.16666666666666666,10.5,0.6031746031746031,0.12698412698412698,30.333333333333332,11.666666666666666,5.0,0.7931034482758621,47.333333333333336,0.9034456645210147,440.1666666666667,0.1673608481635744,108.44500000000001,12.0,100.11,False,4.616209033103308,0.8026640459468478,0.4508348173337161,0.1347634241058418,-0.28580264233021807,1.5215558643628955,0.15512618852773638,-0.6929366833336751,0.11969171445472286,-0.20449628990552546,-0.41781901767961277,-0.5138046986016961,-0.41909444411738256,0.31000991981489373,-0.6900239181758085,-0.9600987842054631,78.0,76.0,70.0,61.0,52.0,54.0,42.0,59.0,94.0,93.0,58.0,37.0,41.0,19.0,64.0,71.0,52.0,55.0,28.0,31.0,38.0,91.0,38.0,30.0,66.0,88.0,12.0,15.0,22.0,52.0,True,False,False,Inter
2012,50143,Ajax,False,,Group stage,6,6,1.3333333333333333,0.0,13.166666666666666,0.45569620253164556,0.0759493670886076,50.5,10.5,4.666666666666667,0.7777777777777778,54.333333333333336,0.9424276800907544,587.6666666666666,0.13471355643788996,118.22500000000001,11.333333333333334,56.025,False,4.043489768170452,0.16576616255265306,-0.03005565448891462,-5.610654611986141e-18,0.6042883118855468,-0.18422675355617005,-0.852466568561954,1.8794994028293064,-0.24067043659175505,-0.430928168001609,0.6789559037293718,1.4718351546835453,1.0897734248635822,-0.8712768196891704,1.1155268086626435,-1.280967307386401,47.0,40.0,41.0,46.0,38.0,48.0,78.0,85.0,56.0,33.0,31.0,13.0,97.0,84.0,44.0,59.0,36.0,45.0,78.0,72.0,94.0,100.0,84.0,80.0,16.0,54.0,91.0,80.0,14.0,40.0,True,False,False,Ajax
2012,50147,Benfica,True,1.0,Quarter-finals,6,6,2.0,0.6666666666666666,11.0,0.4393939393939394,0.12121212121212122,35.0,8.166666666666666,4.0,0.8695652173913043,48.0,0.9194512838550827,473.8333333333333,0.14737952866690116,116.37166666666667,16.833333333333332,81.319,False,4.410601943735781,0.5740167346950229,0.9317252891563466,0.5390536964233672,-0.11891058841476211,-0.3727839725916871,0.041167952579153115,-0.09766221711414211,-0.9613947386847115,-0.8837919241937767,-0.3133642632597099,0.3014788407879111,-0.07469748419178406,-0.4129801510780169,0.7733706382051854,1.366198008856338,62.0,61.0,91.0,77.0,83.0,70.0,48.0,64.0,34.0,27.0,52.0,33.0,50.0,33.0,16.0,24.0,14.0,28.0,39.0,35.0,62.0,97.0,53.0,42.0,41.0,71.0,88.0,70.0,95.0,97.0,True,False,False,Benfica
2012,50151,Oţelul,False,,Group stage,6,6,0.0,-1.3333333333333333,9.0,0.4444444444444444,0.05555555555555555,30.166666666666668,10.166666666666666,5.0,0.7037037037037037,40.5,0.8791114908158907,390.1666666666667,0.15506193934216148,123.17833333333333,17.833333333333332,5.164,False,1.8187259174578694,-2.308303550707089,-1.9536175417794366,-1.0781073928467344,-0.7864788040765859,-0.3143682066944095,-1.2551069813359839,-0.7141964856986581,-0.34363105117646325,-0.20449628990552546,-1.4884802504836219,-1.7533225736899267,-0.9305750776702522,-0.13500518352596588,2.029994559201816,1.8475007936277452,3.0,0.0,6.0,2.0,16.0,16.0,25.0,34.0,44.0,29.0,12.0,6.0,38.0,18.0,41.0,55.0,52.0,55.0,9.0,7.0,3.0,75.0,22.0,15.0,50.0,79.0,100.0,91.0,100.0,99.0,True,False,False,Oţelul
2012,50164,GNK Dinamo,False,,Group stage,6,6,0.0,-3.1666666666666665,7.333333333333333,0.5,0.06818181818181818,33.5,17.333333333333332,9.333333333333334,0.6071428571428571,41.166666666666664,0.8969030154849226,409.0,0.15444172779136103,112.125,12.833333333333334,20.224,False,3.0551326168354387,-0.9333457693579734,-1.9536175417794366,-2.5605050580109943,-1.342785650461439,0.3282052181756475,-1.0058233401984578,-0.289000438398992,1.8700221623947593,2.7391181253435635,-1.384025496063719,-0.8470697820574508,-0.7379173723653382,-0.15744648391938937,-0.010634687627190033,-0.5590131302292901,19.0,11.0,6.0,2.0,3.0,1.0,9.0,15.0,72.0,51.0,22.0,11.0,47.0,28.0,94.0,98.0,100.0,98.0,12.0,9.0,19.0,87.0,28.0,21.0,47.0,78.0,41.0,40.0,34.0,64.0,True,False,False,GNK Dinamo
2012,52268,Valencia,False,,Group stage,6,6,1.3333333333333333,0.8333333333333334,13.833333333333334,0.5662650602409639,0.14457831325301204,39.833333333333336,8.333333333333334,5.333333333333333,0.8125,60.5,0.9364811691961776,593.0,0.13799887577290612,113.61166666666666,13.333333333333334,85.465,False,4.459739707777886,0.6286608506334123,-0.03005565448891462,0.6738171205292091,0.8268110504394883,1.09464821892427,0.5024928595517317,0.5188720514703744,-0.9099144313923571,0.02193558819055807,1.6451623821134769,1.1689357574180965,1.1443313591092221,-0.7524031257209293,0.26382871529371943,-0.3183617378435865,66.0,65.0,41.0,46.0,89.0,73.0,84.0,89.0,88.0,81.0,69.0,49.0,72.0,51.0,19.0,27.0,66.0,61.0,97.0,88.0,84.0,99.0,88.0,81.0,22.0,58.0,62.0,51.0,38.0,68.0,True,False,False,Valencia
2012,52280,Arsenal,True,0.0,Round of 16,6,6,1.8333333333333333,0.16666666666666666,6.5,0.6923076923076923,0.1794871794871795,25.333333333333332,11.833333333333334,4.5,0.7037037037037037,53.166666666666664,0.9148124602670057,524.3333333333334,0.13890654799745708,110.54666666666667,11.666666666666666,108.157,False,4.692787212868128,0.8878235361066761,0.6912800532450312,0.1347634241058418,-1.6209390736538656,2.5524978427258436,1.1917078347523515,-1.3307307542831746,0.17117202174707724,-0.5441441070496511,0.49616008349454027,0.06518954547513867,0.44189795569661483,-0.7195605496295514,-0.3020212824322367,-1.1205330457959324,88.0,80.0,83.0,69.0,52.0,54.0,6.0,9.0,100.0,100.0,84.0,70.0,5.0,7.0,70.0,73.0,27.0,40.0,66.0,65.0,59.0,95.0,72.0,62.0,28.0,59.0,34.0,28.0,19.0,46.0,True,False,False,Arsenal
2012,52682,Man Utd,False,,Group stage,6,6,1.5,0.5,11.666666666666666,0.5428571428571428,0.15714285714285714,37.5,10.833333333333334,4.666666666666667,0.75,58.166666666666664,0.9345108695652173,613.3333333333334,0.13369565217391305,108.45166666666667,10.5,151.157,False,5.024912882514387,1.2571670329478055,0.21038958142240075,0.40429027231752546,0.10361215013917893,0.8239047173611194,0.7505579713590851,0.22123481836060765,-0.13770982200704684,-0.430928168001609,1.279570741643815,1.0685739517759854,1.3523334834207228,-0.9081079546949136,-0.6887931405842361,-1.6820529613625739,100.0,97.0,56.0,53.0,73.0,65.0,53.0,71.0,75.0,70.0,78.0,57.0,62.0,42.0,50.0,63.0,36.0,45.0,94.0,83.0,81.0,99.0,94.0,85.0,12.0,53.0,16.0,15.0,9.0,25.0,True,False,False,Man Utd
2012,52707,Shakhtar,False,,Group stage,6,6,0.8333333333333334,-0.3333333333333333,11.833333333333334,0.4647887323943662,0.08450704225352113,39.666666666666664,15.2,6.0,0.7894736842105263,53.666666666666664,0.9052044609665427,448.3333333333333,0.18513011152416356,109.22333333333334,16.0,87.776,False,4.486116343198263,0.6579932378934562,-0.7513913622228603,-0.2695268482116836,0.15924283477766463,-0.07905962857298009,-0.6835101253192334,0.4976122491053905,1.211074229052628,0.47479934438272575,0.5745011493094677,-0.4242163008491741,-0.3355526073037476,0.952960500677488,-0.5463306343595918,0.9651123548801658,69.0,67.0,23.0,27.0,27.0,38.0,59.0,74.0,62.0,37.0,38.0,17.0,66.0,51.0,88.0,93.0,75.0,73.0,75.0,68.0,44.0,92.0,44.0,33.0,84.0,97.0,22.0,19.0,83.0,93.0,True,False,False,Shakhtar
2012,52731,Trabzonspor,False,,Group stage,6,6,1.1666666666666667,-0.3333333333333333,8.666666666666666,0.28846153846153844,0.057692307692307696,29.166666666666668,10.666666666666666,4.666666666666667,0.75,49.166666666666664,0.9099402092675636,446.0,0.1468609865470852,109.70166666666665,15.666666666666666,12.01,False,2.565718292524414,-1.4776036044650833,-0.2705008904002297,-0.2695268482116836,-0.8977401733535566,-2.1185166688295687,-1.2129205189896333,-0.841755299888558,-0.1891901292994012,-0.430928168001609,-0.1305684430248795,-0.1829899192935093,-0.3594217035362146,-0.4317427159841588,-0.4580223421641912,0.8046780932896964,12.0,4.0,31.0,39.0,27.0,38.0,19.0,29.0,3.0,1.0,16.0,7.0,25.0,16.0,47.0,62.0,36.0,45.0,47.0,41.0,53.0,94.0,41.0,33.0,38.0,70.0,28.0,22.0,77.0,91.0,True,False,False,Trabzonspor
2012,52748,Marseille,True,1.0,Quarter-finals,6,6,1.6666666666666667,0.5,9.0,0.37037037037037035,0.12962962962962962,29.833333333333332,9.166666666666666,4.833333333333333,0.7931034482758621,47.833333333333336,0.9019448946515397,411.3333333333333,0.1580226904376013,108.80166666666666,14.166666666666666,68.735,False,4.2447023438106575,0.3895265131889555,0.4508348173337161,0.40429027231752546,-0.7864788040765859,-1.1711327731878185,0.20735704667083713,-0.7567160904286251,-0.6525128949305874,-0.31771222895356754,-0.3394779518646853,-0.5902499110896957,-0.7140482761328711,-0.027875439429501082,-0.6241773170266238,0.08272391613258562,53.0,51.0,70.0,61.0,73.0,65.0,25.0,34.0,12.0,8.0,62.0,39.0,34.0,18.0,28.0,42.0,44.0,50.0,33.0,34.0,28.0,89.0,31.0,21.0,56.0,82.0,19.0,17.0,50.0,79.0,True,False,False,Marseille
2012,52758,B. Dortmund,False,,Group stage,6,6,0.6666666666666666,-1.0,9.833333333333334,0.4406779661016949,0.1016949152542373,39.833333333333336,6.666666666666667,3.5,0.42857142857142855,51.166666666666664,0.8984105044920525,482.3333333333333,0.15687629578438148,121.96666666666668,14.666666666666666,22.887,False,3.173334377897823,-0.8018983813555379,-0.9918365981341757,-0.8085805446350509,-0.5083253808841591,-0.3579325066855996,-0.3441654045690231,0.5188720514703744,-1.4247175043158973,-1.2234397413379023,0.1827958202348304,-0.7702823146266949,0.012254223512203781,-0.06935578069228186,1.8063007319333204,0.3233753085182892,25.0,13.0,19.0,21.0,22.0,23.0,38.0,50.0,38.0,27.0,41.0,24.0,72.0,51.0,6.0,10.0,9.0,19.0,62.0,55.0,25.0,88.0,59.0,46.0,53.0,80.0,97.0,90.0,53.0,84.0,True,False,False,Borussia Dortmund
2012,52826,Zenit,True,0.0,Round of 16,6,6,1.5,0.3333333333333333,16.8,0.38095238095238093,0.08333333333333333,41.833333333333336,10.0,5.0,,50.5,0.897797038642109,461.5,0.16143011917659805,114.82999999999998,15.0,60.441,False,4.11807736474863,0.24871200582487307,0.21038958142240075,0.2695268482116836,1.817037237004527,-1.0487378351173315,-0.706682970833426,0.7739896798501742,-0.3951113584688171,-0.20449628990552546,0.07834106581492747,-0.8015306280469705,-0.20086270713482504,0.09541657569392244,0.48875332015378986,0.4838095701087586,50.0,44.0,56.0,53.0,62.0,59.0,97.0,98.0,16.0,9.0,34.0,17.0,81.0,61.0,38.0,52.0,52.0,55.0,59.0,49.0,22.0,87.0,47.0,38.0,62.0,85.0,78.0,60.0,62.0,86.0,True,False,False,Zenit
2012,52914,Chelsea,True,4.0,Winner,6,6,1.8333333333333333,1.5,15.666666666666666,0.5531914893617021,0.13829787234042554,36.166666666666664,9.6,5.0,0.84,50.333333333333336,0.925,533.3333333333334,0.13875,114.54833333333333,10.166666666666666,129.157,False,4.868741414089537,1.0834950722219663,0.6912800532450312,1.2128708169525764,1.4387485814628265,0.9434350930512341,0.3784964542035505,0.0511563994407408,-0.5186640959704668,-0.20449628990552546,0.05222737720995202,0.5841156349835361,0.5339644697361314,-0.7252249727322636,0.4367529669098085,-1.8424872229530433,94.0,90.0,83.0,69.0,94.0,88.0,89.0,96.0,78.0,74.0,66.0,45.0,53.0,38.0,34.0,47.0,52.0,55.0,56.0,48.0,72.0,98.0,78.0,67.0,25.0,59.0,75.0,58.0,5.0,20.0,True,True,False,Chelsea
2012,52919,Man City,False,,Group stage,6,6,1.6666666666666667,0.5,13.0,0.46153846153846156,0.11538461538461539,37.0,11.166666666666666,4.666666666666667,0.8076923076923077,57.166666666666664,0.9399391789153573,657.6666666666666,0.1163203243791181,112.39833333333335,12.166666666666666,47.157,False,3.874466506701512,-0.022197756360694487,0.4508348173337161,0.40429027231752546,0.5486576272470616,-0.11665330673439146,-0.07388603563816667,0.15745541126565768,-0.03474920742233918,-0.430928168001609,1.1228886100139601,1.3450775451398405,1.8058463118375998,-1.5368046469347767,0.039827193627330976,-0.8798816534102288,38.0,33.0,70.0,61.0,73.0,65.0,75.0,84.0,59.0,36.0,44.0,30.0,59.0,40.0,56.0,66.0,36.0,45.0,91.0,81.0,88.0,99.0,97.0,91.0,6.0,31.0,50.0,42.0,27.0,55.0,True,False,False,Manchester City
2012,5312,Lyon,True,0.0,Round of 16,6,6,1.3333333333333333,0.3333333333333333,12.833333333333334,0.44155844155844154,0.11688311688311688,40.0,11.833333333333334,6.166666666666667,0.7878787878787878,50.0,0.9275960622419815,524.8333333333334,0.1597332486503652,113.78833333333331,13.833333333333334,92.735,False,4.540471652049154,0.7184395739573028,-0.03005565448891462,0.2695268482116836,0.4930269426085765,-0.3477486443499968,-0.044300724382284606,0.5401318538353574,0.17117202174707724,0.5880152834307678,0.0,0.7163521182424731,0.4470127620321436,0.03401820096389337,0.29644432147041605,-0.07771034545788288,72.0,71.0,41.0,46.0,62.0,59.0,72.0,82.0,41.0,28.0,47.0,30.0,78.0,52.0,70.0,73.0,80.0,75.0,52.0,47.0,75.0,98.0,75.0,62.0,59.0,83.0,66.0,52.0,45.0,75.0,True,False,False,Lyon
2012,54266,CSKA Moskva,True,0.0,Round of 16,6,6,1.3333333333333333,0.16666666666666666,9.5,0.43859649122807015,0.15789473684210525,28.166666666666668,12.5,6.166666666666667,0.8108108108108109,48.0,0.9047227926078029,405.8333333333333,0.1942505133470226,112.92666666666668,13.5,73.941,False,4.316701137285051,0.4695934534483389,-0.03005565448891462,0.1347634241058418,-0.6195867501611299,-0.3820075145754681,0.765402531041861,-0.9693141140784579,0.37709325091649315,0.5880152834307678,-0.3133642632597099,-0.44875120175672994,-0.7703111458236868,1.2829667328273984,0.1373663177595356,-0.23814460704835225,56.0,55.0,41.0,46.0,52.0,54.0,34.0,43.0,31.0,26.0,81.0,58.0,19.0,12.0,78.0,78.0,80.0,75.0,39.0,35.0,41.0,91.0,25.0,20.0,88.0,98.0,59.0,45.0,41.0,70.0,True,False,False,CSKA Moskva
2012,59856,Basel,True,0.0,Round of 16,6,6,1.8333333333333333,0.16666666666666666,9.166666666666666,0.45454545454545453,0.2,29.333333333333332,11.666666666666666,5.666666666666667,0.7058823529411765,53.333333333333336,0.9123152709359605,507.5,0.17339901477832512,119.17333333333333,12.5,39.98,False,3.7130841428107537,-0.20166454274725967,0.6912800532450312,0.1347634241058418,-0.7308481194381007,-0.19753667489985363,1.5966978732773176,-0.8204954975235751,0.11969171445472286,0.24836746628664222,0.5222737720995169,-0.062010615533751604,0.26969947573381503,0.5284907118160751,1.2906049210639843,-0.7194473918197595,31.0,26.0,83.0,69.0,52.0,54.0,31.0,37.0,53.0,32.0,92.0,80.0,30.0,16.0,64.0,71.0,72.0,66.0,69.0,67.0,56.0,95.0,69.0,56.0,72.0,91.0,94.0,84.0,31.0,60.0,True,False,False,Basel
2012,61582,Genk,False,,Group stage,6,6,0.5,-2.3333333333333335,7.8,0.5641025641025641,0.05128205128205128,26.333333333333332,18.833333333333332,9.0,0.7037037037037037,40.333333333333336,0.9029478458049887,367.5,0.181859410430839,112.77833333333332,12.166666666666666,8.4,False,2.2407096892759584,-1.8390325002053245,-1.2322818340454909,-1.8866879374817855,-1.18701973347368,1.069636093025713,-1.339479906028685,-1.2031719400932748,2.3333449280259453,2.5126862472474794,-1.5145939390885974,-0.5391622556137031,-1.1624462982142199,0.8346157429288346,0.10998151634701933,-0.8798816534102288,9.0,2.0,16.0,15.0,6.0,4.0,16.0,20.0,84.0,80.0,9.0,5.0,11.0,9.0,100.0,99.0,97.0,96.0,6.0,7.0,34.0,90.0,9.0,9.0,81.0,95.0,56.0,44.0,27.0,55.0,True,False,False,Genk
2012,64388,Viktoria Plzeň,False,,Group stage,6,6,0.8333333333333334,-1.1666666666666667,11.8,0.3559322033898305,0.06779661016949153,33.0,15.0,6.333333333333333,0.7105263157894737,39.333333333333336,0.8842224744608399,293.6666666666667,0.21906923950056753,100.235,15.0,5.17,False,1.8196988379172965,-2.307221605294632,-0.7513913622228603,-0.9433439687408928,0.14811669784996762,-1.338129256487381,-1.013428603826382,-0.3527798454939419,1.1492978603018034,0.7012312224788093,-1.6712760707184522,-1.4929827049947277,-1.9177327004272906,2.180990138349275,-2.2057265221986824,0.4838095701087586,6.0,1.0,23.0,27.0,19.0,19.0,56.0,73.0,9.0,5.0,19.0,10.0,44.0,27.0,84.0,92.0,84.0,78.0,3.0,5.0,9.0,79.0,3.0,1.0,100.0,100.0,6.0,2.0,62.0,86.0,True,False,False,Viktoria Plzeň
2012,66168,BATE,False,,Group stage,6,6,0.3333333333333333,-2.0,12.75,0.35294117647058826,0.0392156862745098,27.5,17.5,7.833333333333333,0.723404255319149,42.833333333333336,0.9059602649006623,377.5,0.20838852097130242,115.02833333333335,13.833333333333334,23.216,False,3.1870135717194175,-0.7866863042962234,-1.4727270699568062,-1.6171610892701018,0.4652116002893336,-1.3727244358921495,-1.5777093404551357,-1.0543533235383913,1.9215024696871135,1.720174673911186,-1.1228886100139601,-0.38571766523674184,-1.060150171503646,1.7945264992514531,0.5253689535031101,-0.07771034545788288,28.0,14.0,12.0,8.0,11.0,7.0,69.0,82.0,6.0,5.0,3.0,3.0,16.0,11.0,97.0,98.0,94.0,91.0,19.0,11.0,47.0,92.0,16.0,12.0,97.0,99.0,81.0,61.0,45.0,75.0,True,False,False,BATE
2012,70691,Villarreal,False,,Group stage,6,6,0.0,-2.0,7.666666666666667,0.391304347826087,0.043478260869565216,25.333333333333332,11.0,5.333333333333333,0.6666666666666666,43.666666666666664,0.9061193462561764,438.5,0.12124667426833903,109.42666666666668,16.0,75.465,False,4.336833119800087,0.49198141529533274,-1.9536175417794366,-1.6171610892701018,-1.2315242811844682,-0.9290036565701155,-1.4935522032936177,-1.3307307542831746,-0.086229514714693,0.02193558819055807,-0.9923201669890817,-0.3776144854804676,-0.4361437985691451,-1.3585530526772442,-0.5087919178165975,0.9651123548801658,59.0,56.0,6.0,2.0,11.0,7.0,12.0,19.0,19.0,11.0,6.0,3.0,5.0,7.0,53.0,64.0,66.0,61.0,25.0,14.0,50.0,92.0,34.0,28.0,9.0,38.0,25.0,20.0,83.0,93.0,True,False,False,Villarreal
2012,75797,Lille,False,,Group stage,6,6,1.0,0.0,13.333333333333334,0.45,0.075,46.666666666666664,7.166666666666667,3.1666666666666665,0.7647058823529411,55.5,0.9292421193829644,497.0,0.14118041582830315,114.02666666666666,15.666666666666666,40.735,False,3.7313401053026998,-0.1813628267366984,-0.510946126311545,-5.610654611986141e-18,0.6599189965240324,-0.2501108642074034,-0.8712101739841934,1.3905239484346898,-1.2702765824388353,-1.4498716194339862,0.8617517239642022,0.8001978766556823,0.1622885426877124,-0.637284508525348,0.3404446203691737,0.8046780932896964,34.0,27.0,28.0,33.0,38.0,48.0,81.0,86.0,47.0,31.0,28.0,12.0,91.0,74.0,9.0,16.0,6.0,15.0,84.0,75.0,78.0,98.0,66.0,51.0,31.0,62.0,69.0,55.0,77.0,91.0,True,False,False,Lille
2013,2610,Olympiacos,False,,Group stage,6,6,1.5,0.0,10.333333333333334,0.5645161290322581,0.14516129032258066,22.166666666666668,14.333333333333334,8.166666666666666,0.8163265306122449,46.0,0.624760444614795,434.8333333333333,0.17362974319662705,110.38,13.166666666666666,61.42,False,4.133885736842633,0.187379146392331,0.15055051591491955,4.654751537338637e-18,-0.6901795107299581,0.06800072693931211,0.5097656428611932,-1.5353453937833874,0.45205998102272527,0.5082183182152034,-0.6871356022115508,-1.2521093461133292,-1.0505510690596467,1.1382228601160322,-0.5333905173833808,-0.1800525665206735,50.0,45.0,47.0,53.0,42.0,48.0,34.0,57.0,50.0,80.0,72.0,49.0,9.0,2.0,72.0,90.0,75.0,93.0,22.0,25.0,12.0,1.0,9.0,27.0,94.0,91.0,31.0,27.0,44.0,67.0,True,False,False,Olympiacos
2013,50037,Bayern München,True,4.0,Winner,6,6,2.1666666666666665,1.3333333333333333,15.333333333333334,0.5869565217391305,0.16304347826086957,41.5,8.666666666666666,4.333333333333333,0.7307692307692307,58.833333333333336,0.7889355007865758,635.6666666666666,0.14368117461982172,113.50833333333333,12.333333333333334,133.037,False,4.89811588123995,1.208409142545965,1.114073817770404,1.1925695879998877,0.716555797764224,0.45292129266124487,0.8741736959334122,1.3602963609793057,-1.2277257408103521,-1.3435078313213795,1.5174244548838418,1.3725988205114767,1.3267522890941061,-0.10471042064937683,0.17211185067976198,-0.5447159923853276,91.0,91.0,89.0,84.0,95.0,85.0,75.0,94.0,66.0,88.0,78.0,62.0,94.0,60.0,6.0,33.0,3.0,35.0,97.0,84.0,97.0,20.0,97.0,89.0,47.0,65.0,66.0,50.0,33.0,57.0,True,True,False,Bayern München
2013,50050,Celtic,True,0.0,Round of 16,6,6,1.6666666666666667,0.16666666666666666,8.0,0.625,0.1875,24.2,18.5,10.166666666666666,0.8688524590163934,38.333333333333336,0.5531914893617021,360.3333333333333,0.20906567992599445,110.425,13.666666666666666,32.728,False,3.518328352918897,-0.6350204382715794,0.39143134137879076,0.14907119849998596,-1.346655988027243,1.1054819392367081,1.3725552979292412,-1.2308037609548976,1.6871965411941052,1.4743363092777684,-2.004145506450356,-2.396300343880054,-1.9324221073125327,2.6088943208595623,-0.5232421082530102,0.038745488998119304,25.0,20.0,58.0,61.0,50.0,54.0,9.0,22.0,88.0,95.0,94.0,76.0,12.0,5.0,94.0,99.0,88.0,99.0,6.0,3.0,6.0,0.0,3.0,7.0,97.0,100.0,34.0,27.0,56.0,72.0,True,False,False,Celtic
2013,50051,Real Madrid,True,2.0,Semi-finals,6,6,1.8333333333333333,1.0,20.0,0.6166666666666667,0.125,40.5,10.5,6.333333333333333,0.7894736842105263,52.166666666666664,0.7273004265691652,547.0,0.1614868982327849,110.80166666666668,10.833333333333334,121.837,False,4.810858273262026,1.0918308633571288,0.6323121668426617,0.8944271909999159,2.029508752358794,0.9625400833201784,0.09891342616212245,1.2105217874570973,-0.6842656543349447,-0.3773898402588145,0.37219845119792294,0.38722329257686083,0.277187652963155,0.6342673508559623,-0.43829616516176045,-1.2011101589417061,88.0,87.0,69.0,69.0,78.0,78.0,100.0,100.0,81.0,94.0,58.0,36.0,88.0,54.0,34.0,59.0,42.0,78.0,73.0,60.0,62.0,7.0,75.0,73.0,88.0,85.0,41.0,31.0,14.0,31.0,True,False,False,Real Madrid
2013,50058,Milan,True,0.0,Round of 16,6,6,1.3333333333333333,0.16666666666666666,16.6,0.5060240963855421,0.04819277108433735,38.333333333333336,9.666666666666666,4.666666666666667,0.7857142857142857,49.666666666666664,0.6815221117586562,486.1666666666667,0.16112444292080905,110.86,13.0,89.996,False,4.510815549506798,0.6909665120519073,-0.09033030954895167,0.14907119849998596,1.0729287425827503,-0.935314437402911,-1.4662850186601197,0.8860102114923131,-0.931292966369221,-1.1824881661442852,-0.05726130018429631,-0.3446462102527472,-0.4429083849838322,0.6192246362470946,-0.4251408199927644,-0.2529852516936042,78.0,69.0,42.0,46.0,50.0,54.0,88.0,98.0,22.0,53.0,9.0,4.0,78.0,45.0,28.0,48.0,9.0,45.0,47.0,44.0,25.0,2.0,28.0,48.0,84.0,85.0,44.0,32.0,41.0,65.0,True,False,False,Milan
2013,50064,Porto,True,0.0,Round of 16,6,6,2.1666666666666665,1.0,13.833333333333334,0.6024096385542169,0.12048192771084337,38.666666666666664,8.333333333333334,4.666666666666667,0.9285714285714286,54.833333333333336,0.7423295454545454,586.6666666666666,0.12585227272727273,112.60333333333331,16.333333333333332,98.069,False,4.595816577060976,0.8045299451001284,1.114073817770404,0.8944271909999159,0.2945352052159694,0.7179889563304523,0.006842929407872895,0.9359350693330485,-1.3265366656240623,-1.1824881661442852,0.8302888526722909,0.6274976192343659,0.7467297270217381,-0.8446501431412616,-0.03198393294213115,1.205668451765014,81.0,74.0,89.0,84.0,78.0,78.0,59.0,89.0,69.0,93.0,53.0,33.0,81.0,47.0,3.0,27.0,9.0,45.0,88.0,73.0,81.0,10.0,84.0,79.0,16.0,43.0,59.0,44.0,88.0,95.0,True,False,False,Porto
2013,50067,Galatasaray,True,1.0,Quarter-finals,6,6,1.6666666666666667,0.16666666666666666,14.833333333333334,0.48314606741573035,0.07865168539325842,38.833333333333336,11.0,5.5,0.9090909090909091,55.666666666666664,0.702015503875969,537.5,0.15224806201550387,108.00666666666666,15.0,38.31,False,3.671478939433769,-0.43040754265814707,0.39143134137879076,0.14907119849998596,0.5758822669148057,-1.327741787881756,-0.8455850405415837,0.9608974982534172,-0.5360492671143791,-0.7799390032015499,0.9734421031330299,-0.017013164731664435,0.16473429909198162,0.2508347677410224,-1.0686251322592022,0.622206970381567,28.0,25.0,58.0,61.0,50.0,54.0,70.0,93.0,12.0,45.0,25.0,15.0,84.0,48.0,38.0,64.0,27.0,63.0,91.0,76.0,41.0,4.0,69.0,69.0,72.0,76.0,6.0,12.0,72.0,86.0,True,False,False,Galatasaray
2013,50068,Spartak Moskva,False,,Group stage,6,6,0.5,-1.1666666666666667,8.833333333333334,0.5094339622641509,0.1320754716981132,29.833333333333332,15.5,7.833333333333333,0.7446808510638298,47.5,0.6853371387798787,467.1666666666667,0.15483410631466285,117.43666666666667,18.166666666666668,46.066,False,3.8515508719847684,-0.1898270762269018,-1.2947344368683071,-1.043498389499902,-1.1122001032782127,-0.8768249305491358,0.2430992984376453,-0.38707366344645777,0.7978982178707116,0.3471986530381093,-0.42945975138221926,-0.28365440789258983,-0.667815092726179,0.3581614507080263,1.0580303810605998,2.007927988667255,38.0,31.0,17.0,15.0,16.0,19.0,14.0,31.0,25.0,55.0,69.0,41.0,34.0,18.0,84.0,94.0,67.0,91.0,31.0,32.0,34.0,3.0,19.0,40.0,75.0,78.0,84.0,75.0,100.0,100.0,True,False,False,Spartak Moskva
2013,50074,Anderlecht,False,,Group stage,6,6,0.8333333333333334,-0.8333333333333334,9.833333333333334,0.4576271186440678,0.06779661016949153,34.666666666666664,13.0,6.5,0.8205128205128205,52.166666666666664,0.705238726790451,502.6666666666667,0.14588859416445624,111.04333333333334,13.5,48.48,False,3.901568547524287,-0.12300224938890454,-0.8129727859405649,-0.7453559924999299,-0.8308530415793762,-1.7654688956969924,-1.0667926937603252,0.3368367752442154,0.05681628176788342,-0.29688000767026723,0.37219845119792294,0.03451731562121609,-0.24759466510232056,-0.013097520700522513,-0.3837954494616257,-0.03418719617481138,44.0,33.0,30.0,27.0,28.0,27.0,30.0,50.0,6.0,34.0,16.0,10.0,59.0,31.0,58.0,83.0,48.0,80.0,73.0,60.0,50.0,5.0,41.0,53.0,56.0,69.0,47.0,33.0,48.0,70.0,True,False,False,Anderlecht
2013,50080,Barcelona,True,2.0,Semi-finals,6,6,2.1666666666666665,1.0,16.666666666666668,0.61,0.11,36.0,8.833333333333334,5.0,0.9,69.33333333333333,0.8533464566929134,846.6666666666666,0.08543307086614173,110.175,7.666666666666667,157.837,False,5.067878519154446,1.4352161414684708,1.114073817770404,0.8944271909999159,1.0916852133626727,0.8481865985869534,-0.20676062306198603,0.5365362066071601,-1.1783202784034967,-1.021468500967191,3.3211554106891614,2.402353071428757,3.8244004645485887,-2.522138369209056,-0.5796221589772891,-2.586831177227394,100.0,98.0,89.0,84.0,78.0,78.0,91.0,98.0,75.0,93.0,47.0,28.0,72.0,37.0,9.0,36.0,20.0,55.0,100.0,93.0,100.0,54.0,100.0,100.0,3.0,4.0,28.0,25.0,3.0,1.0,True,False,False,Barcelona
2013,50128,Montpellier,False,,Group stage,6,6,0.3333333333333333,-1.0,13.166666666666666,0.5189873417721519,0.0759493670886076,35.5,9.333333333333334,4.833333333333333,0.6538461538461539,51.5,0.7029543994861914,519.0,0.14322414900449582,110.03499999999998,12.5,11.835,False,2.5521758143231037,-1.9258236472240766,-1.5356152623321784,-0.8944271909999159,0.10697049741674476,-0.7129555948913033,-0.90065361243992,0.461648919846056,-1.030103891182931,-1.1019783335557383,0.25767585082933153,-0.002002803028602293,-0.054253811078198134,-0.12367801657951417,-0.6111949873828887,-0.47178330721239703,9.0,4.0,9.0,8.0,22.0,23.0,56.0,85.0,34.0,60.0,22.0,13.0,62.0,35.0,25.0,44.0,16.0,50.0,61.0,57.0,44.0,4.0,53.0,60.0,44.0,65.0,25.0,24.0,38.0,60.0,True,False,False,Montpellier
2013,50139,Juventus,True,1.0,Quarter-finals,6,6,2.0,1.3333333333333333,19.666666666666668,0.4745762711864407,0.1016949152542373,42.833333333333336,9.166666666666666,4.666666666666667,0.9642857142857143,49.0,0.7320742637644047,520.6666666666666,0.1437259923175416,121.24833333333333,14.666666666666666,46.996,False,3.8711176741021425,-0.16368535434232925,0.8731929923065329,1.1925695879998877,1.935726398459182,-1.4747396972226934,-0.3760038819544302,1.5599957923422503,-1.0795093535897866,-1.1824881661442852,-0.1717839005528877,0.4635438358107365,-0.034525152504308515,-0.102850384904414,1.917638221103439,0.4763416000357049,41.0,32.0,77.0,77.0,95.0,85.0,97.0,100.0,9.0,41.0,31.0,24.0,97.0,64.0,19.0,42.0,9.0,45.0,41.0,40.0,69.0,8.0,56.0,60.0,50.0,65.0,94.0,89.0,69.0,84.0,True,False,False,Juventus
2013,50143,Ajax,False,,Group stage,6,6,0.6666666666666666,-1.3333333333333333,11.5,0.5507246376811594,0.11594202898550725,30.666666666666668,15.666666666666666,10.666666666666666,0.765625,53.166666666666664,0.7552754179227186,608.1666666666666,0.1518224171005755,122.61666666666667,10.666666666666666,58.103,False,4.079281684545055,0.11442680904199501,-1.0538536114044361,-1.1925695879998877,-0.36194127208131577,-0.1685650374106266,-0.08567235235485125,-0.2622615188446172,0.8473036802775666,1.7158658070434099,0.5439823517508107,0.8344665582657859,1.00122942262492,0.23316954179887986,2.2262250320676604,-1.2740428441146376,47.0,42.0,25.0,21.0,12.0,16.0,44.0,69.0,44.0,73.0,50.0,30.0,41.0,21.0,88.0,95.0,95.0,99.0,84.0,65.0,91.0,12.0,91.0,84.0,69.0,75.0,97.0,90.0,9.0,29.0,True,False,False,Ajax
2013,50147,Benfica,False,,Group stage,6,6,1.3333333333333333,0.0,18.5,0.4954954954954955,0.04504504504504504,30.833333333333332,9.166666666666666,5.833333333333333,0.8571428571428571,44.833333333333336,0.6213444739840486,438.8333333333333,0.15951386251424232,117.79666666666667,15.833333333333334,87.069,False,4.478120598148612,0.6472852645844731,-0.09033030954895167,4.654751537338637e-18,1.607488159810539,-1.115911767574235,-1.5304302296120296,-0.23729908992424947,-1.0795093535897866,-0.6189193380244558,-0.887550152856586,-1.3067213329798923,-1.0032022884823106,0.5523819094056901,1.1392176541035612,0.986870396246222,72.0,66.0,42.0,46.0,42.0,48.0,94.0,99.0,16.0,50.0,6.0,4.0,44.0,22.0,19.0,42.0,34.0,70.0,12.0,19.0,9.0,1.0,12.0,29.0,78.0,83.0,88.0,77.0,78.0,93.0,True,False,False,Benfica
2013,50164,GNK Dinamo,False,,Group stage,6,6,0.16666666666666666,-2.1666666666666665,9.2,0.5434782608695652,0.021739130434782608,27.833333333333332,14.666666666666666,8.5,0.7843137254901961,45.666666666666664,0.6842832469775475,482.5,0.11364421416234888,111.55,10.5,24.774,False,3.2493662318661993,-0.994360351041544,-1.7764960877960494,-1.9379255804998174,-1.0090395139886397,-0.29286230342500125,-2.005364448931378,-0.6866228104908743,0.5508709058364354,0.6692379833922978,-0.7443969023958471,-0.3005032428180566,-0.4863114338463906,-1.3513121642312749,-0.2695318799937551,-1.3469755292875683,16.0,14.0,5.0,5.0,6.0,5.0,22.0,39.0,38.0,70.0,3.0,1.0,25.0,11.0,75.0,91.0,80.0,95.0,16.0,23.0,31.0,2.0,25.0,47.0,6.0,28.0,53.0,36.0,6.0,25.0,True,False,False,GNK Dinamo
2013,52268,Valencia,True,0.0,Round of 16,6,6,2.1666666666666665,1.1666666666666667,9.166666666666666,0.5636363636363636,0.21818181818181817,31.666666666666668,13.333333333333334,7.0,0.9761904761904762,49.166666666666664,0.7154308617234469,499.0,0.1599866399465598,115.06833333333333,16.0,89.837,False,4.509066691592942,0.6886299954905692,1.114073817770404,1.043498389499902,-1.0184177493786009,0.052910091124075735,1.9977976713421903,-0.1124869453224089,0.155627206581594,-0.055350509904625984,-0.14315325046074015,0.1974615558594275,-0.29099771396487895,0.572003241340643,0.5239233671992629,1.0598030814191526,75.0,68.0,89.0,84.0,89.0,81.0,19.0,37.0,47.0,79.0,100.0,88.0,47.0,24.0,62.0,85.0,58.0,86.0,44.0,41.0,53.0,5.0,34.0,52.0,81.0,84.0,81.0,62.0,81.0,93.0,True,False,False,Valencia
2013,52280,Arsenal,True,0.0,Round of 16,6,6,1.6666666666666667,0.3333333333333333,7.833333333333333,0.6595744680851063,0.2127659574468085,30.5,14.0,7.833333333333333,0.851063829787234,51.0,0.7331141661685595,557.6666666666666,0.13986849970113568,111.72833333333334,14.166666666666666,113.882,False,4.743905514619123,1.0023803550242643,0.39143134137879076,0.2981423969999719,-1.3935471649770492,1.6985385754861413,1.8874317992819063,-0.2872239477649854,0.3532490562090147,0.3471986530381093,0.1717839005528877,0.4801690186876172,0.40345106783605095,-0.26294504655549167,-0.22931411047710093,0.25754354451691214,84.0,84.0,58.0,61.0,58.0,59.0,6.0,21.0,100.0,99.0,97.0,85.0,38.0,20.0,69.0,88.0,67.0,91.0,56.0,53.0,72.0,8.0,78.0,75.0,34.0,60.0,56.0,37.0,66.0,79.0,True,False,False,Arsenal
2013,52336,Braga,False,,Group stage,6,6,0.5,-1.0,16.5,0.5757575757575758,0.0707070707070707,35.666666666666664,11.333333333333334,6.5,0.717948717948718,51.833333333333336,0.7260705289672544,529.3333333333334,0.1473551637279597,111.07833333333333,15.333333333333334,63.069,False,4.159960627600298,0.22221583244192417,-1.2947344368683071,-0.8944271909999159,1.0447940364128663,0.2608255179117574,-1.0074825432517382,0.48661134876642365,-0.4372383423006685,-0.29688000767026723,0.31493715101362785,0.3675606083962039,0.06806387207992073,0.04776843068413977,-0.3759022423602274,0.7680723407274292,56.0,48.0,17.0,15.0,22.0,23.0,84.0,98.0,59.0,85.0,19.0,11.0,66.0,36.0,41.0,68.0,48.0,80.0,66.0,59.0,59.0,7.0,66.0,64.0,62.0,71.0,50.0,34.0,75.0,89.0,True,False,False,Braga
2013,52682,Man Utd,True,0.0,Round of 16,6,6,2.0,0.5,14.333333333333334,0.5813953488372093,0.10465116279069768,34.0,12.833333333333334,6.666666666666667,0.925,56.0,0.7595179402903314,608.5,0.1259928786633799,109.30999999999999,12.166666666666666,141.882,False,4.962019114790579,1.2937854114418468,0.8731929923065329,0.4472135954999579,0.43520873606538757,0.35753036758044576,-0.31576067162252075,0.23698705956274357,0.007410819361028387,-0.21637017508172002,1.0307034033173261,0.9022928369040613,1.0051751543396985,-0.8388146790184074,-0.7746971344832962,-0.6176486775582591,97.0,95.0,77.0,77.0,62.0,65.0,64.0,91.0,62.0,86.0,38.0,25.0,56.0,29.0,52.0,82.0,53.0,82.0,94.0,77.0,94.0,12.0,94.0,84.0,19.0,43.0,16.0,19.0,28.0,55.0,True,False,False,Man Utd
2013,52707,Shakhtar,True,0.0,Round of 16,6,6,1.6666666666666667,0.6666666666666666,16.0,0.6145833333333334,0.125,29.166666666666668,13.0,6.333333333333333,0.8888888888888888,52.333333333333336,0.7318454363757495,500.3333333333333,0.16722185209860094,113.08,13.666666666666666,84.026,False,4.442957092070788,0.6003059681793275,0.39143134137879076,0.5962847939999438,0.904120505563448,0.926804619341046,0.09891342616212245,-0.4869233791279296,0.05681628176788342,-0.3773898402588145,0.4008291012900717,0.4598855144447783,-0.2752147871057671,0.8722808974866232,0.07551403043883209,0.038745488998119304,69.0,64.0,58.0,61.0,67.0,70.0,81.0,97.0,78.0,94.0,58.0,36.0,31.0,16.0,58.0,83.0,42.0,78.0,78.0,61.0,66.0,8.0,38.0,53.0,91.0,88.0,62.0,47.0,56.0,72.0,True,False,False,Shakhtar
2013,52723,Dynamo Kyiv,False,,Group stage,6,6,0.8333333333333334,-0.6666666666666666,9.666666666666666,0.603448275862069,0.10344827586206896,25.666666666666668,10.2,5.833333333333333,0.7428571428571429,47.5,0.650409530900968,447.6666666666667,0.14556962025316456,109.29833333333333,14.0,62.026,False,4.1435473396676645,0.20028728194233475,-0.8129727859405649,-0.5962847939999438,-0.8777442185291826,0.7358047256594744,-0.3402734261713668,-1.0111343864556586,-0.7731954866672843,-0.6189193380244558,-0.42945975138221926,-0.842050913294263,-0.8986403980406927,-0.026335658911488563,-0.7773282035170935,0.18461085934398144,53.0,46.0,30.0,27.0,33.0,31.0,25.0,46.0,72.0,93.0,34.0,24.0,20.0,7.0,31.0,56.0,34.0,70.0,31.0,32.0,16.0,1.0,16.0,33.0,53.0,68.0,12.0,19.0,62.0,77.0,True,False,False,Dynamo Kyiv
2013,52747,Paris,True,1.0,Quarter-finals,6,6,2.5,1.8333333333333333,12.666666666666666,0.5657894736842105,0.18421052631578946,35.833333333333336,12.333333333333334,7.0,0.9761904761904762,52.0,0.751892346509672,594.5,0.12054948135688254,109.79833333333335,13.666666666666666,45.835,False,3.846630786661094,-0.19640042947125552,1.5958354686981462,1.6397831834998455,-0.033703033432673446,0.08984243667188767,1.3055215152046558,0.5115737776867925,-0.14080556785953724,-0.055350509904625984,0.3435678011057754,0.7803805395175577,0.8394544223190219,-1.0647279695091707,-0.6645681020685325,0.038745488998119304,34.0,31.0,100.0,93.0,100.0,93.0,50.0,80.0,53.0,81.0,91.0,73.0,69.0,36.0,47.0,77.0,58.0,86.0,69.0,59.0,88.0,11.0,88.0,82.0,9.0,36.0,19.0,22.0,56.0,72.0,True,False,False,Paris Saint-Germain
2013,52758,B. Dortmund,True,3.0,Runner-up,6,6,2.3333333333333335,1.0,14.333333333333334,0.6395348837209303,0.12790697674418605,28.166666666666668,12.0,7.333333333333333,0.8636363636363636,42.166666666666664,0.655381667198978,521.8333333333334,0.15138933248163525,122.855,10.833333333333334,31.037,False,3.4668914848575176,-0.7037413407168528,1.3549546432342754,0.8944271909999159,0.43520873606538757,1.3547991297887962,0.15815258298850018,-0.6366979526501378,-0.23961649267324783,0.10566915527246806,-1.345640554330954,-0.7625601121258846,-0.02071509150258457,0.2151955513262482,2.279974013758139,-1.2011101589417061,22.0,19.0,97.0,89.0,78.0,78.0,64.0,91.0,91.0,97.0,62.0,38.0,28.0,12.0,44.0,74.0,62.0,88.0,9.0,10.0,19.0,1.0,59.0,61.0,66.0,74.0,100.0,91.0,14.0,31.0,True,True,False,Borussia Dortmund
2013,52826,Zenit,False,,Group stage,6,6,1.1666666666666667,-0.5,12.333333333333334,0.5,0.08108108108108109,41.333333333333336,12.833333333333334,5.5,0.7575757575757576,50.666666666666664,0.6975845410628019,517.5,0.14041867954911433,114.305,16.333333333333332,79.066,False,4.382851294548438,0.5200031658586289,-0.33121113501282257,-0.4472135954999579,-0.12748538733228523,-1.0386458995112455,-0.7960781594039609,1.335333932058938,0.007410819361028387,-0.7799390032015499,0.1145226003685914,-0.08785208845684844,-0.07200960379469919,-0.2401113394383933,0.3517762789878007,1.205668451765014,66.0,59.0,38.0,39.0,38.0,35.0,47.0,78.0,19.0,51.0,28.0,15.0,91.0,59.0,52.0,82.0,27.0,63.0,53.0,51.0,38.0,3.0,50.0,59.0,41.0,61.0,75.0,56.0,88.0,95.0,True,False,False,Zenit
2013,52914,Chelsea,False,,Group stage,6,6,1.6666666666666667,1.0,14.833333333333334,0.6404494382022472,0.1797752808988764,37.833333333333336,15.0,8.5,0.8979591836734694,50.333333333333336,0.7406088082901554,514.6666666666666,0.1327720207253886,114.04333333333335,11.0,135.882,False,4.919119240815592,1.2364701400137406,0.39143134137879076,0.8944271909999159,0.5758822669148057,1.370486503576343,1.2151388868119568,0.811122924731209,0.649681830650146,0.6692379833922978,0.05726130018429631,0.5999877587640661,-0.10554832337031275,-0.5574649623433655,0.2927651592297245,-1.1281774737687755,94.0,92.0,58.0,61.0,78.0,78.0,70.0,93.0,94.0,97.0,88.0,71.0,75.0,43.0,78.0,92.0,80.0,95.0,50.0,48.0,78.0,10.0,47.0,58.0,25.0,52.0,72.0,55.0,19.0,34.0,True,False,False,Chelsea
2013,52919,Man City,False,,Group stage,6,6,0.5,-0.6666666666666666,10.666666666666666,0.640625,0.109375,32.5,18.333333333333332,10.333333333333334,0.8225806451612904,52.5,0.7451435198608293,574.8333333333334,0.13337199188170484,113.90166666666666,12.333333333333334,63.882,False,4.172570235472609,0.2390625741881789,-1.2947344368683071,-0.5962847939999438,-0.5963971568303462,1.3734979190802024,-0.21949704177965723,0.012325199279431156,1.6377910787872498,1.5548461418663162,0.42945975138221926,0.6724853401285701,0.6066562511471195,-0.5325648034001327,0.2608164638192936,-0.5447159923853276,59.0,48.0,17.0,15.0,33.0,31.0,38.0,61.0,97.0,97.0,44.0,27.0,52.0,27.0,91.0,99.0,91.0,99.0,81.0,62.0,84.0,10.0,81.0,78.0,28.0,53.0,69.0,53.0,33.0,57.0,True,False,False,Manchester City
2013,57388,Schalke,True,0.0,Round of 16,6,6,2.0,0.6666666666666666,15.5,0.5161290322580645,0.10752688172043011,43.0,9.166666666666666,5.0,0.9,51.5,0.7180834621329212,539.1666666666666,0.1465224111282844,114.57333333333334,12.0,78.037,False,4.369916097253698,0.5027214287524465,0.8731929923065329,0.5962847939999438,0.7634469747140299,-0.7619842428986066,-0.257158494977072,1.584958221262618,-1.0795093535897866,-1.021468500967191,0.25767585082933153,0.23986934983182298,0.18446295766587123,0.013207315747181505,0.41229086676519283,-0.6905813627311899,62.0,58.0,77.0,77.0,67.0,70.0,78.0,95.0,31.0,59.0,41.0,26.0,100.0,65.0,19.0,42.0,20.0,55.0,61.0,57.0,56.0,5.0,72.0,69.0,59.0,69.0,78.0,58.0,23.0,52.0,True,False,False,Schalke
2013,66168,BATE,False,,Group stage,6,6,1.0,-1.0,8.833333333333334,0.6226415094339622,0.16981132075471697,24.666666666666668,15.333333333333334,9.166666666666666,0.7272727272727273,46.166666666666664,0.7039235080778108,505.5,0.12265084075173097,101.455,16.5,29.641,False,3.422338981415531,-0.7632645651689322,-0.5720919604766938,-0.8944271909999159,-1.1122001032782127,1.0650266969961801,1.0120906172404338,-1.1609089599778668,0.7484927554638565,0.9912773137464859,-0.6585049521194033,0.013490581253283585,-0.21405594552670767,-0.9775168054761422,-2.5461583282401374,1.2786011369379455,19.0,17.0,34.0,33.0,22.0,23.0,14.0,31.0,84.0,95.0,81.0,66.0,16.0,6.0,81.0,94.0,84.0,97.0,25.0,26.0,47.0,5.0,44.0,55.0,12.0,39.0,3.0,2.0,94.0,96.0,True,False,False,BATE
2013,74069,Málaga,True,1.0,Quarter-finals,6,6,2.0,1.1666666666666667,11.166666666666666,0.5671641791044776,0.1791044776119403,32.5,13.833333333333334,8.0,0.8958333333333334,47.5,0.6705963938973648,480.6666666666667,0.12829403606102635,109.98833333333333,13.5,8.005,True,2.1977799786279193,-2.3993050734796157,0.8731929923065329,1.043498389499902,-0.455723625980928,0.11342278996526639,1.2014690763485834,0.012325199279431156,0.30384359380215964,0.4277084856266566,-0.42945975138221926,-0.519318426394794,-0.5080129582776695,-0.7433114463186834,-0.6217192635180843,-0.03418719617481138,5.0,2.0,77.0,77.0,89.0,81.0,41.0,66.0,56.0,82.0,84.0,70.0,52.0,27.0,66.0,87.0,72.0,92.0,31.0,32.0,22.0,2.0,22.0,45.0,22.0,47.0,22.0,24.0,48.0,70.0,True,False,False,Málaga
2013,75797,Lille,False,,Group stage,6,6,0.5,-1.5,13.0,0.5128205128205128,0.05128205128205128,25.666666666666668,9.0,5.833333333333333,0.6285714285714286,45.833333333333336,0.6826247070639437,497.8333333333333,0.1362571141613659,108.78666666666668,16.333333333333332,38.835,False,3.6847459228323296,-0.41268253127550236,-1.2947344368683071,-1.3416407864998738,0.060079320466938854,-0.8187353519473536,-1.4033308328452485,-1.0111343864556586,-1.1289148159966416,-0.6189193380244558,-0.7157662523036984,-0.3270187401013598,-0.3048077749666022,-0.4128257083154411,-0.8927193739994487,1.205668451765014,31.0,25.0,17.0,15.0,9.0,13.0,53.0,84.0,28.0,57.0,12.0,5.0,20.0,7.0,12.0,38.0,34.0,70.0,19.0,23.0,28.0,2.0,31.0,52.0,31.0,57.0,9.0,17.0,88.0,95.0,True,False,False,Lille
2013,79940,Nordsjælland,False,,Group stage,6,6,0.16666666666666666,-3.0,6.2,0.5483870967741935,0.12903225806451613,18.5,20.666666666666668,12.5,0.7466666666666667,48.333333333333336,0.7377256889452012,526.1666666666666,0.14000633512828634,119.41833333333334,12.0,8.005,False,2.1977799786279193,-2.3993050734796157,-1.7764960877960494,-2.6832815729997477,-1.8530806990851487,-0.20866092967332872,0.1810838695019365,-2.0845188300314845,2.3294675524832233,2.601473965517428,-0.2863065009214791,0.5538946002385872,0.030579420789528706,-0.25722456481578193,1.5049362498017178,-0.6905813627311899,5.0,2.0,5.0,5.0,3.0,1.0,3.0,7.0,41.0,72.0,66.0,39.0,6.0,0.0,100.0,100.0,100.0,100.0,38.0,37.0,75.0,10.0,62.0,63.0,38.0,60.0,91.0,85.0,23.0,52.0,True,False,False,Nordsjælland
2013,88131,CFR Cluj,False,,Group stage,6,6,1.6666666666666667,0.3333333333333333,9.833333333333334,0.4406779661016949,0.15254237288135594,18.333333333333332,20.333333333333332,10.666666666666666,0.953125,36.5,0.5186873290793071,365.6666666666667,0.21513217866909753,110.67,16.833333333333332,18.764,False,2.9838621009835036,-1.349080305130396,0.39143134137879076,0.2981423969999719,-0.8308530415793762,-2.0561980941712914,0.6601793357544122,-2.109481258951853,2.230656627669512,1.7158658070434099,-2.319082657463984,-2.947927085405116,-1.8692903998760841,2.860667729200826,-0.46798965854321584,1.4244665072838067,12.0,10.0,58.0,61.0,58.0,59.0,30.0,50.0,3.0,27.0,75.0,53.0,3.0,0.0,97.0,100.0,95.0,99.0,3.0,2.0,3.0,0.0,6.0,8.0,100.0,100.0,38.0,29.0,97.0,97.0,True,False,False,CFR Cluj
2014,2610,Olympiacos,True,0.0,Round of 16,6,6,1.6666666666666667,0.3333333333333333,11.833333333333334,0.5774647887323944,0.14084507042253522,29.166666666666668,11.0,6.833333333333333,0.8048780487804879,47.166666666666664,0.7023586671658555,445.1666666666667,0.16922500935979035,107.63833333333334,15.333333333333334,57.8,False,4.074141854904581,-0.22726609710884454,0.33603243272729666,0.2577963970788436,-0.2890887623986559,-0.1676397859449641,0.4862293140652877,-0.8525605474266079,-0.5495164075338359,-0.29658578313598216,-0.48650923597732143,-0.8910905740252654,-1.3877013375493334,1.054621937871056,-1.4599872999781016,0.7107820068209431,34.0,41.0,61.0,61.0,66.0,59.0,41.0,74.0,53.0,85.0,69.0,47.0,19.0,16.0,31.0,64.0,52.0,84.0,34.0,30.0,22.0,4.0,6.0,32.0,88.0,90.0,9.0,11.0,78.0,89.0,True,False,False,Olympiacos
2014,2614166,Steaua București,False,,Group stage,6,6,0.5,-1.3333333333333333,9.833333333333334,0.576271186440678,0.03389830508474576,26.0,14.666666666666666,8.333333333333334,0.84,45.166666666666664,0.6928616155291171,532.3333333333334,0.15810895428929242,117.58166666666666,15.0,16.575,True,2.8664774376967284,-2.2940982532779106,-1.169392865890992,-1.0311855883153744,-0.9777369308917317,-0.1913845314006827,-1.4815764448632558,-1.2921812859859991,0.6624496040696118,0.47571716029225375,-0.8299275201966069,-1.0903238604920253,-0.4228652449389041,0.5572535615426761,0.9940243341281229,0.5555258688122727,6.0,8.0,17.0,15.0,25.0,16.0,16.0,50.0,50.0,85.0,6.0,2.0,9.0,8.0,72.0,91.0,64.0,94.0,25.0,21.0,12.0,3.0,34.0,66.0,78.0,82.0,78.0,75.0,69.0,86.0,True,False,False,Steaua București
2014,50037,Bayern München,True,2.0,Semi-finals,6,6,2.5,2.0,19.166666666666668,0.6782608695652174,0.14782608695652175,50.0,10.0,6.0,0.8333333333333334,63.333333333333336,0.8341763800307895,757.8333333333334,0.11700021992522543,118.48333333333335,10.166666666666666,146.922,False,4.99668510780953,1.3516013708663979,1.4113362174546455,1.5467783824730617,2.235954522075956,1.8375317011738848,0.6146790572189501,2.039681153622017,-0.8800525925165944,-0.7256429739294461,2.28945522812857,1.874238830631091,2.0731638818333917,-1.2820846149867802,1.216555392467294,-1.695688132313443,97.0,97.0,92.0,93.0,95.0,95.0,97.0,99.0,94.0,99.0,72.0,51.0,97.0,83.0,19.0,52.0,30.0,73.0,100.0,91.0,94.0,40.0,94.0,99.0,9.0,32.0,91.0,82.0,6.0,20.0,True,False,False,Bayern München
2014,50050,Celtic,False,,Group stage,6,6,0.5,-1.8333333333333333,10.0,0.5666666666666667,0.05,25.166666666666668,15.333333333333334,10.5,0.7936507936507936,41.0,0.6782296650717703,418.0,0.1814194577352472,108.145,15.5,37.538,False,3.6516447675037105,-0.9503399524657989,-1.169392865890992,-1.4178801839336397,-0.920349583517309,-0.38245058316770075,-1.1853074751317147,-1.407870954027944,0.8828070607247845,1.5912658563552602,-1.5453822789867844,-1.3972792913500567,-1.68840551172811,1.6002411301345167,-1.3349421211701424,0.7884100758252778,16.0,24.0,17.0,15.0,8.0,9.0,19.0,53.0,41.0,81.0,12.0,5.0,6.0,6.0,81.0,94.0,94.0,99.0,6.0,9.0,6.0,2.0,3.0,23.0,100.0,94.0,12.0,13.0,81.0,90.0,True,False,False,Celtic
2014,50051,Real Madrid,True,4.0,Winner,6,6,2.6666666666666665,2.5,15.333333333333334,0.5869565217391305,0.21739130434782608,36.166666666666664,12.333333333333334,6.666666666666667,0.925,53.0,0.8096823770491803,650.6666666666666,0.13498975409836064,109.68833333333333,10.5,136.605,False,4.9243872620483655,1.2278687260093066,1.6263969744001152,1.9334729780913271,0.9160455324642269,0.02118255943986164,1.8946694802238673,0.11923266412572964,-0.10880149422349103,-0.3823972212946747,0.5151274263289282,1.3603929656813065,0.8869504830790774,-0.47717447862530393,-0.9540479251958934,-1.5404319943047726,91.0,93.0,98.0,97.0,100.0,98.0,88.0,94.0,59.0,88.0,97.0,87.0,66.0,38.0,52.0,77.0,45.0,82.0,75.0,65.0,91.0,28.0,88.0,91.0,25.0,55.0,22.0,22.0,9.0,25.0,True,True,False,Real Madrid
2014,50058,Milan,True,0.0,Round of 16,6,6,1.5,0.5,8.4,0.5476190476190477,0.16666666666666666,23.2,15.833333333333334,8.666666666666666,0.9038461538461539,42.333333333333336,0.7205678670360111,481.3333333333333,0.1651662049861496,105.58333333333333,12.666666666666666,93.829,False,4.552075269653913,0.5906831080150764,0.12097167578182677,0.3866945956182654,-1.4712681183117695,-0.7613714925543894,0.9613431301161149,-1.6808985706069344,1.0480751532161638,0.6473400366096388,-1.3164367561739272,-0.5090900466166222,-0.9873773756058097,0.8730178590544687,-1.9671606732353906,-0.5312670972484178,69.0,71.0,53.0,53.0,70.0,65.0,9.0,27.0,22.0,72.0,80.0,64.0,3.0,3.0,88.0,95.0,75.0,95.0,12.0,11.0,34.0,6.0,19.0,46.0,81.0,87.0,6.0,6.0,30.0,62.0,True,False,False,Milan
2014,50064,Porto,False,,Group stage,6,6,0.8333333333333334,-0.5,18.166666666666668,0.47706422018348627,0.03669724770642202,56.75,10.333333333333334,5.666666666666667,0.7941176470588235,58.5,0.7523553162853297,619.1666666666666,0.15262449528936742,111.87666666666667,17.666666666666668,104.833,False,4.661862380053377,0.7785759753325727,-0.7392713520000525,-0.3866945956182654,1.891630437829418,-2.1649432096633445,-1.430076285952896,2.976767464761772,-0.769873864189008,-0.8972658502468316,1.459527707931963,0.1577609114047125,0.5382812259024596,0.3118610683845723,-0.41396792593651144,1.7975749728816335,81.0,78.0,30.0,27.0,39.0,35.0,94.0,99.0,3.0,43.0,9.0,3.0,100.0,92.0,27.0,57.0,22.0,66.0,91.0,84.0,62.0,11.0,78.0,87.0,62.0,76.0,38.0,39.0,98.0,99.0,True,False,False,Porto
2014,50067,Galatasaray,True,0.0,Round of 16,6,6,1.1666666666666667,-1.0,10.833333333333334,0.5538461538461539,0.12307692307692308,31.666666666666668,13.666666666666666,7.833333333333333,0.6808510638297872,51.0,0.7360119047619048,560.0,0.1574404761904762,110.805,13.333333333333334,54.4,False,4.014579593753238,-0.3292026904932526,-0.30914983810911273,-0.7733891912365308,-0.6334128466451938,-0.6374935029472028,0.15929784903450842,-0.505491543300773,0.3319134190868533,0.21828284581617483,0.17170914210964272,-0.1850982952668142,-0.11662663810653115,0.527343682137552,-0.678454932428347,-0.22075482123107715,31.0,38.0,41.0,39.0,28.0,23.0,31.0,63.0,28.0,75.0,59.0,35.0,33.0,24.0,66.0,87.0,59.0,91.0,66.0,53.0,53.0,9.0,56.0,75.0,72.0,81.0,28.0,31.0,45.0,68.0,True,False,False,Galatasaray
2014,50074,Anderlecht,False,,Group stage,6,6,0.16666666666666666,-2.1666666666666665,10.333333333333334,0.5806451612903226,0.06451612903225806,33.666666666666664,13.833333333333334,9.5,0.7192982456140351,44.666666666666664,0.6902368987796124,464.3333333333333,0.1575735821966978,110.78333333333335,16.666666666666668,44.88,False,3.82602929226117,-0.651893183503039,-1.5995143797819316,-1.6756765810124834,-0.8055748887684628,-0.10437152869843527,-0.9182126993635518,-0.2278363400001054,0.38700278325064674,1.0763972274031033,-0.9157820912514283,-1.1453863118769656,-1.1755480858281115,0.5332992767953811,-0.6838022591536861,1.3318065588556234,19.0,30.0,8.0,5.0,3.0,5.0,27.0,57.0,56.0,86.0,22.0,9.0,47.0,29.0,69.0,87.0,86.0,98.0,22.0,19.0,9.0,3.0,12.0,39.0,75.0,82.0,25.0,30.0,92.0,97.0,True,False,False,Anderlecht
2014,50080,Barcelona,True,1.0,Quarter-finals,6,6,2.1666666666666665,1.8333333333333333,14.833333333333334,0.6853932584269663,0.1797752808988764,48.0,6.166666666666667,4.0,0.875,63.0,0.8573504983388704,802.6666666666666,0.08056478405315615,108.62333333333335,11.666666666666666,157.605,False,5.0664168345550165,1.4709422846907734,0.9812147035637058,1.4178801839336397,0.7438834903409579,1.9794187930375386,1.2025398273349723,1.7620259503213491,-2.1471079682838354,-1.7553802318337601,2.2322188474253553,2.3603955799139786,2.5694180097725985,-2.912324251762542,-1.2168896003876222,-0.9970355112744279,100.0,98.0,83.0,84.0,89.0,93.0,84.0,93.0,97.0,99.0,88.0,71.0,94.0,79.0,3.0,7.0,3.0,28.0,97.0,90.0,100.0,58.0,100.0,100.0,3.0,2.0,19.0,16.0,17.0,46.0,True,False,False,Barcelona
2014,50109,Leverkusen,True,0.0,Round of 16,6,6,1.6666666666666667,-0.16666666666666666,15.666666666666666,0.5638297872340425,0.09574468085106383,37.6,15.666666666666666,9.666666666666666,0.8620689655172413,48.5,0.7262380805905875,541.8333333333334,0.13472777606890188,117.22333333333336,11.5,53.922,False,4.005913996842674,-0.3440332461442691,0.33603243272729666,-0.1288981985394218,1.0308202272130724,-0.438885612225293,-0.3436116451105293,0.3182188931578756,0.9929857890523703,1.1622086655617958,-0.2575637131644641,-0.39013783653528344,-0.317711024520559,-0.48889622580263037,0.9055877767474997,-1.0746635802787625,28.0,38.0,61.0,61.0,45.0,42.0,91.0,96.0,38.0,79.0,50.0,22.0,78.0,42.0,84.0,95.0,91.0,98.0,41.0,38.0,38.0,7.0,44.0,70.0,22.0,55.0,75.0,73.0,12.0,43.0,True,False,False,Leverkusen
2014,50110,Austria Wien,False,,Group stage,6,6,0.8333333333333334,-0.8333333333333334,9.666666666666666,0.5344827586206896,0.08620689655172414,29.0,16.833333333333332,9.166666666666666,0.8363636363636363,40.0,0.6456190138346931,469.8333333333333,0.17878680383114579,118.41833333333335,16.333333333333332,16.575,False,2.8664774376967284,-2.2940982532779106,-0.7392713520000525,-0.6444909926971091,-1.0351242782661552,-1.0226962576486602,-0.5191055631582503,-0.8756984810349971,1.3786113381989218,0.9047743510857172,-1.7170914210964272,-2.081399739284729,-1.1146693266385432,1.4824476512957294,1.2005134122912733,1.1765504208469524,6.0,8.0,30.0,27.0,31.0,27.0,12.0,46.0,12.0,65.0,41.0,18.0,16.0,15.0,91.0,97.0,78.0,97.0,3.0,6.0,3.0,1.0,16.0,41.0,97.0,93.0,88.0,81.0,88.0,95.0,True,False,False,Austria Wien
2014,50123,Real Sociedad,False,,Group stage,6,6,0.16666666666666666,-1.5,14.0,0.6142857142857143,0.014285714285714285,30.6,15.0,8.333333333333334,0.82,49.666666666666664,0.7110694183864915,533.0,0.17166979362101314,114.74333333333334,12.666666666666666,16.575,True,2.8664774376967284,-2.2940982532779106,-1.5995143797819316,-1.1600837868547962,0.4569467534688428,0.5648516902990253,-1.8424454155137036,-0.6535743183944625,0.7726283323971982,0.47571716029225375,-0.05723638070321464,-0.7083526402260898,-0.415486001400775,1.1640095192356645,0.2935245331085304,-0.5312670972484178,6.0,8.0,8.0,5.0,17.0,13.0,75.0,90.0,75.0,94.0,3.0,0.0,22.0,20.0,75.0,92.0,64.0,94.0,45.0,44.0,25.0,5.0,38.0,67.0,91.0,90.0,59.0,59.0,30.0,62.0,True,False,False,Real Sociedad
2014,50124,Atleti,True,3.0,Runner-up,6,6,2.6666666666666665,2.0,13.833333333333334,0.6144578313253012,0.18072289156626506,36.4,11.333333333333334,5.666666666666667,0.9705882352941176,45.666666666666664,0.7014421601718318,543.1666666666666,0.1356244246701442,113.25333333333333,14.333333333333334,99.605,False,4.6112019582198105,0.691874249754875,1.6263969744001152,1.5467783824730617,0.39955940609442,0.5682756744199882,1.2199757331580223,0.15162577117747436,-0.43933767920624955,-0.8972658502468316,-0.7440729491417856,-0.9103174570067945,-0.3029525374443009,-0.4487772576877094,-0.07420701246488215,0.24501359279493296,75.0,75.0,98.0,97.0,95.0,95.0,70.0,89.0,78.0,94.0,91.0,72.0,69.0,38.0,39.0,68.0,22.0,66.0,28.0,23.0,19.0,4.0,50.0,70.0,28.0,56.0,47.0,48.0,58.0,80.0,True,True,False,Atleti
2014,50136,Napoli,False,,Group stage,6,6,2.0,0.16666666666666666,12.333333333333334,0.5945945945945946,0.13513513513513514,35.8,11.8,6.833333333333333,0.8048780487804879,50.0,0.7369343065693431,570.8333333333334,0.15036496350364964,114.77833333333332,13.833333333333334,46.829,False,3.867632150093338,-0.5806928375038939,0.7661539466182362,0.1288981985394218,-0.11692672027538693,0.17312939883846049,0.381167290859945,0.06832921018727377,-0.2850874595476289,-0.29658578313598216,0.0,-0.1657477483214966,0.003286069388073283,0.21076228393293353,0.30216252243407593,0.012129385781927899,22.0,32.0,73.0,77.0,61.0,54.0,52.0,78.0,70.0,91.0,66.0,42.0,62.0,36.0,45.0,72.0,52.0,84.0,53.0,47.0,56.0,9.0,59.0,77.0,53.0,73.0,62.0,60.0,50.0,75.0,True,False,False,Napoli
2014,50139,Juventus,False,,Group stage,6,6,1.0,0.0,19.666666666666668,0.559322033898305,0.07627118644067797,40.333333333333336,10.166666666666666,5.166666666666667,0.7096774193548387,52.333333333333336,0.768058690744921,590.6666666666666,0.15378103837471782,115.66333333333331,12.166666666666666,70.829,False,4.274288294230091,0.11527036488042067,-0.5242105950545827,0.0,2.408116564199225,-0.5285599168718912,-0.7019212613592011,0.6976810043354553,-0.8249632283528016,-1.15470016472291,0.40065466492250007,0.48719314172972483,0.22281856464742442,0.36360855909656087,0.5205802525229785,-0.7641513042614229,53.0,53.0,36.0,33.0,53.0,48.0,100.0,100.0,31.0,77.0,25.0,13.0,84.0,53.0,22.0,55.0,11.0,58.0,72.0,61.0,75.0,14.0,66.0,81.0,66.0,77.0,69.0,66.0,23.0,55.0,True,False,False,Juventus
2014,50143,Ajax,False,,Group stage,6,6,1.3333333333333333,-0.5,13.0,0.6410256410256411,0.0641025641025641,31.4,9.0,6.0,0.7777777777777778,53.666666666666664,0.779721235310194,609.8333333333334,0.1404755397649631,119.35000000000001,14.5,64.945,False,4.188821061277848,-0.031000753857100948,-0.09408908116364313,-0.3866945956182654,0.11262266922230484,1.0967983515534172,-0.9258222371347246,-0.5425122370741957,-1.210588777499353,-0.7256429739294461,0.6296001877353562,0.7318550822119592,0.43497181636864773,-0.23172262609491268,1.4304484614809092,0.3226416617992677,44.0,49.0,47.0,46.0,39.0,35.0,58.0,84.0,86.0,98.0,19.0,9.0,28.0,23.0,11.0,38.0,30.0,73.0,80.0,68.0,81.0,18.0,72.0,84.0,34.0,61.0,100.0,85.0,62.0,82.0,True,False,False,Ajax
2014,50147,Benfica,False,,Group stage,6,6,1.6666666666666667,0.0,11.333333333333334,0.6176470588235294,0.11764705882352941,39.666666666666664,8.5,5.166666666666667,0.7419354838709677,48.333333333333336,0.7411023622047244,529.1666666666666,0.1300787401574803,115.63499999999999,17.666666666666668,102.833,False,4.642783839281372,0.7459244034236056,0.33603243272729666,0.0,-0.46125080452192485,0.6317200860731468,0.05938909429769911,0.6051292699018986,-1.3758568699907323,-1.15470016472291,-0.2861819035160708,-0.07830846145893756,-0.45791665174501994,-0.6969091789673633,0.5135875944975362,1.7975749728816335,78.0,77.0,61.0,61.0,53.0,48.0,36.0,68.0,81.0,95.0,55.0,31.0,81.0,51.0,6.0,30.0,11.0,58.0,38.0,37.0,59.0,10.0,28.0,64.0,19.0,50.0,66.0,66.0,98.0,99.0,True,False,False,Benfica
2014,52280,Arsenal,True,0.0,Round of 16,6,6,2.0,0.5,7.8,0.6410256410256411,0.15384615384615385,35.666666666666664,11.333333333333334,5.333333333333333,0.84375,53.666666666666664,0.7909047160731473,692.6666666666666,0.11790182868142444,111.48166666666667,12.166666666666666,113.592,False,4.741377993816022,0.9146613191585707,0.7661539466182362,0.3866945956182654,-1.6778625688596926,1.0967983515534172,0.7254474592097603,0.049818863300562635,-0.43933767920624955,-1.0688887265642175,0.6296001877353562,0.9664670135530187,1.3518428259812345,-1.2417437134430036,-0.5114538054677166,-0.7641513042614229,84.0,83.0,73.0,77.0,70.0,65.0,3.0,20.0,86.0,98.0,75.0,54.0,59.0,36.0,39.0,68.0,16.0,61.0,80.0,68.0,84.0,21.0,91.0,94.0,12.0,34.0,31.0,36.0,23.0,55.0,True,False,False,Arsenal
2014,52682,Man Utd,True,1.0,Quarter-finals,6,6,2.3333333333333335,1.5,12.0,0.5694444444444444,0.16666666666666666,36.833333333333336,11.8,6.6,0.8181818181818182,51.333333333333336,0.7624123422159887,594.1666666666666,0.14221598877980365,112.99666666666667,14.0,130.592,False,4.879706226769857,1.1514002972233883,1.196275460509176,1.1600837868547962,-0.2317014150242331,-0.327191283882142,0.9613431301161149,0.2117843985592863,-0.2850874595476289,-0.4167217965581521,0.22894552281285738,0.3687415825527488,0.2615595932226042,-0.15384928927680014,-0.1375522675189133,0.08975745478626264,88.0,90.0,88.0,89.0,83.0,88.0,44.0,75.0,47.0,82.0,80.0,64.0,72.0,39.0,45.0,72.0,41.0,81.0,69.0,55.0,72.0,13.0,69.0,82.0,38.0,64.0,44.0,46.0,53.0,77.0,True,False,False,Man Utd
2014,52707,Shakhtar,False,,Group stage,6,6,1.3333333333333333,0.16666666666666666,12.333333333333334,0.5945945945945946,0.0945945945945946,34.833333333333336,11.166666666666666,6.666666666666667,0.825,50.5,0.7350931677018634,536.6666666666666,0.1565217391304348,113.875,14.833333333333334,94.951,False,4.563837644494241,0.610813579863465,-0.09408908116364313,0.1288981985394218,-0.11692672027538693,0.17312939883846049,-0.3647730738979883,-0.06587080474138171,-0.49442704337004306,-0.3823972212946747,0.08585457105482136,-0.2043719615447543,-0.3749001619410633,0.48623640469717244,0.07922013126988599,0.477897799807938,72.0,72.0,47.0,46.0,61.0,54.0,52.0,78.0,70.0,91.0,47.0,21.0,55.0,32.0,34.0,66.0,45.0,82.0,58.0,49.0,47.0,9.0,41.0,68.0,69.0,80.0,50.0,53.0,66.0,85.0,True,False,False,Shakhtar
2014,52709,Copenhagen,False,,Group stage,6,6,0.6666666666666666,-1.5,8.0,0.5625,0.08333333333333333,27.0,17.666666666666668,10.833333333333334,0.8153846153846154,43.666666666666664,0.7350078492935636,530.8333333333334,0.14536891679748823,118.19,15.666666666666666,47.14,False,3.874113432354926,-0.569600581740965,-0.9543321089455223,-1.1600837868547962,-1.6089977520103849,-0.4653395320960389,-0.5719787307751921,-1.153353684335665,1.654058159017888,1.7628887326726461,-1.087491233361071,-0.20616180828160194,-0.4394685428996954,-0.012777058265822334,1.144160815262681,0.8660381448296125,25.0,32.0,25.0,21.0,17.0,13.0,6.0,22.0,34.0,78.0,38.0,17.0,12.0,9.0,97.0,99.0,97.0,100.0,16.0,14.0,44.0,8.0,31.0,65.0,50.0,68.0,84.0,80.0,84.0,91.0,True,False,False,Copenhagen
2014,52747,Paris,True,1.0,Quarter-finals,6,6,2.1666666666666665,1.8333333333333333,12.166666666666666,0.7123287671232876,0.2191780821917808,37.5,12.333333333333334,7.0,0.8809523809523809,59.833333333333336,0.844801055176962,758.1666666666666,0.09562541217850076,105.55666666666667,13.0,71.8,False,4.28771595520264,0.13825085605392493,0.9812147035637058,1.4178801839336397,-0.17431406764981033,2.515256234162705,1.9275459465681715,0.30433613299284196,-0.10880149422349103,-0.21077434497728917,1.6884732307448205,2.0971278943090286,2.0768535036024556,-2.2384628765100487,-1.973741998435807,-0.3760109592397475,56.0,53.0,83.0,84.0,89.0,93.0,47.0,76.0,100.0,100.0,100.0,89.0,75.0,42.0,52.0,77.0,56.0,86.0,94.0,86.0,97.0,47.0,97.0,99.0,6.0,12.0,3.0,5.0,38.0,65.0,True,False,False,Paris Saint-Germain
2014,52748,Marseille,False,,Group stage,6,6,0.0,-1.5,10.166666666666666,0.5245901639344263,0.08196721311475409,31.666666666666668,13.333333333333334,8.5,0.5882352941176471,46.666666666666664,0.7192101740294511,498.0,0.15194109772423026,108.29333333333334,11.666666666666666,78.8,False,4.379523504455763,0.29537297729199075,-1.8145751367274014,-1.1600837868547962,-0.8629622361428863,-1.2194930838210847,-0.5971151547242299,-0.505491543300773,0.2217346907592675,0.5615285984509463,-0.5723638070321428,-0.5375723219644243,-0.8028962871525726,0.28128364364140634,-1.2983334997428102,-0.9970355112744279,62.0,58.0,3.0,2.0,17.0,13.0,22.0,55.0,6.0,62.0,34.0,16.0,33.0,24.0,62.0,85.0,70.0,95.0,31.0,28.0,28.0,6.0,22.0,52.0,56.0,75.0,16.0,14.0,17.0,46.0,True,False,False,Marseille
2014,52758,B. Dortmund,True,1.0,Quarter-finals,6,6,2.0,0.8333333333333334,14.666666666666666,0.5909090909090909,0.125,42.4,9.166666666666666,6.166666666666667,0.7837837837837838,49.666666666666664,0.7205159705159705,542.6666666666666,0.14527027027027026,119.27833333333335,16.666666666666668,61.922,False,4.141895864080323,-0.11130990689702731,0.7661539466182362,0.6444909926971091,0.6864961429665345,0.0998123924153601,0.19468219967046155,0.9845913810794784,-1.15549941333556,-0.6398315357707531,-0.05723638070321464,-0.5101787544218817,-0.308486970097898,-0.017190824009305477,1.4127611500047852,1.3318065588556234,41.0,45.0,73.0,77.0,75.0,73.0,80.0,92.0,66.0,89.0,62.0,36.0,88.0,63.0,16.0,42.0,34.0,75.0,45.0,44.0,31.0,6.0,47.0,70.0,47.0,67.0,97.0,85.0,92.0,97.0,True,False,False,Borussia Dortmund
2014,52826,Zenit,True,0.0,Round of 16,6,6,1.0,-0.6666666666666666,13.833333333333334,0.5421686746987951,0.060240963855421686,46.2,17.0,9.333333333333334,0.8392857142857143,55.833333333333336,0.7584269662921348,623.0,0.11824505082932049,112.09833333333334,13.333333333333334,70.766,False,4.2734108262953825,0.11376864062853256,-0.5242105950545827,-0.5155927941576872,0.39955940609442,-0.8697976563849198,-0.9968751500583254,1.5121362673507484,1.4337007023627153,0.9905857892444108,1.0016366623062496,0.2851346302599619,0.5807118762467045,-1.2263868407632292,-0.35926066020802583,-0.22075482123107715,50.0,52.0,36.0,33.0,34.0,31.0,70.0,89.0,19.0,69.0,16.0,7.0,91.0,73.0,94.0,98.0,81.0,98.0,88.0,76.0,66.0,12.0,81.0,87.0,16.0,34.0,41.0,40.0,45.0,68.0,True,False,False,Zenit
2014,52914,Chelsea,True,2.0,Semi-finals,6,6,2.0,1.5,13.6,0.5882352941176471,0.17647058823529413,33.166666666666664,10.333333333333334,6.333333333333333,0.8947368421052632,54.166666666666664,0.7924285346381663,647.1666666666666,0.15220190574298223,114.06833333333334,13.166666666666666,137.592,False,4.931534365032216,1.24010048680311,0.7661539466182362,1.1600837868547962,0.3192171197702275,0.04662162304958121,1.1417339372797985,-0.2972501408252724,-0.769873864189008,-0.5540200976120606,0.7154547587901776,0.9984343432359886,0.8482094545038976,0.29295304074293405,0.12693473897292576,-0.2983828902354127,94.0,93.0,73.0,77.0,83.0,88.0,66.0,88.0,62.0,89.0,84.0,68.0,44.0,27.0,27.0,57.0,38.0,78.0,84.0,71.0,88.0,21.0,84.0,91.0,59.0,76.0,53.0,55.0,41.0,67.0,True,False,False,Chelsea
2014,52919,Man City,True,0.0,Round of 16,6,6,2.5,1.3333333333333333,14.666666666666666,0.5681818181818182,0.20454545454545456,30.833333333333332,12.833333333333334,8.5,0.803921568627451,50.5,0.7614320096269555,554.0,0.13598074608904934,111.60000000000001,14.333333333333334,70.592,False,4.270983335880557,0.10961416263227536,1.4113362174546455,1.0311855883153744,0.6864961429665345,-0.3523091471937582,1.6583076123394367,-0.6211812113427182,0.056466598267888225,0.5615285984509463,0.08585457105482136,0.348175738434558,-0.18303982994969645,-0.43283428111482264,-0.48224917489085584,0.24501359279493296,47.0,52.0,92.0,93.0,78.0,85.0,80.0,92.0,44.0,82.0,94.0,84.0,25.0,22.0,59.0,82.0,70.0,95.0,58.0,49.0,69.0,13.0,53.0,74.0,31.0,56.0,34.0,37.0,58.0,80.0,True,False,False,Manchester City
2014,54266,CSKA Moskva,False,,Group stage,6,6,0.5,-1.5,11.333333333333334,0.6617647058823529,0.11764705882352941,32.166666666666664,15.166666666666666,9.5,0.7017543859649122,42.0,0.7357630979498861,512.1666666666666,0.14253172795314026,114.395,8.333333333333334,77.766,False,4.366481431671753,0.27305239300632267,-1.169392865890992,-1.1600837868547962,-0.46125080452192485,1.509367780608494,0.05938909429769911,-0.4360777424756064,0.827717696560991,1.0763972274031033,-1.3736731368771418,-0.19031787295785643,-0.6460873619673216,-0.13972209406323255,0.20755597267805503,-2.5495968913611278,59.0,57.0,17.0,15.0,17.0,13.0,36.0,68.0,91.0,99.0,55.0,31.0,39.0,25.0,78.0,93.0,86.0,98.0,9.0,10.0,50.0,9.0,25.0,57.0,41.0,64.0,56.0,57.0,3.0,4.0,True,False,False,CSKA Moskva
2014,57388,Schalke,True,0.0,Round of 16,6,6,1.6666666666666667,0.0,13.0,0.5384615384615384,0.07692307692307693,34.0,9.0,4.666666666666667,0.7857142857142857,49.833333333333336,0.7714208242950108,614.6666666666666,0.14343817787418656,116.425,12.833333333333334,84.922,False,4.45343990795705,0.4218756691391532,0.33603243272729666,0.0,0.11262266922230484,-0.9435450066826073,-0.6899265662283695,-0.18156047278332704,-1.210588777499353,-1.4121344791989885,-0.028618190351606714,0.5577254440006013,0.48847133202008564,-0.09916458309422736,0.7085593535599499,-0.4536390282440822,66.0,64.0,61.0,61.0,53.0,48.0,58.0,84.0,16.0,67.0,28.0,14.0,50.0,29.0,11.0,38.0,6.0,45.0,50.0,46.0,78.0,15.0,75.0,86.0,44.0,65.0,72.0,70.0,34.0,64.0,True,False,False,Schalke
2014,59856,Basel,False,,Group stage,6,6,1.3333333333333333,-0.16666666666666666,10.333333333333334,0.532258064516129,0.08064516129032258,32.166666666666664,12.6,5.666666666666667,0.9117647058823529,50.833333333333336,0.7288478198094138,577.1666666666666,0.16863990759457118,119.15166666666666,15.166666666666666,59.785,False,4.107343048007757,-0.1704446055164392,-0.09408908116364313,-0.1288981985394218,-0.8055748887684628,-1.0669528710920442,-0.6214407262878149,-0.4360777424756064,-0.02065851156142241,-0.8972658502468316,0.14309095175803602,-0.3353895903136241,0.07338888300030248,1.0284425861938344,1.3814998553027884,0.6331539378166074,38.0,44.0,47.0,46.0,45.0,42.0,27.0,57.0,9.0,65.0,31.0,15.0,39.0,25.0,56.0,79.0,22.0,66.0,62.0,53.0,41.0,7.0,62.0,78.0,84.0,89.0,94.0,84.0,73.0,88.0,True,False,False,Basel
2014,64388,Viktoria Plzeň,False,,Group stage,6,6,0.5,-1.8333333333333333,13.4,0.5522388059701493,0.08955223880597014,34.833333333333336,20.0,12.0,0.75,44.166666666666664,0.6944444444444444,456.0,0.17543859649122806,118.045,15.166666666666666,28.745,False,3.392661050639869,-1.3935722497093843,-1.169392865890992,-1.4178801839336397,0.25035230292092014,-0.6694690331882148,-0.4575517262310647,-0.06587080474138171,2.4253092573109907,2.3635687997834958,-1.0016366623062496,-1.0571185859734185,-1.2677886300547296,1.332637989711258,1.108374859485404,0.6331539378166074,12.0,16.0,17.0,15.0,8.0,9.0,62.0,87.0,25.0,74.0,44.0,19.0,55.0,32.0,100.0,100.0,100.0,100.0,19.0,16.0,16.0,3.0,9.0,35.0,94.0,93.0,81.0,79.0,73.0,88.0,True,False,False,Viktoria Plzeň
2015,2603104,Ludogorets,False,,Group stage,6,6,0.6666666666666666,-1.5,9.666666666666666,0.46551724137931033,0.08620689655172414,38.0,12.5,7.0,0.9761904761904762,48.5,0.8753955696202531,421.3333333333333,0.11748417721518987,115.37833333333333,11.333333333333334,18.125,False,2.9509963797125995,-1.539308885172378,-0.9811384479664546,-1.0210968500353192,-0.05308333794126263,-0.03580840806994021,-0.8914060409231351,-0.4181768399765984,0.8977105663761751,1.2776863059445676,-0.4806418978104698,0.1838110529628982,-0.28376595887278105,0.19533575257852517,-0.4800816538990657,-0.5734460549993221,12.0,10.0,19.0,21.0,17.0,13.0,52.0,46.0,53.0,38.0,22.0,18.0,34.0,43.0,78.0,78.0,91.0,86.0,25.0,38.0,47.0,71.0,44.0,24.0,59.0,33.0,56.0,65.0,36.0,40.0,True,False,False,Ludogorets
2015,2610,Olympiacos,False,,Group stage,6,6,1.5,-0.5,9.833333333333334,0.559322033898305,0.1694915254237288,32.333333333333336,12.666666666666666,5.5,0.8787878787878788,409.5,0.8800545206724216,366.8333333333333,0.12448886869604725,18609.356666666667,13.833333333333334,67.72,False,4.230040277676,0.13601175398535426,0.14822954969277372,-0.3403656166784398,0.012250001063368193,1.1876574464150547,0.4616040378998041,-0.9650234768690726,0.9531675897816528,0.4507792135579709,2.772702947994148,0.30061361633641565,-0.7862751810160844,0.5410634974559414,2.080672108892343,0.45362150619349445,47.0,51.0,61.0,53.0,38.0,35.0,58.0,50.0,88.0,77.0,69.0,65.0,16.0,26.0,81.0,80.0,67.0,63.0,100.0,96.0,59.0,76.0,22.0,8.0,75.0,41.0,91.0,95.0,56.0,75.0,True,False,False,Olympiacos
2015,50023,Monaco,True,1.0,Quarter-finals,6,6,1.8333333333333333,0.5,6.666666666666667,0.35,0.1,39.166666666666664,8.833333333333334,3.1666666666666665,1.3157894736842106,47.333333333333336,0.8112617309697602,319.6666666666667,0.1402502606882169,113.36999999999999,15.666666666666666,6.265,True,1.9830682970222462,-2.8071229897027625,0.5999767487564649,0.3403656166784398,-1.2290834400246087,-1.5424627765369767,-0.667328582254915,-0.3055907676752068,-0.3223439485443409,-0.8355207079322906,-0.4911559393250738,-1.424060905656296,-1.2211684833602885,1.3189921934553832,-0.48035973615089805,1.2068043844015595,5.0,1.0,72.0,69.0,67.0,65.0,9.0,11.0,6.0,5.0,38.0,23.0,38.0,49.0,39.0,36.0,23.0,15.0,19.0,31.0,12.0,29.0,12.0,2.0,88.0,61.0,38.0,49.0,88.0,91.0,True,False,False,Monaco
2015,50037,Bayern München,True,2.0,Semi-finals,6,6,2.5,2.0,14.333333333333334,0.5465116279069767,0.18604651162790697,70.66666666666667,7.666666666666667,3.1666666666666665,0.8421052631578947,64.16666666666667,0.9104007203962179,740.3333333333334,0.08036920306168392,114.765,9.0,154.328,False,5.045539010104136,1.2041704464424592,1.5034711468838475,1.3614624667137591,1.776250154188388,1.0205754254265584,0.7305499825764815,2.7342331844623726,-0.7105431123826871,-0.8355207079322906,-0.3394533403286442,1.0614101726201166,2.6575265523880223,-1.6365331242081231,-0.4801665786033597,-1.5320424454459511,94.0,97.0,95.0,93.0,92.0,95.0,97.0,91.0,84.0,71.0,78.0,75.0,100.0,99.0,28.0,20.0,23.0,15.0,81.0,92.0,94.0,94.0,100.0,98.0,3.0,2.0,50.0,59.0,9.0,9.0,True,False,False,Bayern München
2015,50051,Real Madrid,True,2.0,Semi-finals,6,6,3.0,2.3333333333333335,13.666666666666666,0.5853658536585366,0.1951219512195122,55.333333333333336,8.333333333333334,3.5,1.2380952380952381,55.5,0.9092432281485618,596.8333333333334,0.09103602345713488,110.35666666666667,8.333333333333334,161.542,False,5.090936429912825,1.2636330141393972,2.1810919454793845,1.588372877832719,1.514916798169866,1.5273386433064897,0.8779860869753106,1.2545305199297945,-0.48871501876077494,-0.6517635762908246,-0.4175576487228456,1.0323911809850206,1.334405939955655,-1.1100551529213278,-0.48077697491547317,-1.805927128430702,100.0,99.0,100.0,99.0,98.0,97.0,94.0,88.0,91.0,88.0,81.0,78.0,94.0,90.0,33.0,27.0,30.0,19.0,72.0,75.0,88.0,94.0,94.0,82.0,12.0,8.0,12.0,27.0,3.0,4.0,True,False,False,Real Madrid
2015,50064,Porto,True,1.0,Quarter-finals,6,6,2.3333333333333335,2.0,12.833333333333334,0.5194805194805194,0.2077922077922078,46.833333333333336,5.666666666666667,2.1666666666666665,0.7692307692307693,60.166666666666664,0.8894688363524716,542.8333333333334,0.144611605772183,116.96499999999999,14.0,105.459,False,4.667759934501171,0.7093468650100048,1.277597547352002,1.3614624667137591,1.1882501031467148,0.6680173387813013,1.0838222067528964,0.4342605645910827,-1.376027393248423,-1.3867921028566883,-0.3755014826644295,0.536635886483582,0.8365068941622902,1.534253351585255,-0.47986195738143544,0.522092676939682,78.0,79.0,89.0,89.0,92.0,95.0,88.0,82.0,75.0,60.0,88.0,85.0,78.0,75.0,12.0,4.0,14.0,3.0,75.0,87.0,72.0,83.0,81.0,70.0,94.0,67.0,66.0,72.0,67.0,77.0,True,False,False,Porto
2015,50067,Galatasaray,False,,Group stage,6,6,0.16666666666666666,-2.5,10.0,0.38333333333333336,0.06666666666666667,48.833333333333336,11.0,6.5,0.5897435897435898,52.333333333333336,0.8876482903000698,477.6666666666667,0.10746685275645498,108.38,10.666666666666666,55.34,False,4.0314047624482265,-0.12416553849123405,-1.6587592465619914,-1.7018280833921988,0.07758334006799832,-1.1077067896161397,-1.2088491073697805,0.6272652599648972,0.398597355726873,1.0020506084823686,-0.44609576140534224,0.4909937573263968,0.23564724322029731,-0.2990853085471954,-0.481050672467899,-0.8473307379840737,31.0,39.0,5.0,5.0,6.0,3.0,64.0,53.0,19.0,10.0,12.0,10.0,81.0,81.0,67.0,64.0,88.0,80.0,55.0,61.0,62.0,82.0,59.0,44.0,44.0,22.0,6.0,15.0,25.0,29.0,True,False,False,Galatasaray
2015,50074,Anderlecht,False,,Group stage,6,6,1.0,-0.3333333333333333,8.166666666666666,0.5102040816326531,0.16326530612244897,35.666666666666664,11.666666666666666,5.833333333333333,0.9714285714285714,44.5,0.8678217821782178,336.6666666666667,0.12772277227722773,111.07833333333333,13.833333333333334,50.26,False,3.936910720935925,-0.247935972230887,-0.5293912489027632,-0.22691041111895985,-0.6410833889829359,0.5470277320315332,0.360455271534523,-0.6433489845793823,0.6204254493487849,0.6345363451994367,-0.516690040146255,-0.0060681232229350245,-1.0644224874623773,0.7006779780262801,-0.48067704992373583,0.45362150619349445,25.0,35.0,38.0,33.0,44.0,38.0,28.0,24.0,72.0,56.0,62.0,62.0,28.0,36.0,75.0,71.0,77.0,70.0,16.0,18.0,34.0,66.0,16.0,4.0,81.0,46.0,19.0,34.0,56.0,75.0,True,False,False,Anderlecht
2015,50080,Barcelona,True,4.0,Winner,6,6,2.5,1.6666666666666667,11.666666666666666,0.4714285714285714,0.21428571428571427,68.0,5.0,2.0,1.0,63.166666666666664,0.9237571701720841,697.3333333333334,0.09608030592734225,112.46499999999999,9.5,157.542,False,5.066019542442345,1.230996311122923,1.5034711468838475,1.1345520555947992,0.7309167301143017,0.0412911758174988,1.1893132181389088,2.4768935906306195,-1.5978554868703352,-1.4786706686774211,-0.3484653759125906,1.3962639957064713,2.261051386293306,-0.86108652843367,-0.48048504624446237,-1.326628933207388,97.0,98.0,95.0,93.0,80.0,90.0,75.0,71.0,56.0,40.0,91.0,86.0,97.0,99.0,6.0,1.0,9.0,2.0,78.0,91.0,100.0,97.0,97.0,94.0,25.0,12.0,22.0,43.0,16.0,13.0,True,True,False,Barcelona
2015,50109,Leverkusen,True,0.0,Round of 16,6,6,1.6666666666666667,0.5,12.0,0.4305555555555556,0.09722222222222222,44.833333333333336,4.333333333333333,1.6666666666666667,0.6,49.833333333333336,0.7718665464382326,369.6666666666667,0.09152389540126239,118.68666666666667,17.5,70.328,False,4.2672889572034585,0.18480091727606449,0.37410314922461946,0.3403656166784398,0.8615834081235626,-0.49180247481162154,-0.7124552926811538,0.24125586921726816,-1.8196835804922473,-1.662427800318887,-0.468625850365208,-2.411720678495809,-0.7601508483664322,-1.08597545326673,-0.4796235681979144,1.9599872626096253,50.0,52.0,67.0,61.0,67.0,65.0,81.0,75.0,38.0,23.0,28.0,22.0,66.0,70.0,3.0,1.0,3.0,1.0,34.0,46.0,6.0,15.0,28.0,9.0,16.0,8.0,72.0,83.0,100.0,98.0,True,False,False,Leverkusen
2015,50118,APOEL,False,,Group stage,6,6,0.16666666666666666,-1.8333333333333333,3.1666666666666665,0.3157894736842105,0.05263157894736842,22.666666666666668,12.833333333333334,6.166666666666667,0.8648648648648649,33.333333333333336,0.8249158249158249,297.0,0.11840628507295174,118.45666666666666,10.833333333333334,37.65,False,3.654546775033431,-0.6177826577728726,-1.6587592465619914,-1.2480072611542792,-2.6010835591218466,-1.9886597104820456,-1.436857749523408,-1.8978795045091763,1.0086246131871313,0.8182934768409029,-0.6173244375003222,-1.0817449732532558,-1.4301631445575034,0.24084785986675858,-0.4796554149620247,-0.7788595672378854,19.0,24.0,5.0,5.0,11.0,9.0,3.0,0.0,3.0,2.0,9.0,6.0,3.0,3.0,86.0,82.0,81.0,75.0,3.0,0.0,19.0,35.0,6.0,1.0,69.0,35.0,69.0,82.0,28.0,31.0,True,False,False,APOEL
2015,50124,Atleti,True,1.0,Quarter-finals,6,6,2.1666666666666665,1.8333333333333333,11.5,0.43478260869565216,0.2028985507246377,40.333333333333336,6.5,3.0,1.0555555555555556,244.0,0.8744333635539437,367.6666666666667,0.11831368993653672,18715.416666666668,14.666666666666666,119.542,False,4.791998239919907,0.8720770086535544,1.051723947820156,1.2480072611542792,0.6655833911096716,-0.43667037502093625,1.0043217344040174,-0.19300469537381454,-1.0987422762210333,-0.9273992737530234,1.2812110588510337,0.15968799741240647,-0.7785915537661865,0.23627767889777995,2.095357621072929,0.7959773599244329,84.0,86.0,80.0,84.0,86.0,93.0,70.0,69.0,41.0,25.0,84.0,82.0,41.0,53.0,19.0,9.0,19.0,11.0,84.0,93.0,44.0,70.0,25.0,9.0,66.0,35.0,94.0,95.0,84.0,84.0,True,False,False,Atleti
2015,50125,Athletic Club,False,,Group stage,6,6,1.1666666666666667,-0.16666666666666666,9.833333333333334,0.3898305084745763,0.0847457627118644,44.0,9.166666666666666,3.6666666666666665,1.1363636363636365,49.333333333333336,0.8126298296634815,401.1666666666667,0.14125467386788534,116.87666666666667,14.0,54.542,False,4.017139491313129,-0.1428505134118475,-0.30351764937091746,-0.11345520555947994,0.012250001063368193,-1.0229662158942818,-0.9151430598498536,0.1608372461448452,-0.2114299017333853,-0.5598850104700918,-0.47313186815718117,-1.3897618901514572,-0.46970973832030277,1.3685666114694977,-0.47987418838504303,0.522092676939682,28.0,39.0,45.0,39.0,52.0,42.0,58.0,50.0,22.0,11.0,19.0,17.0,59.0,67.0,45.0,42.0,36.0,22.0,31.0,42.0,16.0,30.0,41.0,18.0,91.0,62.0,62.0,71.0,67.0,77.0,True,False,False,Athletic Club
2015,50137,Roma,False,,Group stage,6,6,0.8333333333333334,-1.0,7.833333333333333,0.5957446808510638,0.1702127659574468,30.5,12.833333333333334,5.5,0.8484848484848485,48.0,0.8964310706787963,476.3333333333333,0.11756473058082575,106.82833333333333,10.5,39.887,False,3.7108121641134857,-0.5440849780089894,-0.7552648484346088,-0.6807312333568796,-0.7717500669921965,1.6627063610815296,0.47332103447639695,-1.1419444476284029,1.0086246131871313,0.4507792135579709,-0.4851479156024429,0.7111830768309267,0.2233534396204608,0.19931159270220322,-0.48126552273881684,-0.9158019087302612,22.0,26.0,28.0,27.0,25.0,23.0,23.0,21.0,97.0,91.0,73.0,66.0,12.0,20.0,86.0,82.0,67.0,63.0,22.0,35.0,75.0,86.0,56.0,43.0,62.0,33.0,3.0,8.0,20.0,25.0,True,False,False,Roma
2015,50139,Juventus,True,3.0,Runner-up,6,6,1.6666666666666667,0.5,11.833333333333334,0.4788732394366197,0.09859154929577464,54.5,7.0,3.5,0.9523809523809523,372.5,0.9026946107784432,556.6666666666666,0.12994011976047903,17845.615,14.166666666666666,80.387,False,4.399215555094562,0.35760136036699697,0.37410314922461946,0.3403656166784398,0.7962500691189325,0.1383895954316089,-0.6902097312034307,1.1741118968573714,-0.9323712060045992,-0.6517635762908246,2.4392576313881347,0.8682136039258702,0.9640551065105897,0.8101187074415687,1.9749212362857598,0.5905638476858696,69.0,60.0,67.0,61.0,67.0,65.0,78.0,74.0,59.0,43.0,34.0,23.0,91.0,89.0,22.0,13.0,30.0,19.0,97.0,96.0,78.0,90.0,91.0,75.0,84.0,49.0,84.0,94.0,75.0,79.0,True,True,False,Juventus
2015,50143,Ajax,False,,Group stage,6,6,0.8333333333333334,-0.3333333333333333,7.833333333333333,0.425531914893617,0.1702127659574468,40.833333333333336,8.833333333333334,4.0,0.8333333333333334,53.166666666666664,0.9049417689644319,529.5,0.09159584513692162,113.20166666666667,14.333333333333334,61.862,False,4.140941847598883,0.01930861419287051,-0.7552648484346088,-0.22691041111895985,-0.7717500669921965,-0.5573242104291237,0.47332103447639695,-0.1447535215303609,-0.3223439485443409,-0.3761278788286257,-0.4385857317520537,0.9245511428890884,0.7135688581639281,-1.082424259053256,-0.4803830442898483,0.6590350184320578,41.0,45.0,28.0,27.0,44.0,38.0,23.0,21.0,34.0,22.0,73.0,66.0,48.0,56.0,39.0,36.0,44.0,28.0,66.0,65.0,84.0,91.0,75.0,64.0,19.0,8.0,31.0,48.0,78.0,80.0,True,False,False,Ajax
2015,50147,Benfica,False,,Group stage,6,6,0.8333333333333334,-0.6666666666666666,7.0,0.38095238095238093,0.047619047619047616,36.333333333333336,10.333333333333334,4.833333333333333,1.103448275862069,50.666666666666664,0.8004246284501062,392.5,0.09596602972399151,113.10333333333334,14.5,129.459,False,4.871059001153841,0.9756325826675766,-0.7552648484346088,-0.4538208222379197,-1.0984167620153482,-1.1387607886819144,-1.5182894074354178,-0.5790140861214436,0.17676926210496116,0.08326495027503891,-0.4611158207119195,-1.6957532543552636,-0.549619461719238,-0.8667268131179523,-0.4803966599353737,0.7275061891782453,88.0,90.0,28.0,27.0,33.0,31.0,16.0,13.0,12.0,9.0,3.0,4.0,31.0,38.0,61.0,57.0,50.0,50.0,44.0,51.0,9.0,24.0,38.0,16.0,22.0,12.0,28.0,47.0,81.0,82.0,True,False,False,Benfica
2015,50149,Sporting CP,False,,Group stage,6,6,1.1666666666666667,0.0,13.333333333333334,0.5,0.15,46.666666666666664,9.166666666666666,4.5,0.8148148148148148,49.0,0.8769430051813472,386.0,0.11139896373056994,114.71499999999999,16.166666666666668,58.459,False,4.0852869993996,-0.05358936531034527,-0.30351764937091746,-1.6532326318687553e-17,1.3842501201606057,0.41393916460678726,0.14495220541738285,0.4181768399765977,-0.2114299017333853,-0.10049218136642683,-0.4761358800184966,0.2226061461431526,-0.6095517542684393,-0.10500968602996939,-0.4801735018129489,1.4122178966401235,34.0,42.0,45.0,39.0,56.0,48.0,91.0,86.0,66.0,51.0,50.0,52.0,75.0,74.0,45.0,42.0,47.0,40.0,28.0,40.0,53.0,72.0,34.0,15.0,53.0,25.0,47.0,59.0,94.0,94.0,True,False,False,Sporting CP
2015,50152,Malmö,False,,Group stage,6,6,0.5,-1.8333333333333333,8.666666666666666,0.46153846153846156,0.07692307692307693,35.5,15.666666666666666,8.166666666666666,0.8163265306122449,261.6666666666667,0.8427807486631016,311.6666666666667,0.1679144385026738,19138.621666666666,16.0,6.265,False,1.9830682970222462,-2.8071229897027625,-1.2070120474983002,-1.2480072611542792,-0.4450833719690448,-0.08770235876340823,-1.0422274073344373,-0.6594327091938665,1.951394011080257,1.9208362666896979,1.4404236875007521,-0.6338611331379799,-1.2949313049593054,2.684401910045694,2.153956359356776,1.3437467258939353,5.0,1.0,12.0,15.0,11.0,9.0,36.0,29.0,50.0,36.0,16.0,14.0,25.0,35.0,97.0,95.0,98.0,93.0,88.0,93.0,25.0,45.0,9.0,2.0,100.0,89.0,100.0,96.0,91.0,93.0,True,False,False,Malmö
2015,52280,Arsenal,True,0.0,Round of 16,6,6,2.1666666666666665,1.1666666666666667,8.666666666666666,0.4807692307692308,0.28846153846153844,40.833333333333336,13.333333333333334,5.666666666666667,0.8823529411764706,52.666666666666664,0.8892307692307693,487.5,0.09914529914529914,113.36333333333333,13.333333333333334,112.949,False,4.735750979874336,0.7984030747092534,1.051723947820156,0.7941864389163595,-0.4450833719690448,0.1631184029216895,2.3943451558945155,-0.1447535215303609,1.1749956834035653,0.5426577793787041,-0.44309174954402686,0.530667407794189,0.3263140447690889,-0.7098088888395976,-0.48036065924550997,0.24820799395493115,81.0,82.0,80.0,84.0,75.0,81.0,36.0,29.0,62.0,44.0,100.0,99.0,48.0,56.0,91.0,85.0,72.0,66.0,59.0,63.0,69.0,83.0,69.0,48.0,31.0,16.0,34.0,49.0,50.0,68.0,True,False,False,Arsenal
2015,52707,Shakhtar,True,0.0,Round of 16,6,6,1.5,1.8333333333333333,9.666666666666666,0.6206896551724138,0.25862068965517243,43.0,10.333333333333334,5.0,1.0666666666666667,52.333333333333336,0.8769054878048781,437.3333333333333,0.15396341463414634,115.52833333333335,12.166666666666666,78.193,False,4.371887911075914,0.3218069938742637,0.14822954969277372,1.2480072611542792,-0.05308333794126263,1.988055668975333,1.909562192429617,0.06433489845793795,0.17676926210496116,0.17514351609577203,-0.44609576140534224,0.221665564090762,-0.13624031567474706,1.9958268266208012,-0.48006088427029814,-0.23109020126838373,62.0,58.0,61.0,53.0,86.0,93.0,52.0,46.0,100.0,95.0,97.0,96.0,56.0,65.0,61.0,57.0,55.0,55.0,55.0,61.0,50.0,72.0,50.0,28.0,97.0,77.0,59.0,65.0,47.0,55.0,True,False,False,Shakhtar
2015,52747,Paris,True,1.0,Quarter-finals,6,6,2.1666666666666665,0.5,10.0,0.45,0.16666666666666666,46.5,6.0,2.1666666666666665,1.1538461538461537,50.333333333333336,0.9145482388973967,544.1666666666666,0.08759571209800919,109.89333333333332,10.5,80.3,False,4.398146016553765,0.35620045458524463,1.051723947820156,0.3403656166784398,0.07758334006799832,-0.23819481577446716,0.4157124679748155,0.4020931153621134,-1.2651133464374673,-1.3867921028566883,-0.46411983257323486,1.1653908298865818,0.8488006977621256,-1.2798572193102817,-0.4808411299909996,-0.9158019087302612,66.0,60.0,80.0,84.0,67.0,65.0,64.0,53.0,47.0,31.0,66.0,64.0,72.0,74.0,16.0,6.0,14.0,3.0,38.0,48.0,97.0,95.0,84.0,71.0,6.0,5.0,9.0,23.0,20.0,25.0,True,False,False,Paris Saint-Germain
2015,52758,B. Dortmund,True,0.0,Round of 16,6,6,2.1666666666666665,1.6666666666666667,14.5,0.5287356321839081,0.16091954022988506,45.0,5.333333333333333,1.8333333333333333,0.7272727272727273,50.5,0.8700866089273818,500.3333333333333,0.10259826782145237,120.96833333333335,9.333333333333334,82.328,False,4.42278462714605,0.3884726642499406,1.051723947820156,1.1345520555947992,1.841583493193018,0.7887288085040602,0.32234686019639053,0.2573395938317525,-1.4869414400593794,-1.5705492344981544,-0.46261782664257717,0.05071237670872461,0.44464190441751184,-0.5393821003363166,-0.4793076390669945,-1.3951001039535753,72.0,62.0,80.0,84.0,80.0,90.0,100.0,92.0,78.0,64.0,59.0,61.0,69.0,71.0,9.0,2.0,6.0,1.0,41.0,49.0,41.0,67.0,72.0,53.0,34.0,18.0,81.0,88.0,12.0,11.0,True,False,False,Borussia Dortmund
2015,52826,Zenit,False,,Group stage,6,6,1.1666666666666667,-0.3333333333333333,6.166666666666667,0.5405405405405406,0.10810810810810811,41.833333333333336,8.333333333333334,3.8333333333333335,1.1304347826086956,52.166666666666664,0.8362264150943396,441.6666666666667,0.10754716981132076,112.83333333333333,16.666666666666668,73.899,False,4.3161405392992,0.24878782489574788,-0.30351764937091746,-0.22691041111895985,-1.4250834570384998,0.942696445996994,-0.535607373443191,-0.048251173843453635,-0.48871501876077494,-0.4680064446493586,-0.447597767336,-0.7981820185613554,-0.09628545397527918,-0.2951211319193133,-0.48043404526715533,1.617631408878687,56.0,55.0,45.0,39.0,44.0,38.0,6.0,6.0,81.0,68.0,44.0,26.0,53.0,61.0,33.0,27.0,41.0,25.0,50.0,60.0,22.0,41.0,53.0,31.0,47.0,22.0,25.0,45.0,97.0,97.0,True,False,False,Zenit
2015,52914,Chelsea,True,0.0,Round of 16,6,6,2.3333333333333335,2.3333333333333335,12.333333333333334,0.5945945945945946,0.22972972972972974,49.0,7.5,3.6666666666666665,1.2727272727272727,54.833333333333336,0.9031957803288861,537.1666666666666,0.1089047471300031,115.23833333333334,11.166666666666666,140.949,False,4.9554678381601045,1.0861931873419441,1.277597547352002,1.588372877832719,0.9922500861328236,1.6477061545172693,1.4402107587326691,0.6433489845793815,-0.7660001357881652,-0.5598850104700918,-0.42356567244547644,0.8807782107485258,0.7842582288629858,-0.22811573329934046,-0.48010103888591543,-0.6419172257455104,91.0,94.0,89.0,89.0,98.0,97.0,84.0,78.0,94.0,91.0,94.0,91.0,84.0,81.0,25.0,18.0,36.0,22.0,69.0,73.0,81.0,91.0,78.0,69.0,50.0,23.0,53.0,63.0,31.0,37.0,True,False,False,Chelsea
2015,52919,Man City,True,0.0,Round of 16,6,6,1.3333333333333333,0.16666666666666666,9.5,0.42105263157894735,0.15789473684210525,50.833333333333336,10.166666666666666,5.0,0.8666666666666667,51.166666666666664,0.8889568675435913,544.8333333333334,0.08840624044050169,110.46499999999999,14.0,72.949,False,4.303375666414937,0.23206810555438587,-0.07764404983907204,0.1134552055594799,-0.11841667694589277,-0.6157460675741413,0.2732070666287983,0.8202699553387117,0.12131223869948275,0.17514351609577203,-0.4566098029199463,0.5238005360849808,0.8549475995620444,-1.2398522973554804,-0.4807619746280299,0.522092676939682,53.0,54.0,55.0,46.0,59.0,54.0,45.0,43.0,30.0,19.0,55.0,58.0,88.0,85.0,55.0,55.0,55.0,55.0,47.0,55.0,66.0,82.0,88.0,72.0,9.0,6.0,16.0,28.0,67.0,77.0,True,False,False,Manchester City
2015,54266,CSKA Moskva,False,,Group stage,6,6,0.8333333333333334,-1.1666666666666667,9.166666666666666,0.38181818181818183,0.10909090909090909,33.333333333333336,10.166666666666666,6.333333333333333,1.0526315789473684,36.666666666666664,0.8464951197870453,375.6666666666667,0.10603371783496007,113.81,8.666666666666666,66.899,False,4.218021306915698,0.12026903412387921,-0.7552648484346088,-0.7941864389163595,-0.2490833549551537,-1.1274684253852687,-0.5196411663144973,-0.8685211291821654,0.12131223869948275,0.9101720426616355,-0.5872843188871677,-0.5407397279677624,-0.7048287321671695,-0.3698199734310887,-0.4802988119065132,-1.668984786938327,44.0,50.0,28.0,27.0,22.0,19.0,41.0,37.0,16.0,10.0,47.0,27.0,19.0,28.0,55.0,55.0,84.0,78.0,6.0,2.0,28.0,48.0,31.0,12.0,38.0,20.0,41.0,53.0,6.0,6.0,True,False,False,CSKA Moskva
2015,57388,Schalke,True,0.0,Round of 16,6,6,1.3333333333333333,-0.8333333333333334,9.5,0.42105263157894735,0.15789473684210525,44.333333333333336,9.833333333333334,5.166666666666667,1.032258064516129,53.0,0.909247757073844,483.0,0.10731538992408558,119.65000000000002,11.333333333333334,95.328,False,4.567759034589918,0.5783634235327975,-0.07764404983907204,-0.5672760277973996,-0.11841667694589277,-0.6157460675741413,0.2732070666287983,0.19300469537381454,0.010398191888527126,0.26702208191650517,-0.44008773768271137,1.032504723728088,0.2848224576196418,-0.306560998748673,-0.47949018102649604,-0.5734460549993221,75.0,72.0,55.0,46.0,28.0,27.0,45.0,43.0,30.0,19.0,55.0,58.0,62.0,69.0,50.0,50.0,59.0,58.0,62.0,65.0,91.0,94.0,66.0,47.0,41.0,21.0,75.0,86.0,36.0,40.0,True,False,False,Schalke
2015,57490,Maribor,False,,Group stage,6,6,0.5,-1.5,7.5,0.4444444444444444,0.08888888888888889,26.0,16.166666666666668,8.0,1.0833333333333333,43.166666666666664,0.8618732261116367,352.3333333333333,0.1130558183538316,114.615,11.5,16.2,False,2.8449093838194073,-1.6782640328800544,-1.2070120474983002,-1.0210968500353192,-0.9024167450014571,-0.31065414692794036,-0.8478354239598702,-1.5762050122194855,2.1177650812966915,1.8289577008689653,-0.5287060875915168,-0.15520182073717664,-0.9199702951643027,-0.023232977654533162,-0.48018734823212733,-0.5049748842531345,9.0,7.0,12.0,15.0,17.0,13.0,19.0,17.0,44.0,29.0,25.0,18.0,6.0,8.0,100.0,96.0,94.0,92.0,12.0,13.0,31.0,61.0,19.0,6.0,56.0,28.0,44.0,58.0,41.0,43.0,True,False,False,Maribor
2015,59856,Basel,True,0.0,Round of 16,6,6,1.1666666666666667,-0.16666666666666666,11.5,0.42028985507246375,0.10144927536231885,35.333333333333336,11.0,5.833333333333333,0.9428571428571428,367.3333333333333,0.8683484430429641,422.8333333333333,0.11903823413480488,18968.28333333333,12.0,75.645,False,4.339184371618071,0.2789711578920321,-0.30351764937091746,-0.11345520555947994,0.6655833911096716,-0.6256947171604305,-0.6437842115977469,-0.6755164338083508,0.398597355726873,0.6345363451994367,2.392695447537745,0.007135565406128223,-0.26993542982296537,0.27203871597069407,2.1303705997019824,-0.2995613720145713,59.0,56.0,45.0,39.0,52.0,42.0,70.0,69.0,25.0,18.0,41.0,23.0,22.0,34.0,67.0,64.0,77.0,70.0,94.0,95.0,38.0,66.0,47.0,24.0,72.0,35.0,97.0,96.0,44.0,52.0,True,False,False,Basel
2015,66168,BATE,False,,Group stage,6,6,0.5,-3.6666666666666665,6.833333333333333,0.36585365853658536,0.04878048780487805,27.166666666666668,14.0,8.166666666666666,0.673469387755102,38.166666666666664,0.7707317073170732,273.3333333333333,0.12682926829268293,120.37333333333333,14.0,33.725,False,3.5474598886404074,-0.7580474846822813,-1.2070120474983002,-2.4960145223085584,-1.1637501010199787,-1.335688587635603,-1.4994210964558057,-1.4636189399180937,1.396823777025477,1.9208362666896979,-0.5737662655112483,-2.4401717433135586,-1.6483781584545956,0.6565776606233146,-0.47939002526110575,0.522092676939682,16.0,21.0,12.0,15.0,3.0,0.0,12.0,12.0,9.0,7.0,6.0,5.0,9.0,9.0,94.0,88.0,98.0,93.0,9.0,3.0,3.0,15.0,3.0,0.0,78.0,45.0,78.0,88.0,67.0,77.0,True,False,False,BATE
2015,7889,Liverpool,False,,Group stage,6,6,0.8333333333333334,-0.6666666666666666,8.5,0.5098039215686274,0.09803921568627451,40.5,11.5,5.333333333333333,0.78125,299.6666666666667,0.8790826963168867,479.6666666666667,0.09902710215427381,18393.526666666665,13.833333333333334,58.949,False,4.093494200767262,-0.04283938725027973,-0.7552648484346088,-0.4538208222379197,-0.5104167109736749,0.5418085725246798,-0.6991827307910836,-0.17692097075933022,0.564968425943307,0.3589006477372378,1.7828810396907118,0.27624942478251263,0.2540879486200516,-0.7156426902668493,2.0507873823796534,0.45362150619349445,38.0,42.0,28.0,27.0,33.0,31.0,31.0,27.0,69.0,56.0,31.0,22.0,44.0,54.0,72.0,69.0,62.0,61.0,91.0,94.0,56.0,74.0,62.0,45.0,28.0,15.0,88.0,95.0,56.0,75.0,True,False,False,Liverpool
2016,2600605,Astana,False,,Group stage,6,6,0.6666666666666666,-1.0,10.666666666666666,0.390625,0.078125,32.833333333333336,14.333333333333334,7.5,0.8,276.5,0.790796963946869,351.3333333333333,0.174573055028463,17897.40166666667,12.833333333333334,3.825,False,1.5738107347909494,-3.1588398433986455,-1.064470250225177,-0.7456437192014401,0.15803656265383997,-1.2786226093977269,-1.190143271116666,-0.7172037861425891,1.366273074208655,1.3923887882895918,-0.894536918024792,-1.2960123864086985,-1.1346396385389437,1.6061303671469063,-0.837628972536052,0.16966476998389068,3.0,0.0,19.0,21.0,22.0,23.0,58.0,61.0,12.0,11.0,12.0,14.0,28.0,27.0,88.0,90.0,89.0,89.0,19.0,94.0,12.0,20.0,12.0,6.0,97.0,92.0,28.0,94.0,66.0,64.0,True,False,False,Astana
2016,2610,Olympiacos,False,,Group stage,6,6,1.5,-1.1666666666666667,9.5,0.42105263157894735,0.10526315789473684,37.333333333333336,10.333333333333334,5.833333333333333,0.6,450.8333333333333,0.7988017973040439,333.8333333333333,0.17324013979031452,43482.908,10.833333333333334,62.38,False,4.149148354262775,0.019848381187531818,0.12654541436243374,-0.8699176724016802,-0.2613969685601428,-0.9016239621974292,-0.6661316609688688,-0.31778128309553666,0.014085289424831893,0.4195407266025407,-0.0905753757181618,-1.0975449388315668,-1.2910235351642698,1.5542246433165188,1.577934971914768,-0.6875888046715557,41.0,47.0,52.0,53.0,16.0,19.0,38.0,43.0,22.0,19.0,28.0,25.0,41.0,41.0,61.0,57.0,72.0,70.0,47.0,97.0,16.0,24.0,9.0,3.0,94.0,91.0,97.0,100.0,22.0,31.0,True,False,False,Olympiacos
2016,4608,Gent,True,0.0,Round of 16,6,6,1.6666666666666667,0.16666666666666666,7.833333333333333,0.6382978723404256,0.1702127659574468,36.666666666666664,10.5,4.5,0.7777777777777778,662.1666666666666,0.844013181984621,455.1666666666667,0.15781764921274258,35432.92833333334,16.666666666666668,13.44,False,2.67000213346468,-1.805832507773477,0.364748547279956,0.12427395320024001,-0.8605877274372614,1.7900466551912437,0.587982521409354,-0.3769549872506559,0.07042644712415766,-0.35873772274709986,0.8840166277663575,0.02340133432718515,-0.20676185189534177,0.9536496676652615,0.817924973166822,1.8127341214068298,9.0,5.0,61.0,61.0,55.0,54.0,22.0,21.0,100.0,96.0,66.0,66.0,38.0,39.0,69.0,59.0,44.0,40.0,78.0,99.0,44.0,46.0,44.0,35.0,81.0,82.0,62.0,98.0,97.0,97.0,True,False,False,Gent
2016,50037,Bayern München,True,2.0,Semi-finals,6,6,2.5,2.6666666666666665,17.333333333333332,0.5865384615384616,0.18269230769230768,71.5,7.166666666666667,3.6666666666666665,0.8636363636363636,878.8333333333334,0.915929203539823,753.3333333333334,0.090929203539823,44227.797999999995,8.666666666666666,154.883,False,5.0491057258588325,1.1306479431916046,1.5557642118675665,1.9883832512038402,2.554799598162314,1.1487470587505544,0.8289504155367345,2.714871054854305,-1.0563967068623616,-0.8451617535906254,1.8832040130422845,1.8064477265634284,2.457721872511405,-1.6510869946338413,1.6482610933969817,-1.6162801772149564,94.0,98.0,95.0,93.0,98.0,99.0,100.0,98.0,88.0,88.0,78.0,72.0,100.0,99.0,12.0,16.0,22.0,22.0,100.0,100.0,100.0,96.0,100.0,99.0,6.0,8.0,100.0,100.0,6.0,6.0,True,False,False,Bayern München
2016,50051,Real Madrid,True,4.0,Winner,6,6,2.6666666666666665,2.6666666666666665,15.666666666666666,0.5531914893617021,0.20212765957446807,53.0,6.5,2.3333333333333335,0.7857142857142857,369.8333333333333,0.9074025634318598,637.1666666666666,0.09913680355741564,17901.703333333335,12.0,171.999,False,5.153285814134252,1.259235363083114,1.7939673447850886,1.9883832512038402,1.9556088392851956,0.7355777535338256,1.2042282834400324,1.0728007645497566,-1.2817613376596655,-1.623440202940266,-0.4641177366751621,1.5950428886201793,1.4196306730080492,-1.3314707072431833,-0.8372228460843933,-0.18752421945587888,100.0,100.0,100.0,97.0,98.0,99.0,97.0,96.0,72.0,74.0,91.0,82.0,88.0,88.0,6.0,9.0,3.0,4.0,31.0,95.0,94.0,93.0,91.0,89.0,12.0,16.0,31.0,94.0,48.0,52.0,True,True,False,Real Madrid
2016,50062,PSV,True,0.0,Round of 16,6,6,1.6666666666666667,0.16666666666666666,7.5,0.5777777777777777,0.17777777777777778,35.833333333333336,9.333333333333334,4.833333333333333,0.7931034482758621,274.5,0.8410570662581387,435.1666666666667,0.1581769436997319,18718.62,12.5,58.195,False,4.0808370788636,-0.06446687327698933,0.364748547279956,0.12427395320024001,-0.980425879212685,1.0402021029015232,0.7340555909277373,-0.4509221174445541,-0.32396165677112393,-0.16416811040968984,-0.9037601861965697,-0.04989097755482445,-0.38548630518142873,0.9676411353007836,-0.760096584836631,0.0267891742079827,38.0,42.0,61.0,61.0,55.0,54.0,19.0,17.0,81.0,86.0,73.0,69.0,34.0,36.0,47.0,44.0,59.0,50.0,16.0,94.0,41.0,44.0,31.0,27.0,84.0,83.0,34.0,95.0,56.0,60.0,True,False,False,PSV
2016,50064,Porto,False,,Group stage,6,6,1.6666666666666667,0.16666666666666666,10.166666666666666,0.47540983606557374,0.14754098360655737,44.0,9.666666666666666,4.166666666666667,0.72,551.5,0.8640188488724335,495.1666666666667,0.13025917199596096,35470.24833333334,14.5,111.276,False,4.720960125636431,0.7256243270683582,0.364748547279956,0.12427395320024001,-0.02172066500929559,-0.22813767707930702,0.15021230794493767,0.27395575845565184,-0.2112793413724724,-0.5533073350845098,0.3736624555946535,0.5194108659614317,0.1506870546768322,-0.11951887798607645,0.821448407303025,0.884042748863429,81.0,81.0,61.0,61.0,55.0,54.0,53.0,55.0,44.0,42.0,50.0,51.0,59.0,67.0,50.0,48.0,34.0,32.0,66.0,98.0,72.0,63.0,66.0,51.0,50.0,50.0,66.0,98.0,84.0,82.0,True,False,False,Porto
2016,50067,Galatasaray,False,,Group stage,6,6,0.8333333333333334,-0.6666666666666666,11.0,0.4393939393939394,0.09090909090909091,38.666666666666664,14.166666666666666,7.5,0.8222222222222222,384.0,0.8276716206652512,471.0,0.13800424628450106,17708.829999999998,11.833333333333334,50.02,False,3.9322177127136655,-0.24790481382287602,-0.8262671173076548,-0.49709581280096005,0.27787471442926387,-0.6743749823944647,-0.9432948266668771,-0.1994338747852993,1.3099319165093288,1.3923887882895918,-0.39878625379173605,-0.3817623736185313,-0.06527165971052308,0.18208596196250865,-0.8554322910637593,-0.2589620173438325,31.0,35.0,28.0,27.0,34.0,31.0,62.0,64.0,31.0,27.0,23.0,20.0,45.0,47.0,84.0,89.0,89.0,89.0,41.0,96.0,28.0,37.0,56.0,41.0,56.0,58.0,22.0,94.0,39.0,49.0,True,False,False,Galatasaray
2016,50080,Barcelona,True,1.0,Quarter-finals,6,6,2.3333333333333335,1.8333333333333333,13.333333333333334,0.5,0.1875,50.166666666666664,7.0,4.0,0.875,876.1666666666666,0.8837424733672997,719.6666666666666,0.09309865678554886,34923.11666666667,9.5,164.999,False,5.111981764242013,1.2082545922406849,1.3175610789500447,1.36701348520264,1.11674177685723,0.07653468999793908,0.9217823091759716,0.8213125218905012,-1.1127378645616877,-0.6505921412532151,1.8709063221465805,1.0084275932062627,2.156869042813158,-1.5666052227906406,0.7697929305792582,-1.259091187775187,97.0,99.0,91.0,89.0,92.0,93.0,89.0,86.0,56.0,51.0,88.0,76.0,81.0,83.0,9.0,13.0,31.0,28.0,97.0,100.0,91.0,79.0,94.0,96.0,9.0,10.0,59.0,97.0,16.0,13.0,True,False,False,Barcelona
2016,50109,Leverkusen,False,,Group stage,6,6,1.0,0.16666666666666666,11.666666666666666,0.6,0.18571428571428572,49.166666666666664,7.833333333333333,4.666666666666667,0.6071428571428571,600.0,0.8175770308123249,476.0,0.09943977591036414,37974.659999999996,14.333333333333334,87.883,False,4.48732089813708,0.43724805529785876,-0.5880639843901327,0.12427395320024001,0.517551017980111,1.315535649445405,0.8873018915385409,0.7325519656578229,-0.8310320760650579,-0.2614529165783946,0.5973267087602647,-0.6320420975121696,-0.02059054638900134,-1.3196725082052365,1.0578934651121983,0.8126049509754755,59.0,67.0,39.0,33.0,55.0,54.0,77.0,71.0,94.0,92.0,84.0,74.0,78.0,82.0,23.0,21.0,52.0,45.0,69.0,98.0,22.0,32.0,59.0,43.0,16.0,16.0,91.0,99.0,81.0,80.0,True,False,False,Leverkusen
2016,50124,Atleti,True,3.0,Runner-up,6,6,2.1666666666666665,1.3333333333333333,14.0,0.5357142857142857,0.13095238095238096,51.666666666666664,7.833333333333333,2.5,0.8,340.6666666666667,0.8523391812865497,570.0,0.10526315789473684,18805.579999999998,12.0,120.999,False,4.804012847978352,0.8281346575710565,1.0793579460325222,0.9941916256019201,1.3564180804080772,0.5190350326577482,-0.17009758267600417,0.9544533562395187,-0.8310320760650579,-1.5261553967715609,-0.5986237308469213,0.22983159417783688,0.8194143840556074,-1.0929012564491396,-0.7518865678890371,-0.18752421945587888,88.0,86.0,84.0,84.0,84.0,85.0,94.0,90.0,67.0,66.0,41.0,40.0,84.0,86.0,23.0,21.0,6.0,5.0,25.0,94.0,66.0,53.0,84.0,77.0,19.0,20.0,38.0,95.0,48.0,52.0,True,True,False,Atleti
2016,50137,Roma,True,0.0,Round of 16,6,6,1.0,-0.8333333333333334,11.333333333333334,0.5588235294117647,0.16176470588235295,38.666666666666664,10.0,6.5,0.5897435897435898,600.8333333333334,0.822524101665206,380.3333333333333,0.15687992988606486,35892.82666666667,11.333333333333334,43.602,False,3.797778701069926,-0.41384022361376815,-0.5880639843901327,-0.6213697660012001,0.3977128662046878,0.8053587837905664,0.4248586432247629,-0.1994338747852993,-0.09859702597382025,0.8086799512773613,0.6011697371651724,-0.5093871362724711,-0.8754891812741176,0.9171334669287753,0.8613446271552873,-0.4732754110076941,28.0,29.0,39.0,33.0,25.0,27.0,72.0,68.0,75.0,76.0,62.0,61.0,45.0,47.0,55.0,52.0,78.0,80.0,72.0,98.0,25.0,34.0,25.0,13.0,78.0,81.0,72.0,98.0,30.0,40.0,True,False,False,Roma
2016,50139,Juventus,True,0.0,Round of 16,6,6,1.8333333333333333,0.5,12.166666666666666,0.3698630136986301,0.0821917808219178,42.166666666666664,8.5,3.5,0.9047619047619048,298.6666666666667,0.8821076573161486,439.6666666666667,0.13495072024260804,17643.385000000002,11.166666666666666,95.102,False,4.565410127414214,0.533632044602199,0.6029516801974779,0.37282185960072006,0.6973082456432467,-1.5358638188720513,-1.1116176624560787,0.11122807202907475,-0.605667445267754,-0.9424465597593303,-0.7923123624542547,0.9678948607366638,-0.3452733031920592,0.06317706595531807,-0.8616110463436036,-0.5447132088956484,66.0,72.0,70.0,69.0,70.0,65.0,81.0,76.0,6.0,7.0,19.0,16.0,55.0,63.0,39.0,30.0,16.0,19.0,22.0,94.0,88.0,77.0,34.0,29.0,53.0,55.0,19.0,93.0,25.0,37.0,True,False,False,Juventus
2016,50147,Benfica,True,1.0,Quarter-finals,6,6,1.6666666666666667,0.3333333333333333,11.166666666666666,0.5074626865671642,0.14925373134328357,40.833333333333336,10.5,4.666666666666667,0.75,384.1666666666667,0.8365166720621561,514.8333333333334,0.11524765296212366,17863.846666666665,13.333333333333334,118.276,False,4.781440135353611,0.8002736053832867,0.364748547279956,0.24854790640048002,0.33779379031697554,0.1689974481656607,0.1832838120160725,-0.007119336281162571,0.07042644712415766,-0.2614529165783946,-0.39801764811075446,-0.16246302082703185,0.3264327670748179,-0.7040900036994557,-0.8407969476818264,0.3839781636477523,84.0,85.0,61.0,61.0,64.0,59.0,66.0,66.0,59.0,55.0,53.0,52.0,50.0,56.0,69.0,59.0,52.0,45.0,44.0,96.0,38.0,42.0,75.0,58.0,22.0,30.0,25.0,94.0,70.0,68.0,True,False,False,Benfica
2016,50152,Malmö,False,,Group stage,6,6,0.5,-3.3333333333333335,6.166666666666667,0.4594594594594595,0.02702702702702703,24.0,16.5,9.0,0.6111111111111112,211.5,0.7753438614365766,327.1666666666667,0.16148751910341314,17548.058333333334,11.833333333333334,12.545,False,2.6060174755370586,-1.8848075039723897,-1.302673383142699,-2.4854790640048003,-1.4597784863143797,-0.4257629962645469,-2.176795762295852,-1.5012553661979142,2.0987081242998924,2.2679520438079375,-1.19429313360757,-1.6791481339650882,-1.3505983529262984,1.0965599200104923,-0.8706109721588174,-0.2589620173438325,6.0,4.0,9.0,15.0,3.0,1.0,6.0,6.0,38.0,35.0,6.0,1.0,9.0,4.0,100.0,97.0,100.0,96.0,12.0,93.0,9.0,17.0,6.0,3.0,88.0,85.0,16.0,93.0,39.0,49.0,True,False,False,Malmö
2016,50164,GNK Dinamo,False,,Group stage,6,6,0.5,-1.8333333333333333,6.333333333333333,0.42105263157894735,0.07894736842105263,28.5,15.0,7.5,0.6666666666666666,456.0,0.8158730158730159,367.5,0.1546485260770975,36543.46,12.0,24.7,False,3.246490991901174,-1.0942837259508305,-1.302673383142699,-1.36701348520264,-1.3998594104266682,-0.9016239621974292,-1.1742641314152178,-1.1018328631508618,1.591637705005959,1.3923887882895918,-0.06674859960773576,-0.6742905092589104,-0.9901707054660231,0.8302392469908126,0.9227718430400194,-0.18752421945587888,16.0,14.0,9.0,15.0,9.0,9.0,12.0,8.0,22.0,19.0,16.0,15.0,19.0,13.0,91.0,92.0,89.0,89.0,50.0,97.0,19.0,31.0,19.0,9.0,75.0,78.0,75.0,98.0,48.0,52.0,True,False,False,GNK Dinamo
2016,52268,Valencia,False,,Group stage,6,6,1.0,-0.6666666666666666,9.166666666666666,0.38181818181818183,0.09090909090909091,42.166666666666664,10.333333333333334,5.5,0.7575757575757576,673.8333333333334,0.8459605026929982,464.1666666666667,0.11813285457809695,36584.06166666667,14.666666666666666,99.999,False,4.615110615802145,0.5949763732061114,-0.5880639843901327,-0.49709581280096005,-0.3812351203355667,-1.387739171167248,-0.9432948266668771,0.11122807202907475,0.014085289424831893,0.2249711142651307,0.9378190254350616,0.07168213585808653,-0.12633584791660263,-0.5917359139662443,0.9266051039810718,0.9554805467513826,69.0,75.0,39.0,33.0,34.0,31.0,34.0,37.0,9.0,10.0,23.0,20.0,55.0,63.0,61.0,57.0,66.0,63.0,81.0,99.0,53.0,48.0,53.0,38.0,31.0,34.0,78.0,99.0,88.0,84.0,True,False,False,Valencia
2016,52280,Arsenal,True,0.0,Round of 16,6,6,1.5,0.3333333333333333,9.833333333333334,0.6101694915254238,0.2033898305084746,45.0,10.5,5.833333333333333,0.8285714285714286,723.0,0.8504165157551612,460.1666666666667,0.1169865990583122,33185.236666666664,10.166666666666666,110.078,False,4.710232657235094,0.7123836252554665,0.12654541436243374,0.24854790640048002,-0.14155881678471888,1.4415357470163344,1.22859958476328,0.36271631468833015,0.07042644712415766,0.4195407266025407,1.1645577013245985,0.1821620795817346,-0.16208073857382002,-0.6363728276620106,0.6057172146997171,-0.9733399962233716,78.0,81.0,52.0,53.0,64.0,59.0,47.0,50.0,97.0,94.0,97.0,83.0,62.0,71.0,69.0,59.0,72.0,70.0,91.0,99.0,59.0,52.0,50.0,37.0,25.0,31.0,56.0,97.0,19.0,20.0,True,False,False,Arsenal
2016,52682,Man Utd,False,,Group stage,6,6,1.3333333333333333,0.0,9.666666666666666,0.5862068965517241,0.1206896551724138,53.333333333333336,6.0,3.6666666666666665,0.7272727272727273,752.3333333333334,0.8770281810418445,585.5,0.12610304582977513,36631.58666666667,12.666666666666666,103.078,False,4.645140618031919,0.6320418102774866,-0.1116577185550885,5.173942657653586e-18,-0.20147789267243116,1.144638965383685,-0.36826090243135373,1.1023876166273163,-1.4507848107576435,-0.8451617535906254,1.2998323011773396,0.8419571121030658,0.9579258353523249,-0.2813646809389725,0.9310920066424612,0.09822697209593631,75.0,78.0,47.0,46.0,47.0,48.0,41.0,46.0,84.0,88.0,34.0,33.0,91.0,88.0,3.0,6.0,22.0,22.0,94.0,100.0,81.0,73.0,88.0,79.0,47.0,43.0,81.0,99.0,59.0,62.0,True,False,False,Man Utd
2016,52707,Shakhtar,False,,Group stage,6,6,0.5,-1.1666666666666667,9.833333333333334,0.423728813559322,0.11864406779661017,48.333333333333336,12.166666666666666,5.833333333333333,0.6285714285714286,371.8333333333333,0.8772090188909202,547.0,0.12492382693479585,17474.483333333334,11.333333333333334,86.033,False,4.466287357079429,0.4112867720953023,-1.302673383142699,-0.8699176724016802,-0.14155881678471888,-0.8684660417840269,-0.40775921836903023,0.6585848354639248,0.6338380241174172,0.4195407266025407,-0.45489446850338433,0.8464407065428189,0.6138812627766075,-0.32728523803560594,-0.8775572922705843,-0.4732754110076941,53.0,66.0,9.0,15.0,16.0,19.0,47.0,50.0,28.0,20.0,31.0,32.0,75.0,79.0,77.0,76.0,72.0,70.0,38.0,95.0,84.0,73.0,81.0,73.0,41.0,41.0,9.0,93.0,30.0,40.0,True,False,False,Shakhtar
2016,52714,Sevilla,False,,Group stage,6,6,1.0,-0.5,8.2,0.4146341463414634,0.12195121951219512,45.2,16.4,8.8,0.7727272727272727,52.6,0.8514975041597338,480.8,0.13810316139767054,19276.936666666665,8.2,80.499,False,4.40059075023289,0.3301987512473066,-0.5880639843901327,-0.37282185960072006,-0.7287657604842955,-0.9811490558718493,-0.34390131385654993,0.3804684259348661,2.0649034296802964,2.1512102764054917,-1.927081789855315,0.20896351315857534,0.02230332239965964,0.18593786521928168,-0.7073851163976065,-1.8163060113012273,50.0,60.0,39.0,33.0,44.0,35.0,25.0,25.0,16.0,16.0,38.0,34.0,66.0,72.0,97.0,96.0,97.0,96.0,9.0,63.0,62.0,52.0,62.0,45.0,59.0,58.0,41.0,96.0,3.0,3.0,True,False,False,Sevilla
2016,52723,Dynamo Kyiv,True,0.0,Round of 16,6,6,1.8333333333333333,0.6666666666666666,9.833333333333334,0.4915254237288136,0.13559322033898305,32.166666666666664,7.833333333333333,3.1666666666666665,0.8421052631578947,652.8333333333334,0.8454854552323385,441.1666666666667,0.140536456365697,36713.98499999999,17.833333333333332,65.033,False,4.190154617068076,0.07046159932559883,0.6029516801974779,0.49709581280096005,-0.14155881678471888,-0.028465391311167935,-0.08048745774256828,-0.7763774902977083,-0.8310320760650579,-1.1370161720967407,0.8409747096313948,0.059904069683778406,-0.33186896919560266,0.2806940304978015,0.9388713501696012,2.3127987066225058,44.0,49.0,70.0,69.0,77.0,70.0,47.0,50.0,53.0,47.0,44.0,43.0,25.0,25.0,23.0,21.0,9.0,15.0,75.0,98.0,50.0,48.0,38.0,30.0,66.0,62.0,84.0,99.0,100.0,99.0,True,False,False,Dynamo Kyiv
2016,52747,Paris,True,1.0,Quarter-finals,6,6,2.1666666666666665,1.8333333333333333,11.666666666666666,0.45714285714285713,0.17142857142857143,46.333333333333336,8.166666666666666,3.8333333333333335,0.9565217391304348,459.5,0.9090491502067065,725.6666666666666,0.0870463941203491,17522.67666666667,11.5,100.483,False,4.6198912967694845,0.6008770730527988,1.0793579460325222,1.36701348520264,0.517551017980111,-0.4544657211938323,0.6114585504390943,0.4810637229985681,-0.7183497606664061,-0.7478769474219201,-0.05060788030712464,1.635867457956802,2.210486378798984,-1.8022894324521654,-0.8730072913112036,-0.4018376131197405,72.0,76.0,84.0,84.0,92.0,93.0,77.0,71.0,34.0,33.0,69.0,67.0,69.0,73.0,31.0,24.0,28.0,25.0,53.0,97.0,97.0,93.0,97.0,97.0,3.0,5.0,12.0,93.0,34.0,43.0,True,False,False,Paris Saint-Germain
2016,52757,Mönchengladbach,False,,Group stage,6,6,0.8333333333333334,-0.6666666666666666,11.2,0.5357142857142857,0.14285714285714285,35.4,13.2,5.0,0.64,49.2,0.8468861562871877,504.2,0.12574375247917494,19315.888333333332,12.8,33.883,False,3.551999604516514,-0.7172004953532022,-0.8262671173076548,-0.49709581280096005,0.34977760549451786,0.5190350326577482,0.059771868240201004,-0.4893850251453817,0.9831532018532381,-0.06688330424098457,-1.9427613457473374,0.09463228334800586,0.2314109327443812,-0.29535610432179327,-0.7037076342969811,0.15537721040629995,22.0,21.0,28.0,27.0,34.0,31.0,69.0,67.0,67.0,66.0,47.0,48.0,31.0,34.0,81.0,84.0,62.0,55.0,6.0,42.0,56.0,49.0,72.0,54.0,44.0,42.0,44.0,96.0,62.0,63.0,True,False,False,Mönchengladbach
2016,52826,Zenit,True,0.0,Round of 16,6,6,2.5,1.1666666666666667,9.0,0.5740740740740741,0.24074074074074073,28.0,10.0,4.5,0.7407407407407407,508.8333333333333,0.833180987202925,364.6666666666667,0.16224862888482633,37328.82666666667,16.333333333333332,90.099,False,4.511946827257257,0.46764335194632556,1.5557642118675665,0.8699176724016802,-0.44115419622327834,0.9943131784775435,1.9498095757734457,-1.146213141267201,-0.09859702597382025,-0.35873772274709986,0.17689940126339398,-0.24516616159134214,-1.0154900030148852,1.1261986794664327,0.9969194240359812,1.669858525630921,62.0,69.0,95.0,93.0,81.0,81.0,30.0,34.0,78.0,84.0,100.0,93.0,16.0,12.0,55.0,52.0,44.0,40.0,56.0,97.0,31.0,39.0,16.0,8.0,91.0,85.0,88.0,99.0,92.0,95.0,True,False,False,Zenit
2016,52914,Chelsea,True,0.0,Round of 16,6,6,2.1666666666666665,1.6666666666666667,10.666666666666666,0.53125,0.203125,47.666666666666664,7.666666666666667,3.3333333333333335,0.85,677.5,0.8532076839434578,459.8333333333333,0.12105835447625951,20666.488000000005,13.833333333333334,142.078,False,4.963389936099103,1.0248506413115368,1.0793579460325222,1.2427395320024002,0.15803656265383997,0.46372248982527225,1.2234859635034914,0.5994111313088054,-0.8873732337643837,-1.0397313659280354,0.9547283504166539,0.25136477267630075,-0.16505947946192182,-0.4778125485234531,-0.5761956040215861,0.5982915573116139,91.0,95.0,84.0,84.0,88.0,90.0,58.0,61.0,62.0,65.0,94.0,82.0,72.0,77.0,16.0,20.0,12.0,17.0,84.0,99.0,69.0,54.0,47.0,37.0,38.0,37.0,47.0,97.0,78.0,75.0,True,False,False,Chelsea
2016,52919,Man City,True,2.0,Semi-finals,6,6,2.0,0.6666666666666666,13.333333333333334,0.475,0.15,55.333333333333336,8.5,3.6666666666666665,0.6363636363636364,367.5,0.8701877187400573,523.8333333333334,0.12090359529112313,16761.436666666665,12.0,87.078,False,4.478222785526289,0.4260184350712841,0.8411548131150002,0.49709581280096005,1.11674177685723,-0.23321554986392773,0.19769353878992432,1.279908729092673,-0.605667445267754,-0.8451617535906254,-0.47487821620890275,0.6723584418113894,0.406858771053557,-0.4838391039217268,-0.9448770394849224,-0.18752421945587888,56.0,66.0,77.0,77.0,77.0,70.0,89.0,86.0,41.0,41.0,56.0,52.0,94.0,90.0,39.0,30.0,22.0,22.0,28.0,95.0,78.0,67.0,78.0,61.0,34.0,37.0,6.0,93.0,48.0,52.0,True,False,False,Manchester City
2016,5312,Lyon,False,,Group stage,6,6,0.6666666666666666,-0.6666666666666666,12.666666666666666,0.42105263157894735,0.06578947368421052,55.833333333333336,7.833333333333333,4.5,0.7407407407407407,677.8333333333334,0.8662674650698603,501.0,0.13938789088489686,35578.61666666667,16.333333333333332,72.983,False,4.303835337082524,0.21077546083262447,-1.064470250225177,-0.49709581280096005,0.8770654733063822,-0.9016239621974292,-1.4283303666383922,1.324289007209012,-0.8310320760650579,-0.35873772274709986,0.9562655617786171,0.575161822586142,0.2028150202186074,0.23596716344634389,0.831679615367068,1.669858525630921,47.0,54.0,19.0,21.0,34.0,31.0,84.0,80.0,22.0,19.0,9.0,10.0,97.0,91.0,23.0,21.0,44.0,40.0,88.0,99.0,75.0,64.0,69.0,53.0,62.0,59.0,69.0,98.0,92.0,95.0,True,False,False,Lyon
2016,54266,CSKA Moskva,False,,Group stage,6,5,0.6666666666666666,-0.6666666666666666,6.2,0.4838709677419355,0.16129032258064516,27.4,9.2,4.8,0.7083333333333334,39.2,0.7740916271721959,379.8,0.14428646656134808,110.94000000000001,9.0,55.599,False,4.035991317208536,-0.1198191088121444,-1.064470250225177,-0.49709581280096005,-1.4477946711368375,-0.1233041744290714,0.4156987599814224,-1.1994694750068082,-0.3690345829305851,-0.18362507164343078,-1.9888776866062263,-1.7101953434610244,-0.8802551666950796,0.42672506683510386,-2.5168740475253166,-1.4734045814390484,34.0,40.0,19.0,21.0,34.0,31.0,9.0,7.0,47.0,45.0,59.0,61.0,12.0,10.0,44.0,43.0,56.0,48.0,3.0,5.0,6.0,16.0,22.0,13.0,69.0,66.0,3.0,33.0,11.0,9.0,True,False,False,CSKA Moskva
2016,57477,M. Tel-Aviv,False,,Group stage,6,6,0.0,-2.5,6.666666666666667,0.3,0.025,22.0,12.166666666666666,6.666666666666667,0.625,541.1666666666666,0.8341273278475531,384.8333333333333,0.11779991338241663,20790.829999999998,13.333333333333334,18.2,False,2.954910279033736,-1.4541760257022915,-2.0172827818952657,-1.8641092980036003,-1.2800212586512443,-2.401467228896993,-2.215935695830233,-1.6787764786632708,0.6338380241174172,0.9059647574460664,0.3260089033738014,-0.2217031107197727,-0.835276179284748,-0.6047011448077398,-0.5644562994298463,0.3839781636477523,12.0,10.0,3.0,2.0,6.0,3.0,16.0,11.0,3.0,2.0,3.0,1.0,6.0,2.0,77.0,76.0,81.0,82.0,62.0,98.0,34.0,40.0,28.0,14.0,28.0,34.0,50.0,97.0,70.0,68.0,True,False,False,M. Tel-Aviv
2016,64332,Wolfsburg,True,1.0,Quarter-finals,6,5,2.0,0.5,9.0,0.4888888888888889,0.17777777777777778,30.4,8.2,4.4,0.7727272727272727,371.0,0.8447971781305115,453.6,0.15035273368606702,21559.688000000002,9.0,31.883,False,3.492955806901696,-0.7900770855113359,0.8411548131150002,0.37282185960072006,-0.44115419622327834,-0.0611320832740018,0.7340555909277373,-0.9331878063087732,-0.707081529126541,-0.4171086064483227,-0.45873749690829163,0.04283930474361063,-0.22076193406941855,0.6629546312104111,-0.4918673250704472,-1.4734045814390484,19.0,19.0,77.0,77.0,70.0,65.0,30.0,34.0,50.0,47.0,73.0,69.0,22.0,19.0,34.0,25.0,38.0,37.0,34.0,95.0,47.0,47.0,41.0,35.0,72.0,72.0,53.0,97.0,11.0,9.0,True,False,False,Wolfsburg
2016,66168,BATE,False,,Group stage,6,6,0.8333333333333334,-1.1666666666666667,4.5,0.5925925925925926,0.18518518518518517,19.666666666666668,16.0,7.5,0.7333333333333333,520.8333333333334,0.7231108659680088,302.1666666666667,0.1897407611693326,39087.48499999999,13.666666666666666,35.15,False,3.5876769486047735,-0.6731646560595884,-0.8262671173076548,-0.8699176724016802,-2.0589692451914985,1.2237578005974443,0.8770854714978203,-1.8858844432061868,1.9296846512019146,1.3923887882895918,0.23223901029406097,-2.974184373621831,-1.574003919533907,2.1967836536845167,1.1629568518383528,0.5268537594236595,25.0,22.0,28.0,27.0,16.0,19.0,3.0,1.0,91.0,90.0,81.0,74.0,3.0,1.0,94.0,96.0,89.0,89.0,59.0,97.0,3.0,6.0,3.0,1.0,100.0,98.0,94.0,100.0,75.0,72.0,True,False,False,BATE
2017,1652,Tottenham,False,,Group stage,6,6,1.1666666666666667,0.0,9.5,0.42105263157894735,0.10526315789473684,51.5,8.166666666666666,4.333333333333333,0.7692307692307693,60.833333333333336,0.8528838116466982,598.1666666666666,0.12176093619392589,114.00166666666667,11.833333333333334,74.256,False,4.32089563466965,0.2623336031563306,-0.23292042452292558,1.585433824163427e-17,0.1254569463412912,-0.8906236363326562,-0.7013832409260545,1.216922872427916,-0.3266363692005481,-0.1127160424504522,1.4619898203041315,0.09560047330419334,0.872126347921048,-0.30115307120070167,1.2434726029496705,-0.09169753140730622,53.0,55.0,42.0,39.0,42.0,48.0,52.0,43.0,16.0,19.0,25.0,25.0,94.0,86.0,41.0,24.0,56.0,35.0,94.0,88.0,47.0,54.0,81.0,82.0,44.0,38.0,92.0,54.0,55.0,49.0,True,False,False,Tottenham
2017,2603104,Ludogorets,False,,Group stage,6,6,0.5,-1.5,5.0,0.5,0.2,24.5,11.333333333333334,6.5,0.6153846153846154,47.166666666666664,0.8627940128296507,467.6666666666667,0.10620099786172488,106.67500000000001,11.833333333333334,25.625,False,3.2818506240295893,-1.2416269582325126,-1.1097973168445283,-1.1424254687556785,-1.4923759139404316,0.014178105230929786,0.6120664931483173,-1.3516960895697703,0.7241303634657658,1.0037095208683127,-0.38236656838723465,0.31899986486471393,-0.3469530257754524,-0.8613460478098159,-1.3101672750359323,-0.09169753140730622,12.0,15.0,20.0,15.0,17.0,13.0,9.0,2.0,56.0,51.0,83.0,80.0,9.0,5.0,78.0,68.0,81.0,80.0,34.0,30.0,66.0,62.0,47.0,40.0,22.0,20.0,6.0,8.0,55.0,49.0,True,False,False,Ludogorets
2017,50023,Monaco,True,2.0,Semi-finals,6,6,1.8333333333333333,0.3333333333333333,9.666666666666666,0.46551724137931033,0.15517241379310345,43.333333333333336,7.166666666666667,3.6666666666666665,0.7272727272727273,50.833333333333336,0.8135714285714286,466.6666666666667,0.12642857142857142,108.02,10.0,36.549,False,3.6256467466970728,-0.7440009609412258,0.6439564677986768,0.2538723263901507,0.18537668190728074,-0.38102265545201586,-0.009431752668483132,0.4399949147866407,-0.6584574426741205,-0.4562316003946874,0.11246075540801041,-0.7905936914436166,-0.3562946301715942,-0.1331076445417523,-0.8413803365613277,-1.013912704417932,25.0,23.0,67.0,69.0,55.0,59.0,59.0,46.0,39.0,38.0,53.0,55.0,66.0,66.0,34.0,16.0,45.0,22.0,56.0,53.0,19.0,30.0,44.0,39.0,47.0,44.0,16.0,12.0,14.0,18.0,True,False,False,Monaco
2017,50037,Bayern München,True,1.0,Quarter-finals,6,6,2.0,1.3333333333333333,15.5,0.5161290322580645,0.15053763440860216,67.33333333333333,5.666666666666667,3.3333333333333335,0.7,67.5,0.9219427580225499,768.6666666666666,0.10472679965307892,109.28666666666668,10.666666666666666,163.035,False,5.100079819688681,1.390159897808044,0.8631756908790775,1.015489305560603,2.2825674267169216,0.19903007393746863,-0.07368922225251956,2.7232117698956944,-1.1561890528844796,-0.6279893793668049,2.361675863568212,1.6523525833132833,2.46486989746322,-0.9144205179639907,-0.3998957352717276,-0.6785617324140685,97.0,99.0,78.0,77.0,88.0,85.0,100.0,95.0,66.0,59.0,50.0,52.0,100.0,98.0,12.0,4.0,34.0,17.0,100.0,92.0,100.0,97.0,100.0,99.0,19.0,20.0,38.0,19.0,20.0,29.0,True,False,False,Bayern München
2017,50043,Club Brugge,False,,Group stage,6,6,0.0,-2.0,6.166666666666667,0.5405405405405406,0.05405405405405406,30.333333333333332,11.5,7.5,0.7333333333333333,48.666666666666664,0.8443683409436834,438.0,0.1632420091324201,108.06666666666666,12.5,43.0,False,3.784189633918261,-0.5145188430082368,-1.7674549860857303,-1.5232339583409047,-1.0729377649785032,0.47880602657439303,-1.4113560701554444,-0.7967475483974308,0.779433875711361,1.5189828577846656,-0.17993720865281648,-0.09635839198881133,-0.6240872895276585,1.1922593849570104,-0.8251151144085531,0.2436534405965573,34.0,29.0,5.0,2.0,9.0,7.0,19.0,6.0,78.0,68.0,6.0,6.0,25.0,19.0,81.0,69.0,94.0,89.0,44.0,39.0,34.0,47.0,22.0,28.0,91.0,86.0,19.0,12.0,69.0,60.0,True,False,False,Club Brugge
2017,50050,Celtic,False,,Group stage,6,6,0.5,-1.8333333333333333,5.833333333333333,0.4857142857142857,0.14285714285714285,25.833333333333332,11.0,5.833333333333333,0.5428571428571428,45.166666666666664,0.8547285149226896,463.5,0.13664149586479685,110.53833333333334,10.0,40.46,False,3.7247291070076334,-0.6005846885849327,-1.1097973168445283,-1.396297795145829,-1.192777236110483,-0.14954792419486196,-0.1801730289917801,-1.2248507087303786,0.6135233389745747,0.6601939629240772,-0.6522723813664589,0.13718445145542207,-0.3858763774260433,0.23458073684296987,0.0363607588973326,-1.013912704417932,28.0,26.0,20.0,15.0,12.0,9.0,14.0,5.0,50.0,45.0,47.0,48.0,12.0,8.0,75.0,64.0,72.0,70.0,25.0,21.0,53.0,56.0,38.0,38.0,66.0,57.0,59.0,28.0,14.0,18.0,True,False,False,Celtic
2017,50051,Real Madrid,True,4.0,Winner,6,6,2.0,1.0,13.5,0.5061728395061729,0.19753086419753085,50.333333333333336,9.666666666666666,5.5,0.7272727272727273,52.833333333333336,0.8936110329299184,592.1666666666666,0.13003095975232198,108.35333333333334,10.666666666666666,176.142,False,5.176951670822385,1.5014276785125837,0.8631756908790775,0.7616169791704523,1.5635305999250446,0.08492392041491417,0.5778339212039918,1.1059331641934482,0.1710952410098109,0.4884361839519597,0.38236656838723465,1.0136884401028066,0.8160767215441974,-0.0034135162682831766,-0.7252001783272203,-0.6785617324140685,100.0,100.0,78.0,77.0,81.0,78.0,97.0,87.0,59.0,54.0,78.0,79.0,88.0,84.0,62.0,48.0,69.0,63.0,72.0,64.0,91.0,85.0,78.0,81.0,56.0,49.0,28.0,14.0,20.0,29.0,True,True,False,Real Madrid
2017,50062,PSV,False,,Group stage,6,6,0.3333333333333333,-1.1666666666666667,7.0,0.47619047619047616,0.09523809523809523,35.333333333333336,12.666666666666666,6.0,0.6944444444444444,46.0,0.8626067582621612,448.8333333333333,0.1318232454511697,110.79,8.833333333333334,57.112,False,4.062372182978828,-0.1118648883003582,-1.329016539924929,-0.8885531423655277,-0.7733390871485547,-0.25869861047872333,-0.8403726307751943,-0.3210773702497108,1.1665584614305289,0.7460728524101362,-0.5398116259584484,0.3147787036923191,-0.5228865752361228,0.06111282304847555,0.12407677836408064,-1.6007769054246934,44.0,41.0,11.0,8.0,23.0,19.0,31.0,13.0,44.0,42.0,19.0,22.0,44.0,34.0,86.0,80.0,75.0,73.0,28.0,25.0,59.0,62.0,31.0,33.0,59.0,51.0,62.0,31.0,6.0,7.0,True,False,False,PSV
2017,50064,Porto,True,0.0,Round of 16,6,6,1.8333333333333333,1.0,12.333333333333334,0.44594594594594594,0.12162162162162163,42.0,4.333333333333333,2.5,0.8666666666666667,56.0,0.8503861003861004,518.0,0.13416988416988418,108.13,11.166666666666666,92.616,False,4.539201309045881,0.5783190717617719,0.6439564677986768,0.7616169791704523,1.1440924509631167,-0.6053257898936875,-0.4745863649222214,0.3131495339472486,-1.5986171508492433,-1.0573838267970992,0.8097174389376727,0.03929614954623922,0.12324106216368319,0.14559712502944083,-0.8030408843440735,-0.4270485034111706,66.0,70.0,67.0,69.0,81.0,78.0,88.0,78.0,28.0,29.0,28.0,33.0,59.0,62.0,3.0,1.0,17.0,5.0,81.0,77.0,41.0,51.0,62.0,59.0,62.0,54.0,25.0,13.0,39.0,37.0,True,False,False,Porto
2017,50080,Barcelona,True,1.0,Quarter-finals,6,6,2.5,2.6666666666666665,9.833333333333334,0.6610169491525424,0.3389830508474576,53.333333333333336,5.333333333333333,2.5,0.7333333333333333,62.0,0.8979166666666667,720.0,0.10162037037037037,107.00000000000001,11.333333333333334,159.142,False,5.076060921638562,1.3553938626262316,1.5208333601202795,2.030978611121206,0.24529641747327088,1.859564708080955,2.5389541444551633,1.39133527108208,-1.2667960773756706,-1.0573838267970992,1.6194348778753453,1.1107476157254608,2.010245150184321,-1.0262589988983852,-1.1968916207576799,-0.34321076041020404,94.0,99.0,98.0,93.0,100.0,99.0,66.0,50.0,97.0,99.0,100.0,100.0,97.0,88.0,8.0,2.0,17.0,5.0,97.0,89.0,94.0,87.0,97.0,96.0,12.0,18.0,9.0,9.0,44.0,40.0,True,False,False,Barcelona
2017,50109,Leverkusen,True,0.0,Round of 16,6,6,1.6666666666666667,0.6666666666666666,9.666666666666666,0.5172413793103449,0.13793103448275862,41.0,6.833333333333333,2.1666666666666665,0.7692307692307693,48.0,0.771363463729586,438.8333333333333,0.14584124572730725,110.83333333333333,12.666666666666666,89.035,False,4.500198483621468,0.521864625014642,0.42473724471827634,0.5077446527803015,0.18537668190728074,0.21177848557240292,-0.24846953952109874,0.21801549831770464,-0.7690644671653116,-1.2291416057692168,-0.2699058129792242,-1.7420611228914904,-0.6163026191975405,0.5657925417685483,0.13918019893451034,0.32749118359752294,59.0,68.0,59.0,61.0,67.0,70.0,59.0,46.0,69.0,59.0,42.0,45.0,56.0,57.0,27.0,11.0,9.0,3.0,41.0,35.0,12.0,15.0,25.0,29.0,78.0,69.0,66.0,31.0,75.0,62.0,True,False,False,Leverkusen
2017,50124,Atleti,True,2.0,Semi-finals,6,6,2.5,0.8333333333333334,11.333333333333334,0.4264705882352941,0.10294117647058823,51.166666666666664,6.833333333333333,3.5,0.9047619047619048,50.5,0.8626188285801901,543.5,0.1284881938055811,117.61166666666666,8.666666666666666,144.142,False,4.977712573553865,1.213040032635738,1.5208333601202795,0.634680815975377,0.7845740375671785,-0.8285293991665277,-0.7335756363690538,1.1852115272180677,-0.7690644671653116,-0.5421104898807462,0.06747645324480606,0.3150507972304656,0.36145197426529835,-0.05895658009440451,2.5017037166250176,-1.6846146484256599,91.0,96.0,98.0,93.0,73.0,73.0,78.0,68.0,22.0,23.0,22.0,24.0,91.0,85.0,27.0,11.0,39.0,19.0,50.0,49.0,62.0,62.0,72.0,71.0,53.0,47.0,100.0,75.0,3.0,6.0,True,False,False,Atleti
2017,50136,Napoli,True,0.0,Round of 16,6,6,1.8333333333333333,0.5,10.833333333333334,0.5384615384615384,0.16923076923076924,38.333333333333336,6.166666666666667,2.1666666666666665,0.38461538461538464,50.833333333333336,0.8799195633438667,580.1666666666666,0.1028440103418558,112.37833333333334,13.5,90.087,False,4.511815093753944,0.5386790298935131,0.6439564677986768,0.3808084895852262,0.6048148308692093,0.45497895368498403,0.1854759812267265,-0.03567526336107898,-0.9902785161476931,-1.2291416057692168,0.11246075540801041,0.7050503086837555,0.7039774687904962,-0.9822051920458392,0.6776752323495883,0.746679898602353,62.0,69.0,67.0,69.0,62.0,65.0,73.0,63.0,75.0,67.0,64.0,65.0,50.0,45.0,22.0,7.0,9.0,3.0,56.0,53.0,75.0,75.0,75.0,78.0,16.0,19.0,78.0,41.0,83.0,70.0,True,False,False,Napoli
2017,50139,Juventus,True,3.0,Runner-up,6,6,2.3333333333333335,1.5,10.833333333333334,0.47692307692307695,0.16923076923076924,45.666666666666664,5.333333333333333,1.8333333333333333,0.8181818181818182,57.0,0.8875675675675676,616.6666666666666,0.1127027027027027,109.28333333333332,12.833333333333334,107.087,False,4.682936458394041,0.7863678027515911,1.301614137039879,1.1424254687556785,0.6048148308692093,-0.25030240384150265,0.1854759812267265,0.6619743312555761,-1.2667960773756706,-1.4008993847413345,0.9446703454272848,0.8774544262879612,1.0449460292496708,-0.6272699666492776,-0.4010575368540775,0.4113289265984895,78.0,80.0,91.0,89.0,91.0,88.0,73.0,63.0,47.0,43.0,64.0,65.0,78.0,72.0,8.0,2.0,3.0,1.0,84.0,80.0,84.0,82.0,88.0,86.0,38.0,27.0,34.0,19.0,78.0,64.0,True,True,False,Juventus
2017,50146,Legia Warszawa,False,,Group stage,6,6,0.6666666666666666,-2.5,8.0,0.4583333333333333,0.1875,30.666666666666668,16.833333333333332,9.333333333333334,0.6071428571428571,40.333333333333336,0.8274956217162872,380.6666666666667,0.14141856392294222,112.39666666666666,11.5,28.0,False,3.367295829986474,-1.1179497174941726,-0.8905780937641277,-1.9040424479261306,-0.41382067375261633,-0.46335614726096286,0.4387640976801709,-0.7650362031875826,2.549146267570415,2.463650642131313,-1.3045447627329168,-0.4767094201652971,-1.1596726082397864,0.40656599268544824,0.6840651410524581,-0.2593730174092384,19.0,16.0,28.0,21.0,5.0,3.0,38.0,22.0,34.0,34.0,75.0,76.0,33.0,21.0,100.0,97.0,100.0,98.0,14.0,7.0,22.0,37.0,16.0,13.0,69.0,62.0,81.0,42.0,48.0,43.0,True,False,False,Legia Warszawa
2017,50147,Benfica,True,0.0,Round of 16,6,6,1.3333333333333333,0.0,10.333333333333334,0.4032258064516129,0.16129032258064516,34.166666666666664,10.0,5.333333333333333,0.71875,46.666666666666664,0.8470588235294118,453.3333333333333,0.14301470588235293,111.74166666666667,15.666666666666666,116.616,False,4.767425080631732,0.9086604411169811,-0.013701201442525138,1.585433824163427e-17,0.42505562417124004,-1.0949337070083045,0.07538810718244482,-0.4320670784841792,0.281702265501002,0.4025572944659007,-0.4498430216320407,-0.03570854628337622,-0.4808493554534848,0.46403071370446214,0.4557711301224482,1.83657055761491,88.0,85.0,48.0,46.0,42.0,48.0,69.0,57.0,6.0,14.0,56.0,61.0,38.0,30.0,69.0,52.0,66.0,61.0,31.0,28.0,38.0,49.0,34.0,34.0,72.0,65.0,75.0,38.0,95.0,91.0,True,False,False,Benfica
2017,50149,Sporting CP,False,,Group stage,6,6,0.5,-0.5,9.333333333333334,0.4107142857142857,0.08928571428571429,40.666666666666664,8.333333333333334,3.1666666666666665,0.5789473684210527,47.666666666666664,0.8537080934642736,492.1666666666667,0.10734845919403996,112.67833333333333,13.666666666666666,51.616,False,3.9630202559990497,-0.2556713435986964,-1.1097973168445283,-0.3808084895852262,0.0655372107753017,-1.0091095786802684,-0.922897580998121,0.18630415310785642,-0.27133285695495224,-0.7138682688528639,-0.3148901151424286,0.11418173650170454,-0.11808371806997903,-0.8200348442838237,0.7822373747602759,0.8305176416033186,41.0,36.0,20.0,15.0,38.0,35.0,47.0,40.0,12.0,16.0,16.0,19.0,53.0,56.0,48.0,27.0,30.0,15.0,38.0,34.0,50.0,55.0,53.0,50.0,25.0,21.0,84.0,44.0,88.0,72.0,True,False,False,Sporting CP
2017,50157,Beşiktaş,False,,Group stage,6,6,1.1666666666666667,-0.8333333333333334,6.333333333333333,0.5263157894736842,0.23684210526315788,29.0,12.666666666666666,6.833333333333333,0.6585365853658537,50.0,0.8524236983842011,464.1666666666667,0.15655296229802512,104.26999999999998,12.166666666666666,34.92,False,3.581294243433999,-0.8081987724156705,-0.23292042452292558,-0.634680815975377,-1.0130180294125137,0.3157786857521247,1.1228525008439059,-0.9235929292368226,1.1665584614305289,1.17546729984043,0.0,0.0852284313049237,-0.3796486411619486,0.9514385682650304,-2.148407116695003,0.0759779545946251,22.0,22.0,42.0,39.0,34.0,27.0,22.0,8.0,72.0,63.0,91.0,92.0,20.0,15.0,86.0,80.0,91.0,84.0,47.0,47.0,44.0,53.0,41.0,38.0,84.0,80.0,3.0,4.0,62.0,55.0,True,False,False,Beşiktaş
2017,50164,GNK Dinamo,False,,Group stage,6,6,0.0,-2.5,4.833333333333333,0.27586206896551724,0.0,21.833333333333332,15.333333333333334,8.333333333333334,0.7,36.0,0.8055413032324269,324.8333333333333,0.15700359158542843,110.15000000000002,11.0,25.775,False,3.2874686163338125,-1.2334952230591412,-1.7674549860857303,-1.9040424479261306,-1.5522956495064213,-2.5546268392082156,-2.1607718343420226,-1.6053868512485543,2.0514146573600565,1.94837730521496,-1.8893406908545696,-0.9716117234461967,-1.6812455203577021,0.9676622419370065,-0.09898912544539441,-0.5108862464121363,16.0,15.0,5.0,2.0,5.0,3.0,6.0,2.0,3.0,1.0,3.0,0.0,6.0,2.0,97.0,94.0,97.0,94.0,5.0,1.0,16.0,26.0,6.0,3.0,88.0,81.0,50.0,25.0,33.0,34.0,True,False,False,GNK Dinamo
2017,52280,Arsenal,True,0.0,Round of 16,6,6,2.3333333333333335,2.0,9.0,0.6296296296296297,0.3333333333333333,43.833333333333336,8.166666666666666,3.6666666666666665,0.7727272727272727,50.833333333333336,0.8795580110497238,603.3333333333334,0.09281767955801105,108.49666666666666,12.5,105.256,False,4.6658512767983575,0.76163794115662,1.301614137039879,1.5232339583409047,-0.05430226035667798,1.4998402240945954,2.4606253781418768,0.4875619326014127,-0.3266363692005481,-0.4562316003946874,0.11246075540801041,0.6969000641995385,0.9203913039677812,-1.343175779869183,-0.6752427102865614,0.2436534405965573,75.0,79.0,91.0,89.0,95.0,95.0,44.0,34.0,91.0,96.0,97.0,100.0,69.0,66.0,41.0,24.0,45.0,22.0,56.0,53.0,72.0,75.0,84.0,83.0,9.0,9.0,31.0,16.0,69.0,60.0,True,False,False,Arsenal
2017,52709,Copenhagen,False,,Group stage,6,6,1.5,0.8333333333333334,7.166666666666667,0.5581395348837209,0.16279069767441862,34.666666666666664,6.0,2.6666666666666665,1.0,52.333333333333336,0.8378378378378378,493.3333333333333,0.15574324324324323,110.17833333333333,10.833333333333334,24.72,False,3.2472688993694185,-1.2916821045458242,0.2055180216378756,0.634680815975377,-0.7134193515825649,0.6805049691731052,0.09618959501057962,-0.3845000606694072,-1.0455820283932886,-0.9715049373110404,0.3148901151424286,-0.24357138933336636,-0.10718517960781399,0.9222868507047706,-0.08911381199550454,-0.5947239894131019,9.0,14.0,55.0,53.0,73.0,73.0,34.0,14.0,84.0,76.0,59.0,62.0,41.0,31.0,19.0,6.0,22.0,7.0,66.0,61.0,31.0,43.0,56.0,50.0,81.0,79.0,53.0,26.0,27.0,31.0,True,False,False,Copenhagen
2017,52714,Sevilla,True,0.0,Round of 16,6,6,1.8333333333333333,0.6666666666666666,9.5,0.43859649122807015,0.12280701754385964,43.0,9.666666666666666,3.1666666666666665,0.8421052631578947,55.166666666666664,0.8651090342679127,535.0,0.11526479750778816,109.49000000000001,13.5,95.642,False,4.571013429336597,0.624365367929368,0.6439564677986768,0.5077446527803015,0.1254569463412912,-0.6895565826518594,-0.4581518086900598,0.4082835695767925,0.1710952410098109,-0.7138682688528639,0.6972566835296623,0.3711859276105376,0.2820483368980933,-0.5350287581963294,-0.3290258387489242,0.746679898602353,69.0,73.0,67.0,69.0,67.0,70.0,52.0,43.0,25.0,26.0,31.0,34.0,62.0,65.0,62.0,48.0,30.0,15.0,78.0,75.0,69.0,63.0,66.0,67.0,41.0,30.0,41.0,20.0,83.0,70.0,True,False,False,Sevilla
2017,52723,Dynamo Kyiv,False,,Group stage,6,6,0.8333333333333334,0.3333333333333333,9.666666666666666,0.46551724137931033,0.13793103448275862,36.0,8.333333333333334,3.5,0.7619047619047619,52.5,0.8620090371915189,479.5,0.14563781717066387,111.42333333333333,14.666666666666666,65.976,False,4.20433434626359,0.09361754278143175,-0.6713588706837269,0.2538723263901507,0.18537668190728074,-0.38102265545201586,-0.24846953952109874,-0.25765467983001505,-0.27133285695495224,-0.5421104898807462,0.3373822662240303,0.3013046559874063,-0.23641070708777495,0.5584686535730847,0.3448190790088757,1.3335440996091144,50.0,49.0,34.0,27.0,55.0,59.0,59.0,46.0,39.0,38.0,42.0,45.0,47.0,37.0,48.0,27.0,39.0,19.0,69.0,62.0,56.0,61.0,50.0,45.0,75.0,68.0,69.0,35.0,91.0,84.0,True,False,False,Dynamo Kyiv
2017,52747,Paris,True,0.0,Round of 16,6,6,2.0,1.0,12.0,0.4861111111111111,0.18055555555555555,44.5,5.833333333333333,2.1666666666666665,0.5384615384615384,59.0,0.9063745019920318,669.3333333333334,0.08167330677290836,107.16166666666668,10.833333333333334,112.549,False,4.732234461819702,0.8577239539752363,0.8631756908790775,0.7616169791704523,1.024252979831137,-0.14499997893303443,0.34248498908675623,0.5509846230211084,-1.1008855406388842,-1.2291416057692168,1.2145761584065091,1.3014072431864978,1.536937194113138,-1.7443984087538045,-1.1405442440141411,-0.5947239894131019,84.0,82.0,78.0,77.0,81.0,78.0,84.0,75.0,53.0,46.0,72.0,71.0,72.0,69.0,16.0,5.0,9.0,3.0,88.0,85.0,97.0,92.0,94.0,93.0,3.0,3.0,12.0,10.0,27.0,31.0,True,False,False,Paris Saint-Germain
2017,52757,Mönchengladbach,False,,Group stage,6,6,0.8333333333333334,-1.1666666666666667,6.666666666666667,0.45,0.125,29.0,10.5,6.166666666666667,0.7027027027027027,38.833333333333336,0.8319579894973743,444.3333333333333,0.11177794448612154,113.67,9.666666666666666,42.035,False,3.762013738101438,-0.5466172337232117,-0.6713588706837269,-0.8885531423655277,-0.893178558280534,-0.558862997759341,-0.4277478796605603,-0.9235929292368226,0.4476128022377883,0.8319517418961951,-1.506974122467335,-0.37611708820245277,-0.5649237950187607,-0.6605633542534083,1.1278733455067382,-1.1815881904198642,31.0,28.0,34.0,27.0,23.0,19.0,28.0,11.0,31.0,31.0,34.0,36.0,20.0,15.0,72.0,59.0,78.0,75.0,9.0,4.0,25.0,39.0,28.0,32.0,31.0,26.0,88.0,51.0,9.0,15.0,True,False,False,Mönchengladbach
2017,52758,B. Dortmund,True,1.0,Quarter-finals,6,6,2.3333333333333335,2.0,13.0,0.6410256410256411,0.2692307692307692,48.333333333333336,9.0,4.666666666666667,0.6785714285714286,59.166666666666664,0.8902470741222367,640.8333333333334,0.09258777633289987,114.00166666666667,11.5,110.035,False,4.709845466926223,0.8253171140557738,1.301614137039879,1.5232339583409047,1.3837713932270754,1.6304478828957971,1.571895144971896,0.9156650929343604,-0.05011880797257068,0.05904173652166574,1.2370683094881108,0.9378568462736635,1.2707014688230975,-1.3514528160153059,1.2434726029496705,-0.2593730174092384,81.0,81.0,91.0,89.0,95.0,95.0,91.0,84.0,94.0,98.0,94.0,98.0,81.0,79.0,56.0,38.0,59.0,45.0,91.0,85.0,88.0,83.0,91.0,90.0,6.0,9.0,92.0,54.0,48.0,43.0,True,False,False,Borussia Dortmund
2017,52919,Man City,True,0.0,Round of 16,6,6,1.5,0.3333333333333333,11.5,0.5507246376811594,0.17391304347826086,44.666666666666664,7.0,4.166666666666667,0.72,54.0,0.8820784069695085,535.6666666666666,0.11200995644057249,109.67,11.166666666666666,99.256,False,4.607726914769781,0.6775061208295906,0.2055180216378756,0.2538723263901507,0.844493773133168,0.5955241517427989,0.2503919286930553,0.5668402956260322,-0.713760954919716,-0.19859493193651073,0.5398116259584484,0.7537157538688953,0.28827607316218745,-0.6522103990810987,-0.2662885533025106,-0.4270485034111706,72.0,75.0,55.0,53.0,55.0,59.0,81.0,69.0,81.0,73.0,69.0,68.0,75.0,70.0,31.0,13.0,53.0,32.0,75.0,70.0,81.0,77.0,69.0,68.0,34.0,27.0,44.0,21.0,39.0,37.0,True,False,False,Manchester City
2017,5312,Lyon,False,,Group stage,6,6,1.3333333333333333,0.3333333333333333,13.333333333333334,0.425,0.0625,49.166666666666664,8.166666666666666,3.0,0.8333333333333334,51.833333333333336,0.8805628272251309,509.3333333333333,0.11158376963350786,110.50833333333333,15.666666666666666,63.049,False,4.159648415418364,0.028937113202381556,-0.013701201442525138,0.2538723263901507,1.503610864359055,-0.8453835492544768,-1.2942598570012915,0.9949434559589799,-0.3266363692005481,-0.7997471583389226,0.24741366189762254,0.7195509991373953,0.04228049073045433,-0.6675540881718831,0.02590454465625788,1.83657055761491,47.0,47.0,48.0,46.0,55.0,59.0,94.0,86.0,19.0,21.0,12.0,8.0,84.0,82.0,41.0,24.0,25.0,11.0,62.0,59.0,78.0,76.0,59.0,56.0,28.0,25.0,56.0,28.0,95.0,91.0,True,False,False,Lyon
2017,53577,Leicester,True,1.0,Quarter-finals,6,6,2.1666666666666665,0.16666666666666666,5.833333333333333,0.6285714285714286,0.2,30.666666666666668,9.666666666666666,3.8333333333333335,0.782608695652174,43.0,0.7605118829981719,364.6666666666667,0.1910420475319927,108.08333333333333,12.5,11.716,True,2.542861043048556,-2.311273772077566,1.082394913959478,0.1269361631950754,-1.192777236110483,1.4877123700630548,0.6120664931483173,-0.7650362031875826,0.1710952410098109,-0.3703527109086284,-0.9446703454272848,-1.9866814376675366,-1.3091382785780548,2.193123651152424,-0.8193061064968482,0.2436534405965573,5.0,3.0,84.0,84.0,47.0,54.0,14.0,5.0,88.0,96.0,83.0,80.0,33.0,21.0,62.0,48.0,50.0,25.0,20.0,12.0,9.0,13.0,9.0,8.0,97.0,98.0,22.0,13.0,69.0,60.0,True,False,False,Leicester
2017,54266,CSKA Moskva,False,,Group stage,6,6,0.5,-1.0,6.5,0.5128205128205128,0.1282051282051282,28.833333333333332,13.166666666666666,6.666666666666667,0.775,40.333333333333336,0.7595163457232422,372.1666666666667,0.1768920734437976,111.44666666666667,12.0,48.716,False,3.906326812883265,-0.3377319874229308,-1.1097973168445283,-0.7616169791704523,-0.9530982938465239,0.16111172138228078,-0.38331136800206145,-0.9394486018417467,1.3324689981673152,1.0895884103543716,-1.3045447627329168,-2.0091232042259866,-1.2390762456069915,1.6836925766729283,0.3529516900852655,-0.007859788406340558,38.0,33.0,20.0,15.0,30.0,23.0,25.0,9.0,62.0,57.0,38.0,38.0,16.0,14.0,91.0,84.0,86.0,82.0,14.0,7.0,6.0,12.0,12.0,10.0,94.0,93.0,72.0,35.0,59.0,52.0,True,False,False,CSKA Moskva
2017,59856,Basel,False,,Group stage,6,6,0.3333333333333333,-1.5,8.166666666666666,0.40816326530612246,0.061224489795918366,30.5,8.833333333333334,5.0,0.6333333333333333,43.0,0.8342412451361868,428.3333333333333,0.1264591439688716,110.055,18.166666666666668,87.755,False,4.485879764796767,0.5011390662742163,-1.329016539924929,-1.1424254687556785,-0.3539009381866268,-1.0383463696491595,-1.3119437749062044,-0.7808918757925067,-0.10542232021816593,0.23079951549378325,-0.9446703454272848,-0.3246471017641076,-0.7143894653570291,-0.13200696393572364,-0.13210047054211863,3.0941367026294,56.0,67.0,11.0,8.0,17.0,13.0,41.0,24.0,9.0,15.0,9.0,7.0,28.0,20.0,53.0,36.0,62.0,55.0,20.0,12.0,28.0,41.0,19.0,26.0,50.0,44.0,47.0,24.0,100.0,100.0,True,False,False,Basel
2017,64500,Rostov,False,,Group stage,6,6,0.8333333333333334,-1.0,4.666666666666667,0.7142857142857143,0.21428571428571427,19.166666666666668,13.333333333333334,6.666666666666667,0.7,36.0,0.7240618101545254,302.0,0.1986754966887417,117.49833333333333,11.0,11.716,False,2.542861043048556,-2.311273772077566,-0.6713588706837269,-0.7616169791704523,-1.6122153850724108,2.470068546617805,0.8101263736833413,-1.8590776129273379,1.387772510412911,1.0895884103543716,-1.8893406908545696,-2.8083523548649296,-1.894545487402939,2.467945087691413,2.4622024628254233,-0.5108862464121363,5.0,3.0,34.0,27.0,30.0,23.0,3.0,2.0,100.0,100.0,88.0,86.0,3.0,1.0,94.0,85.0,86.0,82.0,5.0,1.0,3.0,6.0,3.0,1.0,100.0,99.0,97.0,75.0,33.0,34.0,True,False,False,Rostov
2018,1652,Tottenham,True,0.0,Round of 16,6,6,2.6666666666666665,1.8333333333333333,10.5,0.5714285714285714,0.23809523809523808,36.833333333333336,9.5,4.166666666666667,0.88,47.666666666666664,0.8505425271263564,476.1666666666667,0.14455722786139308,115.32333333333334,13.833333333333334,77.192,False,4.359167340527799,0.23963048381873514,1.5235723198617888,1.1713567097430044,0.27689078215053303,1.0807364114339013,1.2653663332372087,-0.1555131610949371,-0.10311850012598761,-0.45403786775739957,-0.35012995515529494,0.11652046818179222,-0.3882724220845865,0.5471090999545194,1.6680896995356942,0.979258370451734,53.0,57.0,100.0,97.0,94.0,93.0,69.0,59.0,91.0,83.0,91.0,92.0,45.0,39.0,50.0,46.0,38.0,32.0,45.0,34.0,47.0,52.0,44.0,43.0,72.0,67.0,100.0,64.0,81.0,75.0,True,False,False,Tottenham
2018,2603790,Leipzig,False,,Group stage,6,6,1.1666666666666667,-0.16666666666666666,10.0,0.4666666666666667,0.16666666666666666,42.5,8.166666666666666,4.333333333333333,0.5769230769230769,54.0,0.8047978968123563,507.1666666666667,0.10778836674334538,109.64999999999999,14.5,18.05,True,2.94706710157271,-1.861094722414019,-0.2747425494832732,-0.10648697361300043,0.08565686066527296,-0.1968544979272979,0.1833030809539488,0.34212895440886276,-0.6012003120552876,-0.3396346254878189,0.6002227802662193,-1.0840450346079011,-0.11426276400449878,-0.7175650083150595,-0.10038248685804156,1.2887523739525286,5.0,9.0,44.0,39.0,42.0,42.0,61.0,53.0,39.0,38.0,56.0,64.0,66.0,64.0,30.0,24.0,42.0,35.0,69.0,70.0,22.0,25.0,53.0,55.0,22.0,22.0,41.0,21.0,88.0,82.0,True,False,False,Leipzig
2018,2610,Olympiacos,False,,Group stage,6,6,0.16666666666666666,-1.5,6.0,0.3611111111111111,0.1111111111111111,25.5,12.0,6.5,0.6923076923076923,40.166666666666664,0.8160069595476294,383.1666666666667,0.16093953892996954,105.33500000000002,14.5,64.58,False,4.1832707714165025,-0.02204382670711589,-1.473619129046648,-0.9583827625170037,-1.4442145112168077,-1.48412412629881,-0.6583016708219199,-1.1507973921025374,0.8307848972414493,1.147607524016735,-1.4755476681544561,-0.7898637515545368,-1.2103013963248497,1.110582757066988,-1.4454396227491517,1.2887523739525286,47.0,49.0,6.0,5.0,27.0,13.0,6.0,5.0,12.0,6.0,22.0,28.0,16.0,7.0,84.0,74.0,86.0,80.0,9.0,6.0,28.0,31.0,9.0,14.0,88.0,84.0,12.0,5.0,88.0,82.0,True,False,False,Olympiacos
2018,50023,Monaco,False,,Group stage,6,6,0.3333333333333333,-1.6666666666666667,7.833333333333333,0.425531914893617,0.1276595744680851,36.833333333333336,8.166666666666666,4.5,0.48148148148148145,47.166666666666664,0.7736318407960199,402.0,0.1521558872305141,103.91833333333334,14.5,62.333,False,4.1484065203206315,-0.07390998255998907,-1.2738063657860859,-1.0648697361300041,-0.7430234657708541,-0.6985004449298581,-0.4076108936971931,-0.1555131610949371,-0.6012003120552876,-0.22523138321823769,-0.42515780268857234,-1.9019965942639252,-1.043833163190173,0.8084668757864856,-1.8870381416782622,1.2887523739525286,44.0,46.0,14.0,8.0,22.0,11.0,25.0,21.0,22.0,22.0,34.0,38.0,45.0,39.0,30.0,24.0,47.0,40.0,39.0,30.0,6.0,16.0,16.0,18.0,81.0,75.0,6.0,3.0,88.0,82.0,True,False,False,Monaco
2018,50037,Bayern München,True,2.0,Semi-finals,6,6,2.5,1.1666666666666667,13.666666666666666,0.5,0.15853658536585366,61.166666666666664,8.0,4.333333333333333,0.7692307692307693,57.333333333333336,0.8838109992254066,645.5,0.11050864962561321,111.03833333333334,11.333333333333334,154.899,False,5.049208361674974,1.266176989845183,1.3237595566012266,0.7454088152910029,1.48803895155718,0.20965170050581103,0.060141409962358415,1.9814206290096157,-0.6634605385464498,-0.3396346254878189,1.100408430488069,0.9896498313109386,1.1084685059227743,-0.6240002031031722,0.33238406169248597,-0.18134414267624704,97.0,98.0,92.0,93.0,75.0,81.0,91.0,88.0,48.0,51.0,53.0,59.0,98.0,95.0,22.0,22.0,42.0,35.0,88.0,82.0,88.0,79.0,88.0,90.0,28.0,24.0,56.0,33.0,50.0,40.0,True,False,False,Bayern München
2018,50050,Celtic,False,,Group stage,6,6,0.5,-2.1666666666666665,6.333333333333333,0.5263157894736842,0.13157894736842105,24.0,11.666666666666666,6.5,0.5897435897435898,46.333333333333336,0.8750855578370978,487.0,0.1132785763175907,111.19,8.5,42.785,False,3.7792912929741878,-0.6230279847386356,-1.0739936025255232,-1.3843306569690053,-1.3167252302266343,0.5305776466372125,-0.34823676227291567,-1.282526187382955,0.7062644442591242,1.147607524016735,-0.550204215244034,0.7606510645592721,-0.29251635877702914,-0.5287278867292152,0.37966107960136347,-1.496693657554626,28.0,28.0,27.0,15.0,12.0,5.0,11.0,8.0,64.0,63.0,38.0,41.0,9.0,4.0,81.0,71.0,86.0,80.0,31.0,26.0,75.0,70.0,50.0,48.0,34.0,28.0,59.0,34.0,6.0,5.0,True,False,False,Celtic
2018,50051,Real Madrid,True,4.0,Winner,6,6,2.1666666666666665,1.6666666666666667,15.333333333333334,0.5760869565217391,0.18478260869565216,61.166666666666664,6.5,3.6666666666666665,0.7727272727272727,59.166666666666664,0.8966737438075018,706.5,0.12054729889124793,107.93833333333333,8.666666666666666,176.999,False,5.181777932298776,1.4633954527461954,0.9241340300801013,1.0648697361300041,2.1254853565080474,1.137546283885734,0.45773941305477556,1.9814206290096157,-1.223802576966912,-0.797247594566143,1.3755105381100856,1.3272319105726496,1.6476488008545598,-0.2787183689041763,-0.6339374032582631,-1.4193201566794273,100.0,100.0,78.0,84.0,91.0,90.0,98.0,94.0,97.0,85.0,69.0,74.0,98.0,95.0,12.0,9.0,23.0,22.0,91.0,85.0,91.0,86.0,94.0,95.0,47.0,36.0,28.0,12.0,9.0,6.0,True,True,False,Real Madrid
2018,50064,Porto,True,0.0,Round of 16,6,6,1.6666666666666667,0.8333333333333334,9.166666666666666,0.5272727272727272,0.2727272727272727,34.0,8.5,4.0,0.5833333333333334,47.666666666666664,0.7939967105263158,405.3333333333333,0.15871710526315788,106.19666666666667,14.833333333333334,98.866,False,4.60382928738525,0.6036043042252425,0.3246957402984142,0.5324348680650021,-0.23306634181016073,0.5422476810419906,1.7900030616169709,-0.40433421884683735,-0.4766798590729624,-0.5684411100269808,-0.35012995515529494,-1.3675216209353802,-1.01436975909554,1.0341415992421747,-1.1768438177063956,1.4434993757029264,66.0,74.0,56.0,61.0,66.0,73.0,44.0,37.0,69.0,64.0,97.0,98.0,41.0,29.0,34.0,30.0,33.0,28.0,45.0,34.0,12.0,22.0,19.0,19.0,84.0,83.0,16.0,7.0,94.0,85.0,True,False,False,Porto
2018,50068,Spartak Moskva,False,,Group stage,6,6,1.0,-0.6666666666666666,9.5,0.40350877192982454,0.15789473684210525,38.0,12.5,6.166666666666667,0.6486486486486487,47.0,0.8487097914457405,471.5,0.13361611876988336,111.32333333333334,11.166666666666666,18.606,False,2.9758356418395344,-1.8182969124442678,-0.4745553127438358,-0.4259478944520016,-0.1055770608199871,-0.9670767686426628,0.05041812014723268,-0.05305743143239024,1.0175655767149367,0.918801039477573,-0.4501670851996645,0.06842041318570383,-0.429521187817073,0.17078693595381036,0.4212232931476342,-0.25871764355144633,9.0,10.0,36.0,33.0,34.0,31.0,53.0,43.0,19.0,14.0,50.0,58.0,50.0,43.0,88.0,78.0,78.0,75.0,34.0,30.0,44.0,51.0,41.0,41.0,62.0,53.0,62.0,35.0,44.0,37.0,True,False,False,Spartak Moskva
2018,50074,Anderlecht,False,,Group stage,6,6,0.5,-2.5,7.5,0.4666666666666667,0.044444444444444446,29.666666666666668,13.666666666666666,6.666666666666667,0.6,44.166666666666664,0.8316126735493058,468.1666666666667,0.14702741189035243,108.37166666666667,11.5,58.48,False,4.085640121591954,-0.1672850506156088,-1.0739936025255232,-1.597304604195006,-0.8705127467610274,-0.1968544979272979,-1.6682273729529622,-0.7848840718791549,1.4533871621530738,1.2620107662863163,-0.8753248878882368,-0.3802925789773528,-0.45898459191170593,0.6320716930045538,-0.49886020923288876,-0.10397064180104858,41.0,42.0,27.0,15.0,5.0,3.0,22.0,17.0,39.0,38.0,6.0,3.0,28.0,17.0,91.0,87.0,91.0,82.0,22.0,16.0,38.0,39.0,38.0,40.0,78.0,70.0,31.0,15.0,53.0,43.0,True,False,False,Anderlecht
2018,50080,Barcelona,True,1.0,Quarter-finals,6,6,2.3333333333333335,1.3333333333333333,9.833333333333334,0.5423728813559322,0.15254237288135594,50.833333333333336,5.666666666666667,2.8333333333333335,0.9411764705882353,63.0,0.8997747747747747,740.0,0.08378378378378379,103.34499999999998,10.166666666666666,151.999,False,5.0304313854233635,1.2382432311640148,1.1239467933406642,0.8518957889040032,0.021912220170186503,0.7263968680055258,-0.030664228819576877,1.0739555948556279,-1.5351037094227242,-1.369263805914048,1.9507240358652127,1.4086183110492774,1.9437560120056223,-1.5432085998122604,-2.0657556599272233,-0.7229586488026387,94.0,97.0,83.0,89.0,80.0,85.0,56.0,50.0,72.0,69.0,47.0,53.0,84.0,85.0,6.0,4.0,11.0,9.0,100.0,90.0,94.0,88.0,100.0,98.0,9.0,4.0,3.0,3.0,27.0,20.0,True,False,False,Barcelona
2018,50118,APOEL,False,,Group stage,6,6,0.3333333333333333,-2.5,6.333333333333333,0.2894736842105263,0.05263157894736842,21.5,15.333333333333334,7.166666666666667,0.6046511627906976,36.333333333333336,0.7877984084880637,314.1666666666667,0.17877984084880635,111.81666666666666,10.5,26.21,False,3.303584552795155,-1.3307179293337752,-1.2738063657860859,-1.597304604195006,-1.3167252302266343,-2.3577558685454036,-1.5442014095333607,-1.5020741795169845,2.075989427064699,1.6052204930950593,-2.050761165909582,-1.5301957436010754,-1.8201938610837547,1.724204371509393,0.5750034832688257,-0.568211647052241,19.0,15.0,14.0,8.0,5.0,3.0,11.0,8.0,3.0,1.0,9.0,6.0,6.0,1.0,97.0,94.0,94.0,87.0,3.0,2.0,9.0,19.0,3.0,2.0,94.0,93.0,72.0,38.0,33.0,25.0,True,False,False,APOEL
2018,50124,Atleti,False,,Group stage,6,6,1.1666666666666667,0.16666666666666666,12.666666666666666,0.4473684210526316,0.06578947368421052,51.0,8.0,3.0,0.8333333333333334,50.333333333333336,0.859967585089141,514.1666666666666,0.10437601296596434,112.88166666666666,13.333333333333334,142.999,False,4.969806355107443,1.1480537914911495,-0.2747425494832732,0.10648697361300039,1.1055711085866597,-0.43220019175699265,-1.3448739683232867,1.088592127664563,-0.6634605385464498,-1.2548605636444672,0.050018565022185296,0.36388063645162766,-0.0523896154057698,-0.8349337638132129,0.906981663969646,0.7471378678261378,91.0,95.0,44.0,39.0,56.0,54.0,86.0,80.0,31.0,30.0,16.0,10.0,88.0,85.0,22.0,22.0,16.0,11.0,55.0,48.0,56.0,60.0,56.0,58.0,19.0,19.0,81.0,45.0,73.0,68.0,True,False,False,Atleti
2018,50136,Napoli,False,,Group stage,6,6,1.0,0.0,9.166666666666666,0.5636363636363636,0.2,31.833333333333332,9.0,5.0,0.6333333333333333,50.333333333333336,0.8784078516902945,611.3333333333334,0.09023991275899673,114.71833333333332,11.666666666666666,88.666,False,4.496091655961852,0.44332732689222976,-0.4745553127438358,-1.7733643489170683e-17,-0.23306634181016073,0.9857089884235642,0.6882659320194704,-0.5946091453629962,-0.28989917959947503,0.11797834359050546,0.050018565022185296,0.8478444982562839,0.8064686139527855,-1.3211484405816787,1.4795011555694944,-0.026597140925850117,59.0,68.0,36.0,33.0,50.0,48.0,44.0,37.0,88.0,79.0,78.0,80.0,38.0,24.0,47.0,38.0,64.0,55.0,55.0,48.0,81.0,73.0,75.0,85.0,12.0,7.0,97.0,59.0,58.0,46.0,True,False,False,Napoli
2018,50137,Roma,True,2.0,Semi-finals,6,6,1.8333333333333333,0.5,11.0,0.5,0.13636363636363635,43.833333333333336,9.833333333333334,4.666666666666667,0.8214285714285714,54.166666666666664,0.870754716981132,530.0,0.12830188679245283,108.60000000000001,7.833333333333333,53.666,False,4.001241943959776,-0.29284085339857524,0.5245085035589765,0.31946092083900124,0.4681247036357931,0.20965170050581103,-0.27575405637834327,0.45922121688034534,0.02140195285633754,-0.11082814094865644,0.6252320627773114,0.6469883659200083,0.08756155404373771,-0.011997392492408445,-0.427684918534902,-1.8061876610554208,34.0,38.0,62.0,69.0,62.0,65.0,75.0,64.0,48.0,51.0,41.0,43.0,69.0,66.0,56.0,50.0,53.0,45.0,72.0,71.0,69.0,68.0,59.0,65.0,56.0,47.0,34.0,16.0,3.0,1.0,True,False,False,Roma
2018,50139,Juventus,True,1.0,Quarter-finals,6,6,1.8333333333333333,0.3333333333333333,10.166666666666666,0.5737704918032787,0.11475409836065574,38.833333333333336,6.833333333333333,2.5,0.8,53.0,0.8768689533861038,568.5,0.1149223101729698,110.18666666666668,13.666666666666666,140.666,False,4.953472174362881,1.1237540822589958,0.5245085035589765,0.21297394722600077,0.14940150116035944,1.1092965658905602,-0.603114473984158,0.020125232612286447,-1.0992821239845871,-1.5980702904532103,0.4501670851996645,0.8074561903033964,0.4278638713367499,-0.4721912526161794,0.06690542266569713,0.9018848695765347,88.0,94.0,62.0,69.0,59.0,59.0,66.0,55.0,94.0,84.0,25.0,29.0,56.0,48.0,16.0,11.0,3.0,5.0,66.0,65.0,78.0,72.0,69.0,77.0,38.0,29.0,47.0,26.0,78.0,72.0,True,False,False,Juventus
2018,50147,Benfica,False,,Group stage,6,6,0.0,-2.1666666666666665,10.0,0.3,0.016666666666666666,47.0,10.166666666666666,5.333333333333333,0.625,54.5,0.8546631362165342,566.5,0.12032950867902324,109.815,10.833333333333334,111.866,False,4.726201274338939,0.7856522286138281,-1.6734318923072107,-1.3843306569690053,0.08565686066527296,-2.2293854900928434,-2.089029748840897,0.7373153402501157,0.14592240583866203,0.3467848281296674,0.6752506277994967,0.22466564478922282,0.41018582887997007,-0.28620931733335975,-0.04894924759453215,-0.41346464530184324,75.0,82.0,3.0,2.0,12.0,5.0,61.0,53.0,6.0,2.0,3.0,1.0,77.0,75.0,69.0,55.0,69.0,61.0,75.0,72.0,50.0,55.0,66.0,76.0,44.0,36.0,44.0,22.0,38.0,31.0,True,False,False,Benfica
2018,50149,Sporting CP,False,,Group stage,6,6,1.1666666666666667,-0.16666666666666666,7.166666666666667,0.4418604651162791,0.18604651162790697,28.666666666666668,8.666666666666666,4.666666666666667,0.75,43.833333333333336,0.8193363375665711,406.8333333333333,0.1278164686603851,106.87833333333333,15.833333333333334,36.866,False,3.6340536118301574,-0.8390922904141507,-0.2747425494832732,-0.10648697361300043,-0.9980020277512006,-0.4993707386217046,0.4768861338990194,-0.8727032687327667,-0.41441963258180015,-0.11082814094865644,-0.9253434529104211,-0.7024843942867962,-1.0011112272529552,-0.02869346967956177,-0.9643570009510997,1.907740380954119,22.0,24.0,44.0,39.0,42.0,42.0,19.0,14.0,28.0,28.0,72.0,75.0,25.0,14.0,41.0,33.0,53.0,45.0,19.0,15.0,31.0,33.0,22.0,20.0,53.0,46.0,25.0,9.0,100.0,93.0,True,False,False,Sporting CP
2018,50157,Beşiktaş,True,0.0,Round of 16,6,6,2.3333333333333335,1.0,9.0,0.5555555555555556,0.2037037037037037,30.833333333333332,11.166666666666666,5.0,0.8666666666666667,51.166666666666664,0.7984585741811175,432.5,0.19653179190751446,104.085,11.666666666666666,45.84,False,3.8467375387295166,-0.522690894909353,1.1239467933406642,0.6389218416780025,-0.29681098230524716,0.8871620312276597,0.7443729154711947,-0.6824283422166081,0.5194837647856368,0.11797834359050546,0.17506497757764694,-1.2504202355850946,-0.7742430157242801,2.334787136179177,-1.8350853747454292,-0.026597140925850117,31.0,31.0,83.0,89.0,70.0,78.0,38.0,34.0,84.0,76.0,81.0,83.0,34.0,22.0,77.0,66.0,64.0,55.0,59.0,55.0,19.0,24.0,28.0,27.0,100.0,98.0,9.0,4.0,58.0,46.0,True,False,False,Beşiktaş
2018,52682,Man Utd,True,0.0,Round of 16,6,6,2.5,1.5,11.833333333333334,0.5211267605633803,0.16901408450704225,44.333333333333336,8.666666666666666,3.6666666666666665,0.9090909090909091,57.166666666666664,0.8695766500131475,633.8333333333334,0.12200894031028135,106.84166666666668,11.166666666666666,95.192,False,4.566346194130509,0.5478422013407664,1.3237595566012266,0.9583827625170037,0.7868479061112268,0.4672964741605981,0.21886384511349263,0.5031308153071512,-0.41441963258180015,-0.797247594566143,1.0753991479769758,0.6160700580873755,1.0053465915915587,-0.22844484935481363,-0.9757866096763176,-0.25871764355144633,62.0,72.0,92.0,93.0,86.0,88.0,80.0,74.0,56.0,61.0,61.0,65.0,72.0,69.0,41.0,33.0,23.0,22.0,84.0,81.0,66.0,67.0,84.0,89.0,50.0,39.0,22.0,8.0,44.0,37.0,True,False,False,Man Utd
2018,52707,Shakhtar,True,0.0,Round of 16,6,6,2.0,0.0,8.333333333333334,0.52,0.18,38.333333333333336,10.5,5.666666666666667,0.7352941176470589,47.166666666666664,0.8549511854951185,478.0,0.1405160390516039,113.13166666666666,10.5,87.526,False,4.483296294178164,0.42429217748828185,0.724321266819539,-1.7733643489170683e-17,-0.5517895442855937,0.4535554195656767,0.38528822138015734,-0.02378436581451944,0.2704428588209872,0.5755913126688299,-0.42515780268857234,0.2322254834981151,-0.3720675498325385,0.408111407370004,0.9849108143688997,-0.568211647052241,56.0,67.0,72.0,77.0,50.0,48.0,31.0,26.0,53.0,61.0,66.0,71.0,53.0,45.0,72.0,59.0,72.0,66.0,39.0,30.0,53.0,56.0,47.0,44.0,69.0,61.0,84.0,48.0,33.0,25.0,True,False,False,Shakhtar
2018,52714,Sevilla,True,1.0,Quarter-finals,6,6,1.5,0.0,11.833333333333334,0.49295774647887325,0.16901408450704225,58.5,10.0,4.666666666666667,0.5714285714285714,60.166666666666664,0.8606178545366091,685.1666666666666,0.09535392848455364,110.69166666666668,8.833333333333334,112.999,False,4.736189676426197,0.8005115760282995,0.12488297703785163,-1.7733643489170683e-17,0.7868479061112268,0.12377010928754868,0.21886384511349263,1.747236104066651,0.08366217934749978,-0.11082814094865644,1.5255662331766404,0.3809469251239716,1.4590830146489078,-1.14525059983456,0.2243223064721883,-1.3419466558042281,78.0,83.0,52.0,53.0,50.0,48.0,80.0,74.0,44.0,48.0,61.0,65.0,94.0,94.0,62.0,52.0,53.0,45.0,95.0,87.0,59.0,60.0,91.0,94.0,16.0,11.0,50.0,30.0,14.0,7.0,True,False,False,Sevilla
2018,52747,Paris,True,0.0,Round of 16,6,6,2.5,3.5,13.833333333333334,0.5542168674698795,0.30120481927710846,40.5,8.0,3.8333333333333335,0.8260869565217391,52.166666666666664,0.8998682476943346,632.5,0.08168642951251646,109.48500000000001,9.166666666666666,126.333,False,4.846805702133992,0.9650706257382574,1.3237595566012266,2.2362264458730086,1.5517835920522671,0.8708364810897836,2.221406154531656,0.1664905607016392,-0.6634605385464498,-0.6828443522965618,0.32512067264420175,1.411071503082928,0.9935612299537052,-1.615347620768731,-0.15181572612154212,-1.1871996540538312,84.0,89.0,92.0,93.0,100.0,100.0,94.0,89.0,81.0,75.0,100.0,99.0,59.0,54.0,22.0,22.0,28.0,25.0,62.0,60.0,97.0,88.0,81.0,88.0,6.0,3.0,38.0,20.0,19.0,11.0,True,False,False,Paris Saint-Germain
2018,52749,Feyenoord,False,,Group stage,6,6,0.5,-1.5,7.0,0.5476190476190477,0.11904761904761904,28.333333333333332,9.666666666666666,4.833333333333333,0.5172413793103449,42.333333333333336,0.8087343307723412,412.1666666666667,0.18358269308532146,110.77499999999999,15.0,23.212,False,3.186848378029441,-1.5043816807052715,-1.0739936025255232,-0.9583827625170037,-1.0617466682462875,0.7903748411245388,-0.5380724205682245,-0.9019763343506375,-0.040858273634825366,0.0035751013209242045,-1.1504269955102533,-0.9807335249524949,-0.9539697807015418,1.8893996667855883,0.25029868993860027,1.520872876578125,16.0,13.0,27.0,15.0,27.0,13.0,16.0,13.0,75.0,72.0,28.0,32.0,22.0,13.0,53.0,48.0,59.0,50.0,12.0,11.0,25.0,27.0,25.0,22.0,97.0,96.0,53.0,30.0,97.0,86.0,True,False,False,Feyenoord
2018,52758,B. Dortmund,False,,Group stage,6,6,0.3333333333333333,-1.0,9.166666666666666,0.45454545454545453,0.12727272727272726,47.0,10.0,5.833333333333333,0.6571428571428571,56.833333333333336,0.8789083200847907,629.0,0.11234764175940647,113.47166666666668,8.833333333333334,124.899,False,4.835479998207002,0.9482218277128692,-1.2738063657860859,-0.6389218416780025,-0.23306634181016073,-0.344674933721156,-0.41347119757803097,0.7373153402501157,0.08366217934749978,0.6899945549384106,1.0253805829547917,0.8609792658900897,0.9626246556543405,-0.5607476120192948,1.0908944589118903,-1.3419466558042281,81.0,88.0,14.0,8.0,31.0,23.0,44.0,37.0,34.0,32.0,31.0,37.0,77.0,75.0,62.0,52.0,75.0,70.0,81.0,80.0,84.0,74.0,78.0,88.0,31.0,27.0,88.0,50.0,14.0,7.0,True,False,False,Borussia Dortmund
2018,52914,Chelsea,True,0.0,Round of 16,6,6,1.8333333333333333,1.3333333333333333,12.666666666666666,0.5263157894736842,0.21052631578947367,47.833333333333336,8.666666666666666,4.0,0.6666666666666666,49.5,0.8741368487131199,531.0,0.12021343377275581,112.77166666666666,10.0,106.192,False,4.674621618986307,0.7089192325141664,0.5245085035589765,0.8518957889040032,1.1055711085866597,0.5305776466372125,0.8477278849875294,0.8104980042947925,-0.41441963258180015,-0.5684411100269808,-0.07502784753327742,0.7357522417113991,0.09640057527212764,-0.2902017425571093,0.8726928377939744,-0.8003321496778372,72.0,80.0,62.0,69.0,80.0,85.0,86.0,80.0,64.0,63.0,84.0,85.0,81.0,78.0,41.0,33.0,33.0,28.0,50.0,43.0,72.0,70.0,62.0,66.0,41.0,36.0,78.0,44.0,22.0,18.0,True,False,False,Chelsea
2018,52919,Man City,True,1.0,Quarter-finals,6,6,2.5,1.5,10.833333333333334,0.5230769230769231,0.2153846153846154,41.333333333333336,6.166666666666667,3.5,0.7619047619047619,60.166666666666664,0.9012178619756428,739.0,0.07825890843482183,111.77666666666666,11.166666666666666,100.192,False,4.617019702345241,0.6232271584835394,1.3237595566012266,0.9583827625170037,0.4043800631407066,0.49107906865180995,0.9213257094343263,0.2396732247463159,-1.3483230299492368,-0.911650836835724,1.5255662331766404,1.4464920614542356,1.9349169907772326,-1.7332380593273784,0.5625348192049432,-0.25871764355144633,69.0,76.0,92.0,93.0,86.0,88.0,72.0,63.0,59.0,62.0,88.0,87.0,62.0,59.0,9.0,7.0,19.0,19.0,95.0,87.0,100.0,89.0,97.0,98.0,3.0,1.0,69.0,38.0,44.0,37.0,True,False,False,Manchester City
2018,54266,CSKA Moskva,False,,Group stage,6,6,1.5,-0.3333333333333333,8.833333333333334,0.4339622641509434,0.1509433962264151,30.166666666666668,11.166666666666666,6.333333333333333,0.7631578947368421,45.166666666666664,0.7969044922612306,441.5,0.1328803322008305,112.44666666666666,13.166666666666666,39.606,False,3.7039158389400497,-0.7351610414810672,0.12488297703785163,-0.21297394722600085,-0.36055562280033365,-0.5956907680880841,-0.054886943133561183,-0.740974473452349,0.5194837647856368,1.0332042817471536,-0.725269192821682,-1.2912070367619402,-0.6946918246687708,0.14547937420730575,0.7713849422749437,0.6697643669509386,25.0,26.0,52.0,53.0,38.0,38.0,34.0,31.0,25.0,24.0,44.0,52.0,31.0,18.0,77.0,66.0,81.0,78.0,25.0,21.0,16.0,23.0,31.0,31.0,59.0,52.0,75.0,42.0,69.0,67.0,True,False,False,CSKA Moskva
2018,57490,Maribor,False,,Group stage,6,6,0.5,-2.1666666666666665,8.166666666666666,0.32653061224489793,0.061224489795918366,24.5,17.0,7.833333333333333,0.6808510638297872,37.333333333333336,0.8260477692654349,369.8333333333333,0.1469130238846327,113.77166666666665,10.166666666666666,21.125,False,3.096708190893993,-1.6384796420157894,-1.0739936025255232,-1.3843306569690053,-0.6155341847806809,-1.9058397403195526,-1.4140283867022918,-1.2386165889561491,2.6985916919763233,2.062833462173383,-1.9007054708430273,-0.5263432097001739,-1.3281550127033823,0.6281372891440187,1.184409439390985,-0.7229586488026387,12.0,11.0,27.0,15.0,12.0,5.0,28.0,24.0,9.0,3.0,12.0,7.0,12.0,5.0,100.0,98.0,98.0,91.0,6.0,3.0,34.0,36.0,6.0,10.0,75.0,70.0,94.0,52.0,27.0,20.0,True,False,False,Maribor
2018,59856,Basel,True,0.0,Round of 16,6,6,2.0,1.0,9.333333333333334,0.5535714285714286,0.19642857142857142,27.333333333333332,10.0,2.8333333333333335,0.7647058823529411,43.166666666666664,0.7729406743491251,390.5,0.16261203585147246,113.53500000000001,13.333333333333334,74.415,False,4.323006194220215,0.18583498868389747,0.724321266819539,0.6389218416780025,-0.16932170131507357,0.8629652337018795,0.6341627694053071,-0.9897955312042492,0.08366217934749978,-1.369263805914048,-1.0253805829547917,-1.9201362226122538,-1.145481907316657,1.1681087039815394,1.1106365103463676,0.7471378678261378,50.0,56.0,72.0,77.0,70.0,78.0,50.0,40.0,78.0,75.0,75.0,78.0,19.0,10.0,62.0,52.0,11.0,9.0,16.0,13.0,3.0,16.0,12.0,15.0,91.0,86.0,91.0,50.0,73.0,68.0,True,False,False,Basel
2018,60609,Qarabağ,False,,Group stage,6,6,0.3333333333333333,-2.0,4.5,0.37037037037037035,0.07407407407407407,19.0,14.333333333333334,7.833333333333333,0.7446808510638298,46.0,0.84251968503937,465.6666666666667,0.1381531853972799,106.40166666666666,12.0,18.05,False,2.94706710157271,-1.861094722414019,-1.2738063657860859,-1.277843683356005,-2.017916275672588,-1.3712057378451687,-1.2193715053391658,-1.721622171651014,1.7024280681177242,2.062833462173383,-0.6002227802662193,-0.09403861553687572,-0.48108214498268076,0.3268404692068696,-1.1129419143790125,0.12814986082454763,5.0,9.0,14.0,8.0,19.0,7.0,3.0,1.0,16.0,8.0,19.0,12.0,3.0,1.0,94.0,90.0,98.0,91.0,28.0,25.0,41.0,45.0,34.0,39.0,66.0,58.0,19.0,7.0,62.0,52.0,True,False,False,Qarabağ
2018,7889,Liverpool,True,3.0,Runner-up,6,6,2.0,2.8333333333333335,15.333333333333334,0.5869565217391305,0.25,54.166666666666664,5.333333333333333,2.6666666666666665,0.625,55.5,0.8679665738161559,598.3333333333334,0.10807799442896936,111.39333333333336,13.0,56.192,False,4.046414028464551,-0.22564014489400402,0.724321266819539,1.8102785514210071,2.1254853565080474,1.2701026529400092,1.4457102086177522,1.3666862510343332,-1.6596241624050494,-1.4836670481836294,0.8253063228660515,0.5738136899474989,0.6915613379837164,-0.7076031921502697,0.44304345525943195,0.5923908660757401,38.0,40.0,72.0,77.0,97.0,99.0,98.0,94.0,100.0,88.0,94.0,94.0,91.0,89.0,3.0,2.0,6.0,7.0,78.0,75.0,62.0,66.0,72.0,83.0,25.0,22.0,66.0,35.0,66.0,65.0,True,True,False,Liverpool
2019,1652,Tottenham,True,3.0,Runner-up,6,6,1.3333333333333333,-0.16666666666666666,11.166666666666666,0.5970149253731343,0.13432835820895522,55.5,8.5,3.8333333333333335,0.5652173913043478,55.0,0.8610526315789474,554.1666666666666,0.12661654135338346,113.27499999999999,16.333333333333332,67.0,False,4.219507705176107,0.3219016364088012,-0.06085806194501856,-0.15022315323773594,0.3378551844395066,1.7776951467804327,-0.045392259861183545,1.550785004689112,-0.6235084466303137,-0.5483982473653715,0.7364458254129896,0.5390039980985823,0.4251494196195903,-0.24735555783384117,1.0579057816639887,1.5506258287103956,59.0,50.0,48.0,46.0,41.0,42.0,61.0,66.0,94.0,92.0,53.0,42.0,94.0,90.0,31.0,30.0,38.0,25.0,75.0,74.0,72.0,60.0,66.0,74.0,41.0,44.0,91.0,49.0,97.0,95.0,True,True,False,Tottenham
2019,2600431,Hoffenheim,False,,Group stage,6,6,0.5,-0.5,11.666666666666666,0.45714285714285713,0.15714285714285714,37.166666666666664,14.0,7.666666666666667,0.7391304347826086,45.666666666666664,0.8362573099415205,427.5,0.13840155945419103,114.99833333333333,13.666666666666666,14.285,False,2.726871955342798,-1.7110397592703148,-1.2780193008453875,-0.4506694597132078,0.5253355180013137,-0.02320080796522903,0.4576303857933273,-0.42702775491439343,1.3187479534924333,1.6216077207040567,-0.6382530486912581,-0.09067766657933349,-0.7311505004372696,0.18154161272300787,1.6499794357581061,0.4016816546152832,9.0,5.0,14.0,15.0,33.0,35.0,69.0,71.0,56.0,33.0,70.0,57.0,34.0,41.0,89.0,88.0,94.0,90.0,28.0,23.0,47.0,42.0,31.0,26.0,56.0,58.0,97.0,61.0,62.0,72.0,True,False,False,Hoffenheim
2019,50023,Monaco,False,,Group stage,6,6,0.16666666666666666,-2.0,8.0,0.3541666666666667,0.041666666666666664,38.5,9.5,4.666666666666667,0.5,46.666666666666664,0.8434201266713582,473.6666666666667,0.1414496833216045,111.20833333333333,11.333333333333334,57.0,False,4.060443010546419,0.10525855899365658,-1.764883796405535,-1.8026778388528313,-0.849520261451939,-1.349050973835209,-2.088432055101273,-0.28318682694322916,-0.27037091933526874,-0.07665781952419141,-0.4909638836086601,0.09122335604822022,-0.30970960852180857,0.29247327961207786,0.3478754808161164,-0.6036444977179397,44.0,41.0,6.0,5.0,5.0,7.0,14.0,22.0,12.0,5.0,3.0,3.0,47.0,46.0,53.0,46.0,56.0,45.0,38.0,28.0,50.0,45.0,44.0,42.0,62.0,63.0,62.0,34.0,31.0,40.0,True,False,False,Monaco
2019,50031,Young Boys,False,,Group stage,6,6,0.6666666666666666,-1.3333333333333333,8.166666666666666,0.32653061224489793,0.08163265306122448,34.666666666666664,12.333333333333334,4.833333333333333,0.6206896551724138,43.166666666666664,0.8093480934809348,406.5,0.15990159901599016,111.51166666666666,18.166666666666668,20.5,False,3.068052935133617,-1.2463577782092459,-1.0345870530653138,-1.2017852259018875,-0.7870268169313368,-1.7048736855674504,-1.2072469687828178,-0.6967294948603259,0.730185408000692,0.01769026604404425,-1.006475961397753,-0.7740420715202926,-0.9228528556045912,0.9640016866947295,0.45208960561797973,2.340524948400786,16.0,11.0,22.0,21.0,19.0,16.0,22.0,24.0,3.0,3.0,9.0,16.0,27.0,31.0,75.0,77.0,61.0,50.0,19.0,13.0,25.0,28.0,19.0,20.0,84.0,84.0,66.0,36.0,100.0,100.0,True,False,False,Young Boys
2019,50037,Bayern München,True,0.0,Round of 16,6,6,2.3333333333333335,1.6666666666666667,12.0,0.5972222222222222,0.20833333333333334,47.5,7.5,3.6666666666666665,0.8181818181818182,57.333333333333336,0.8787962451684153,603.6666666666666,0.12755383765875208,112.17166666666667,11.166666666666666,135.0,False,4.912654885736052,1.2659548636050175,1.3997354247354248,1.5022315323773594,0.6503224070425189,1.7803641575534728,1.5862972410352636,0.6877394368621279,-0.9766459739253586,-0.6427463329336076,1.0801205439390518,0.9896062651630737,0.8770192567997055,-0.21324413518626428,0.6788412178242398,-0.6754535085988848,94.0,92.0,95.0,89.0,98.0,90.0,75.0,75.0,97.0,92.0,94.0,85.0,77.0,77.0,19.0,18.0,31.0,22.0,88.0,82.0,81.0,74.0,81.0,83.0,44.0,46.0,84.0,40.0,27.0,37.0,True,False,False,Bayern München
2019,50043,Club Brugge,False,,Group stage,6,6,1.0,0.16666666666666666,6.333333333333333,0.42105263157894735,0.15789473684210525,32.333333333333336,10.0,3.6666666666666665,0.8636363636363636,41.0,0.8186813186813187,424.6666666666667,0.15031397174254318,112.07333333333334,10.166666666666666,29.5,False,3.417726683613366,-0.7701088083275079,-0.5477225575051661,0.15022315323773594,-1.4744547066579632,-0.4878735767763692,0.47420811194131157,-0.9484511188098624,-0.0938021556877463,-0.6427463329336076,-1.3256024857433815,-0.5370231343623786,-0.7570151039122256,0.615075094070039,0.6450575180258343,-1.106307573884552,23.0,17.0,30.0,33.0,52.0,54.0,9.0,8.0,30.0,19.0,78.0,58.0,16.0,26.0,62.0,52.0,31.0,22.0,11.0,9.0,31.0,33.0,28.0,25.0,75.0,72.0,78.0,39.0,19.0,20.0,True,False,False,Club Brugge
2019,50051,Real Madrid,True,0.0,Round of 16,6,6,2.0,1.1666666666666667,15.5,0.43010752688172044,0.12903225806451613,62.333333333333336,9.0,3.6666666666666665,0.8181818181818182,61.833333333333336,0.8905508072174739,702.0,0.11514719848053181,110.09833333333331,9.5,162.0,False,5.093750200806762,1.5126032254789123,0.9128709291752769,1.0515620726641517,1.9626847419751694,-0.3712890111248283,-0.1621626659974433,2.2879697605413276,-0.4469396829827912,-0.6427463329336076,1.7429217868107425,1.2881154882674368,1.7746731421070052,-0.6647642257064301,-0.03347950334895584,-1.3935436174083298,100.0,99.0,78.0,77.0,81.0,81.0,97.0,95.0,41.0,23.0,47.0,39.0,100.0,95.0,45.0,38.0,31.0,22.0,100.0,89.0,88.0,83.0,94.0,95.0,22.0,30.0,44.0,25.0,12.0,13.0,True,False,False,Real Madrid
2019,50062,PSV,False,,Group stage,6,6,0.3333333333333333,-1.1666666666666667,9.666666666666666,0.4482758620689655,0.10344827586206896,28.833333333333332,16.333333333333332,8.333333333333334,0.74,37.333333333333336,0.7586742620403936,321.8333333333333,0.1890212325220093,110.28833333333334,13.666666666666666,36.0,False,3.6109179126442243,-0.5069860425604297,-1.5214515486254616,-1.0515620726641517,-0.22458581624591512,-0.1373661003024485,-0.7262479194644532,-1.3260335547341684,2.142735517180871,1.9990000629770008,-1.8656627577129068,-2.060913159690591,-1.6957480653268084,2.023764880230105,0.031797475922551194,0.4016816546152832,33.0,23.0,9.0,8.0,25.0,19.0,53.0,46.0,53.0,30.0,28.0,24.0,9.0,14.0,97.0,96.0,97.0,94.0,6.0,3.0,6.0,12.0,3.0,2.0,100.0,97.0,47.0,26.0,62.0,72.0,True,False,False,PSV
2019,50064,Porto,True,1.0,Quarter-finals,6,6,2.6666666666666665,1.5,9.333333333333334,0.5714285714285714,0.26785714285714285,37.833333333333336,8.5,3.3333333333333335,0.7,54.166666666666664,0.8088824171823807,457.8333333333333,0.14488532945030944,107.14333333333332,15.666666666666666,86.0,False,4.465908118654584,0.6574942955882332,1.8865999202955719,1.3520083791396236,-0.3495727052871195,1.4482629599367143,2.898700561084026,-0.3551072909288109,-0.6235084466303137,-0.8314425040700795,0.6137048545108243,-0.78586800510415,-0.4542470985289164,0.41750820879348993,-1.0487083125451486,1.2633897851866176,75.0,65.0,100.0,97.0,92.0,88.0,42.0,40.0,91.0,83.0,100.0,97.0,41.0,43.0,31.0,30.0,22.0,17.0,70.0,71.0,22.0,27.0,38.0,36.0,69.0,67.0,19.0,10.0,94.0,91.0,True,False,False,Porto
2019,50067,Galatasaray,False,,Group stage,6,6,0.6666666666666666,-0.5,8.833333333333334,0.41509433962264153,0.09433962264150944,38.0,9.0,4.0,0.7083333333333334,53.833333333333336,0.8349106203995794,475.5,0.15212057483350858,102.17333333333333,14.166666666666666,29.5,False,3.417726683613366,-0.7701088083275079,-1.0345870530653138,-0.4506694597132078,-0.5370530388489267,-0.5645884206838683,-0.9270789284920842,-0.3371271749324156,-0.4469396829827912,-0.4540501617971356,0.5646084661499591,-0.12487709036473851,-0.2929736886262489,0.6808235678870812,-2.7562166650680133,0.6171086872581169,23.0,17.0,22.0,21.0,33.0,35.0,34.0,31.0,25.0,17.0,22.0,21.0,44.0,43.0,45.0,38.0,44.0,28.0,62.0,69.0,44.0,41.0,47.0,43.0,81.0,75.0,3.0,2.0,75.0,79.0,True,False,False,Galatasaray
2019,50069,Crvena Zvezda,False,,Group stage,6,6,0.6666666666666666,-2.0,5.666666666666667,0.47058823529411764,0.14705882352941177,20.5,17.0,9.166666666666666,0.6909090909090909,35.166666666666664,0.7484599589322382,324.6666666666667,0.16529774127310062,112.94333333333333,14.5,10.75,False,2.463853240590168,-2.0692662275286633,-1.0345870530653138,-1.8026778388528313,-1.7244284847403726,0.14991257649382325,0.23529382333800766,-2.2250393545539433,2.378160535377568,2.47074049081818,-2.1847892820585364,-2.3203072292137623,-1.669883461851852,1.160385784385537,0.9439573704795327,0.7607267090200062,6.0,3.0,22.0,21.0,5.0,7.0,6.0,4.0,62.0,40.0,62.0,50.0,3.0,1.0,100.0,98.0,100.0,97.0,3.0,1.0,3.0,11.0,6.0,3.0,91.0,88.0,88.0,46.0,81.0,82.0,True,False,False,Crvena Zvezda
2019,50080,Barcelona,True,2.0,Semi-finals,6,6,2.3333333333333335,1.5,14.833333333333334,0.4943820224719101,0.15730337078651685,51.5,9.833333333333334,4.333333333333333,0.8461538461538461,59.833333333333336,0.8923946315045915,707.8333333333334,0.10007063809748057,106.99833333333333,10.0,132.0,False,4.890349128221754,1.2355748477050483,1.3997354247354248,1.3520083791396236,1.71271096389276,0.4562649141601234,0.46116945092604306,1.11926222077562,-0.15265841023692026,-0.26535399066066373,1.4483434566455466,1.3349397385620285,1.8279237963201505,-1.213451892938529,-1.0985249546207594,-1.1781165847654962,91.0,91.0,95.0,89.0,92.0,88.0,94.0,93.0,72.0,49.0,75.0,57.0,91.0,86.0,59.0,50.0,53.0,35.0,94.0,86.0,91.0,84.0,97.0,96.0,16.0,17.0,16.0,9.0,16.0,18.0,True,False,False,Barcelona
2019,50124,Atleti,True,0.0,Round of 16,6,6,2.1666666666666665,0.5,9.333333333333334,0.44642857142857145,0.16071428571428573,47.5,5.833333333333333,2.0,0.5833333333333334,52.0,0.8465199286139203,560.3333333333334,0.11540749553837001,108.27499999999999,10.5,140.0,False,4.948759890378168,1.3151291906545615,1.1563031769553505,0.4506694597132078,-0.3495727052871195,-0.16115053620603575,0.5363745849962535,0.6877394368621279,-1.5652085194171002,-1.5862271886159676,0.29457833016519586,0.16994338541126303,0.4814429683592013,-0.6552911242944411,-0.6599094623228022,-0.9626895521226626,97.0,94.0,88.0,84.0,69.0,65.0,42.0,40.0,50.0,30.0,81.0,60.0,77.0,77.0,3.0,5.0,3.0,2.0,59.0,59.0,59.0,49.0,72.0,76.0,25.0,30.0,28.0,14.0,22.0,25.0,True,False,False,Atleti
2019,50129,AEK Athens,False,,Group stage,6,6,0.0,-1.8333333333333333,4.333333333333333,0.34615384615384615,0.07692307692307693,26.5,14.0,6.833333333333333,0.6829268292682927,42.333333333333336,0.8102541630148992,380.3333333333333,0.18054338299737072,108.74166666666667,13.5,10.0,False,2.3978952727983707,-2.159099720471459,-2.008316044185609,-1.6524546856150952,-2.224376040905192,-1.4522185056392318,-1.311085473226236,-1.5777551786837052,1.3187479534924333,1.1498672928628761,-1.1292169322999173,-0.7510322723007731,-1.161720075932127,1.7152269007020926,-0.4995800395506962,0.32987264373433894,3.0,2.0,3.0,2.0,9.0,9.0,3.0,0.0,9.0,5.0,6.0,14.0,6.0,9.0,89.0,88.0,88.0,84.0,16.0,11.0,28.0,28.0,12.0,13.0,94.0,94.0,31.0,17.0,55.0,70.0,True,False,False,AEK Athens
2019,50136,Napoli,False,,Group stage,6,6,1.5,0.3333333333333333,12.333333333333334,0.43243243243243246,0.0945945945945946,45.166666666666664,8.5,3.5,0.8571428571428571,54.0,0.8591408591408591,667.3333333333334,0.1331168831168831,111.73833333333334,11.166666666666666,78.0,False,4.3694478524670215,0.5261172545433427,0.18257418583505536,0.3004463064754719,0.7753092960837239,-0.3413551361602434,-0.9214572110579131,0.4360178129125906,-0.6235084466303137,-0.7370944185018435,0.5891566603303917,0.4904541922560275,1.4582121113546016,-0.010785858392609865,0.5299638966787216,-0.6754535085988848,62.0,57.0,59.0,53.0,59.0,59.0,81.0,78.0,44.0,24.0,25.0,21.0,69.0,72.0,31.0,30.0,25.0,19.0,66.0,70.0,69.0,59.0,91.0,93.0,53.0,52.0,69.0,37.0,27.0,37.0,True,False,False,Napoli
2019,50137,Roma,True,0.0,Round of 16,6,6,1.5,0.5,13.666666666666666,0.5487804878048781,0.13414634146341464,41.833333333333336,10.5,5.333333333333333,0.8125,50.833333333333336,0.8512820512820513,520.0,0.128525641025641,109.70833333333333,11.5,64.0,False,4.174387269895637,0.2604484649415012,0.18257418583505536,0.4506694597132078,1.2752568522485426,1.1566619083707814,-0.04940543346453596,0.07641549298468113,0.08276660795977615,0.30073452274875223,0.12274097090216529,0.2908783493902296,0.11325273065688492,-0.17787688238860247,-0.16746909237992083,-0.5318354868369954,56.0,48.0,59.0,53.0,69.0,65.0,91.0,88.0,84.0,73.0,50.0,42.0,59.0,61.0,67.0,59.0,66.0,61.0,56.0,53.0,66.0,52.0,59.0,60.0,47.0,47.0,38.0,22.0,34.0,43.0,True,False,False,Roma
2019,50138,Inter,False,,Group stage,6,6,1.3333333333333333,-0.16666666666666666,10.666666666666666,0.421875,0.09375,38.666666666666664,11.666666666666666,6.333333333333333,0.8421052631578947,47.833333333333336,0.8270676691729323,487.6666666666667,0.14730006835269993,111.74333333333334,14.166666666666666,16.0,False,2.833213344056216,-1.5662048179836314,-0.06085806194501856,-0.15022315323773594,0.15037485087769933,-0.47728533009121926,-0.9400791500586051,-0.2652067109468339,0.494760389803995,0.8668230361581682,-0.3191265243456285,-0.3240502511971606,-0.18190803841026082,0.505388827559605,0.5316817119227067,0.6171086872581169,12.0,7.0,48.0,46.0,41.0,42.0,56.0,61.0,34.0,20.0,19.0,21.0,50.0,47.0,72.0,71.0,78.0,78.0,44.0,34.0,38.0,37.0,53.0,48.0,72.0,70.0,72.0,38.0,75.0,79.0,True,False,False,Inter
2019,50139,Juventus,True,1.0,Quarter-finals,6,6,2.0,0.8333333333333334,12.666666666666666,0.4342105263157895,0.11842105263157894,48.833333333333336,6.833333333333333,2.8333333333333335,0.8823529411764706,56.166666666666664,0.8837814397224631,576.5,0.12113327551315409,110.42,12.333333333333334,126.0,False,4.844187086458591,1.1727030280934108,0.9128709291752769,0.7511157661886797,0.9002961851249283,-0.31846162981397386,-0.396122510827868,0.8315803648332922,-1.2120709921220552,-1.1144867607747875,0.9082831846760202,1.1162061799146497,0.6290233528927739,-0.44691038109917397,0.07703327734753461,-0.17279043243227252,88.0,89.0,78.0,77.0,75.0,73.0,86.0,80.0,47.0,25.0,31.0,31.0,84.0,81.0,6.0,11.0,14.0,9.0,78.0,77.0,84.0,79.0,78.0,78.0,34.0,38.0,50.0,27.0,45.0,57.0,True,False,False,Juventus
2019,50143,Ajax,True,2.0,Semi-finals,6,6,2.0,1.0,11.666666666666666,0.5571428571428572,0.15714285714285714,45.666666666666664,8.333333333333334,4.166666666666667,0.8,56.333333333333336,0.84375,554.6666666666666,0.09495192307692307,110.66000000000001,14.833333333333334,53.5,False,3.9982007016691985,0.020485722557655135,0.9128709291752769,0.9013389194264156,0.5253355180013137,1.264329988948972,0.4576303857933273,0.48995816090177713,-0.6823647011794876,-0.35970207622889944,0.932831378856454,0.0996005487198594,0.42971376140928846,-1.3997394633456983,0.15948840905890369,0.9043447307818955,41.0,37.0,78.0,77.0,78.0,78.0,69.0,71.0,88.0,76.0,70.0,57.0,72.0,72.0,25.0,27.0,50.0,32.0,81.0,78.0,53.0,46.0,69.0,74.0,12.0,11.0,56.0,29.0,84.0,85.0,True,False,False,Ajax
2019,50147,Benfica,False,,Group stage,6,6,1.1666666666666667,-0.8333333333333334,11.166666666666666,0.47761194029850745,0.08955223880597014,33.666666666666664,9.333333333333334,5.833333333333333,0.6857142857142857,44.0,0.8236184708554126,440.3333333333333,0.1389099167297502,111.15333333333335,12.166666666666666,80.0,False,4.394449154672439,0.5601685508525415,-0.3042903097250922,-0.7511157661886797,0.3378551844395066,0.240344941509746,-1.0326329662859246,-0.8046101908386989,-0.32922717388444267,0.5837787794534602,-0.8837349904955876,-0.41164326451390304,-0.6139990611683511,0.20004247502583095,0.32897951313226914,-0.24459944331321756,66.0,59.0,38.0,39.0,28.0,27.0,61.0,66.0,66.0,43.0,16.0,19.0,20.0,29.0,50.0,44.0,72.0,70.0,22.0,15.0,34.0,35.0,34.0,30.0,59.0,59.0,59.0,34.0,41.0,55.0,True,False,False,Benfica
2019,52268,Valencia,False,,Group stage,6,6,1.3333333333333333,0.0,8.166666666666666,0.3673469387755102,0.12244897959183673,39.666666666666664,10.5,4.833333333333333,0.7931034482758621,50.0,0.8455114822546973,479.0,0.11795407098121086,107.64499999999998,13.5,36.0,False,3.6109179126442243,-0.5069860425604297,-0.06085806194501856,-7.817868916702855e-18,-0.7870268169313368,-1.1793509113167557,-0.30731326360652306,-0.15732601496846088,0.08276660795977615,0.01769026604404425,0.0,0.14433370825121952,-0.26102329609836195,-0.5626125223015304,-0.8763541830651411,0.32987264373433894,33.0,23.0,48.0,46.0,47.0,48.0,22.0,24.0,16.0,7.0,38.0,34.0,53.0,51.0,67.0,59.0,61.0,50.0,50.0,47.0,56.0,48.0,50.0,44.0,31.0,34.0,22.0,11.0,55.0,70.0,True,False,False,Valencia
2019,52682,Man Utd,True,1.0,Quarter-finals,6,6,1.6666666666666667,0.5,9.5,0.42105263157894735,0.12280701754385964,44.5,8.833333333333334,2.6666666666666665,0.9375,50.666666666666664,0.8712776176753122,520.5,0.11591418507845021,105.39,15.333333333333334,82.0,False,4.418840607796598,0.5933892443555662,0.4260064336151293,0.4506694597132078,-0.2870792607665173,-0.4878735767763692,-0.29941910829795915,0.3640973489270089,-0.5057959375319652,-1.2088348463430236,0.09819277672173161,0.7986693640339471,0.11781707244658306,-0.6368509565974347,-1.6510888581031773,1.119771763424729,72.0,62.0,66.0,61.0,69.0,65.0,48.0,43.0,30.0,19.0,41.0,34.0,66.0,69.0,39.0,36.0,8.0,7.0,53.0,51.0,78.0,68.0,62.0,60.0,28.0,31.0,6.0,5.0,91.0,89.0,True,False,False,Man Utd
2019,52707,Shakhtar,False,,Group stage,6,6,1.0,-1.3333333333333333,9.0,0.48148148148148145,0.14814814814814814,34.666666666666664,13.666666666666666,6.0,0.5833333333333334,49.5,0.8659961064243997,513.6666666666666,0.11161583387410773,116.03833333333334,9.166666666666666,81.0,False,4.406719247264253,0.5768801827168462,-0.5477225575051661,-1.2017852259018875,-0.47455959432832456,0.2901664759398144,0.2593116618748475,-0.6967294948603259,1.2010354443940847,0.6781268650216964,-0.07364458254129896,0.6645444333264613,0.05543773465404156,-0.7932826781130585,2.007285006507361,-1.5371616391702192,69.0,61.0,30.0,33.0,19.0,16.0,38.0,34.0,69.0,44.0,66.0,51.0,27.0,31.0,84.0,87.0,75.0,73.0,47.0,43.0,75.0,64.0,56.0,57.0,19.0,26.0,100.0,68.0,9.0,11.0,True,False,False,Shakhtar
2019,52747,Paris,True,0.0,Round of 16,6,6,1.8333333333333333,1.3333333333333333,12.666666666666666,0.631578947368421,0.2236842105263158,44.0,8.833333333333334,4.0,0.625,56.666666666666664,0.8958103638368247,604.6666666666666,0.08351708930540243,106.07666666666667,11.833333333333334,109.0,False,4.700480365792417,0.9769772180207339,0.6694386813952029,1.2017852259018875,0.9002961851249283,2.2227175746219476,1.9247591498899443,0.3101570009378224,-0.5057959375319652,-0.4540501617971356,0.9819277672173192,1.4216828771470191,0.8861479403791017,-1.815892226832505,-1.4151755645956579,-0.3882174650751061,84.0,81.0,70.0,69.0,86.0,85.0,86.0,80.0,100.0,96.0,97.0,90.0,62.0,67.0,39.0,36.0,44.0,28.0,84.0,79.0,94.0,86.0,84.0,84.0,3.0,3.0,9.0,6.0,38.0,49.0,True,False,False,Paris Saint-Germain
2019,52758,B. Dortmund,True,0.0,Round of 16,6,6,2.1666666666666665,1.3333333333333333,8.666666666666666,0.38461538461538464,0.19230769230769232,47.666666666666664,7.0,2.6666666666666665,0.9375,60.333333333333336,0.9047406082289803,745.3333333333334,0.0836314847942755,114.54333333333334,8.166666666666666,89.0,False,4.499809670330265,0.7036675617631483,1.1563031769553505,1.2017852259018875,-0.5995464833695295,-0.9570143529799235,1.2329578856375198,0.7057195528585232,-1.153214737572881,-1.2088348463430236,1.5219880391868457,1.6484680440046775,2.1702494305475106,-1.811728983205517,1.4936582485553087,-1.9680157044558864,78.0,68.0,88.0,84.0,86.0,85.0,31.0,29.0,19.0,10.0,91.0,77.0,81.0,77.0,9.0,13.0,8.0,7.0,97.0,87.0,100.0,91.0,100.0,98.0,6.0,3.0,94.0,58.0,3.0,2.0,True,False,False,Borussia Dortmund
2019,52919,Man City,True,1.0,Quarter-finals,6,6,2.1666666666666665,1.6666666666666667,15.666666666666666,0.4574468085106383,0.1702127659574468,61.833333333333336,7.333333333333333,2.8333333333333335,0.7058823529411765,58.833333333333336,0.9003280343174362,660.5,0.08629825889477669,110.62833333333333,13.666666666666666,100.0,False,4.61512051684126,0.8607187333361063,1.1563031769553505,1.5022315323773594,2.0251781864957716,-0.019287340497404604,0.7458006467061621,2.2340294125521414,-1.0355022284745328,-1.1144867607747875,1.3010542915629488,1.536409933738368,1.3958327735620601,-1.7146759403984915,0.14860891251364927,0.4016816546152832,81.0,76.0,88.0,84.0,98.0,90.0,100.0,96.0,59.0,34.0,88.0,66.0,97.0,95.0,14.0,17.0,14.0,9.0,91.0,84.0,97.0,88.0,88.0,92.0,9.0,5.0,53.0,29.0,62.0,72.0,True,False,False,Manchester City
2019,53065,Lokomotiv Moskva,False,,Group stage,6,6,0.5,-1.3333333333333333,8.0,0.3333333333333333,0.08333333333333333,37.0,9.666666666666666,5.5,0.6666666666666666,45.166666666666664,0.777733439744613,417.6666666666667,0.1420590582601756,106.49000000000001,15.166666666666666,22.5,False,3.1570004211501135,-1.1252130003324472,-1.2780193008453875,-1.2017852259018875,-0.849520261451939,-1.617286556525668,-1.1697497310671388,-0.44500787091078864,-0.21151466478609482,0.39508260831698844,-0.711897631232557,-1.5769019046774668,-0.8209158889679994,0.31465052064181204,-1.2731695044260805,1.047962752543784,19.0,12.0,14.0,15.0,19.0,16.0,14.0,22.0,6.0,4.0,12.0,17.0,31.0,40.0,56.0,48.0,69.0,63.0,25.0,21.0,9.0,17.0,22.0,23.0,66.0,63.0,12.0,7.0,88.0,88.0,True,False,False,Lokomotiv Moskva
2019,5312,Lyon,True,0.0,Round of 16,6,6,1.3333333333333333,0.16666666666666666,12.166666666666666,0.5068493150684932,0.1643835616438356,37.5,13.5,6.5,0.717948717948718,46.0,0.85099573257468,468.6666666666667,0.12553342816500712,112.145,8.666666666666666,59.5,False,4.102643365036796,0.1627346361714951,-0.06085806194501856,0.15022315323773594,0.712815851563121,0.6167851458825346,0.6172761595198069,-0.39106752292160213,1.142179189844911,0.9611711217264044,-0.5891566603303917,0.2836072341805829,-0.35535302641878985,-0.28677375625439233,0.6696795365229755,-1.7525886718130528,47.0,43.0,48.0,46.0,52.0,54.0,78.0,76.0,78.0,54.0,84.0,63.0,38.0,42.0,81.0,86.0,81.0,80.0,31.0,25.0,62.0,52.0,41.0,40.0,38.0,42.0,81.0,40.0,6.0,6.0,True,False,False,Lyon
2019,54266,CSKA Moskva,False,,Group stage,6,6,1.1666666666666667,-0.16666666666666666,9.5,0.5263157894736842,0.14035087719298245,33.666666666666664,14.166666666666666,6.666666666666667,0.825,46.333333333333336,0.8088235294117647,419.3333333333333,0.1625596184419714,112.03666666666668,14.0,45.0,False,3.828641396489095,-0.21045081407676194,-0.3042903097250922,-0.15022315323773594,-0.2870792607665173,0.8674219989227893,0.0873945018216762,-0.8046101908386989,1.3776042080416073,1.0555192072946407,-0.5400602719695254,-0.787363470659019,-0.8057014163356726,1.0607361169125644,0.6324602062365996,0.5452996763771726,38.0,31.0,38.0,39.0,41.0,42.0,48.0,43.0,81.0,63.0,56.0,46.0,20.0,29.0,94.0,89.0,84.0,82.0,34.0,26.0,19.0,27.0,25.0,24.0,88.0,86.0,75.0,39.0,69.0,77.0,True,False,False,CSKA Moskva
2019,57388,Schalke,True,0.0,Round of 16,6,6,1.8333333333333333,0.3333333333333333,8.333333333333334,0.5,0.12,40.166666666666664,7.333333333333333,3.0,0.7777777777777778,46.833333333333336,0.799581589958159,398.3333333333333,0.1506276150627615,108.22666666666665,14.166666666666666,62.0,False,4.143134726391533,0.21788309732461866,0.6694386813952029,0.3004463064754719,-0.7245333724107339,0.528598104998,-0.36130928591710076,-0.10338566697927438,-1.0355022284745328,-1.0201386752065515,-0.4664156894282264,-1.0220641898146376,-0.9974037715029942,0.6264896486727577,-0.6765150096813456,0.6171086872581169,52.0,46.0,70.0,69.0,59.0,59.0,28.0,26.0,75.0,51.0,34.0,32.0,56.0,53.0,14.0,17.0,19.0,11.0,41.0,29.0,16.0,24.0,16.0,17.0,78.0,73.0,25.0,14.0,75.0,79.0,True,False,False,Schalke
2019,64388,Viktoria Plzeň,False,,Group stage,6,6,1.1666666666666667,-1.5,8.166666666666666,0.42857142857142855,0.14285714285714285,32.166666666666664,13.166666666666666,7.0,0.6190476190476191,41.0,0.797146678555506,373.8333333333333,0.18858671422202408,109.64833333333333,12.333333333333334,33.0,False,3.5263605246161616,-0.6221515907874151,-0.3042903097250922,-1.3520083791396236,-0.7870268169313368,-0.39106674994071505,0.1426535889816241,-0.9664312348062585,1.0244666807465623,1.2442153784311125,-1.3256024857433815,-1.0838992040074542,-1.2210565191982028,2.007951271135515,-0.1880828753077631,-0.17279043243227252,28.0,20.0,38.0,39.0,12.0,13.0,22.0,24.0,38.0,23.0,59.0,48.0,12.0,25.0,78.0,84.0,91.0,86.0,11.0,9.0,12.0,23.0,9.0,11.0,97.0,97.0,34.0,21.0,45.0,57.0,True,False,False,Viktoria Plzeň
2019,7889,Liverpool,True,4.0,Winner,6,6,1.5,0.3333333333333333,11.666666666666666,0.4,0.12857142857142856,50.666666666666664,8.0,4.0,0.7083333333333334,54.166666666666664,0.8297069915868871,574.5,0.13025819553234697,110.07333333333334,13.0,62.0,False,4.143134726391533,0.21788309732461866,0.18257418583505536,0.3004463064754719,0.5253355180013137,-0.7589326919162004,-0.1723232078300791,1.0293616407936421,-0.8000772102778361,-0.4540501617971356,0.6137048545108243,-0.25702418250796794,0.6107659857339813,-0.11482329015773604,-0.042068579568881985,0.11444561109150535,52.0,46.0,59.0,53.0,59.0,59.0,69.0,71.0,22.0,13.0,44.0,38.0,88.0,84.0,22.0,22.0,44.0,28.0,70.0,71.0,41.0,38.0,75.0,78.0,50.0,50.0,41.0,24.0,50.0,65.0,True,True,False,Liverpool
2020,1652,Tottenham,True,0.0,Round of 16,6,6,1.6666666666666667,0.6666666666666666,11.5,0.5797101449275363,0.2608695652173913,44.0,12.0,6.166666666666667,0.6216216216216216,51.5,0.8394271785496649,547.0,0.12279098110907984,110.435,12.166666666666666,78.0,False,4.3694478524670215,0.5476370093714169,0.3680031823073963,0.4995124328435701,0.41635622459607574,1.5679933528048957,1.8298180147452299,0.14916208597058433,0.5702743872243006,0.8359968000909346,0.23448415270421963,0.34285173172838745,0.18948798598776437,-0.42258964399930465,-0.10491841634952656,0.012712891595867751,62.0,57.0,61.0,61.0,72.0,70.0,69.0,69.0,97.0,86.0,94.0,96.0,59.0,67.0,75.0,74.0,83.0,75.0,66.0,57.0,59.0,44.0,66.0,73.0,44.0,40.0,50.0,28.0,59.0,55.0,True,False,False,Tottenham
2020,2603790,Leipzig,True,2.0,Semi-finals,6,6,1.8333333333333333,0.3333333333333333,11.5,0.5072463768115942,0.14492753623188406,56.833333333333336,9.333333333333334,4.5,0.7037037037037037,57.333333333333336,0.8527591542031975,646.3333333333334,0.08844765342960288,115.90166666666664,11.333333333333334,22.0,False,3.1354942159291497,-1.240865298017643,0.5860791421932606,0.24975621642178505,0.41635622459607574,0.6394567007785111,-0.07847306603337834,1.266290900048154,-0.3965484149572953,-0.2255864381197762,1.1463669687761853,0.6706309764888865,1.0565500946150765,-1.641958665666694,1.2355851722136266,-0.32629755096060514,16.0,12.0,73.0,69.0,59.0,59.0,69.0,69.0,78.0,54.0,53.0,49.0,88.0,92.0,34.0,44.0,41.0,40.0,91.0,82.0,69.0,53.0,78.0,90.0,3.0,6.0,91.0,67.0,44.0,40.0,True,False,False,Leipzig
2020,2610,Olympiacos,False,,Group stage,6,6,0.6666666666666666,-1.0,10.833333333333334,0.3384615384615385,0.12307692307692308,30.0,11.5,5.666666666666667,0.5882352941176471,46.333333333333336,0.8078175895765473,409.3333333333333,0.16856677524429967,106.19500000000001,12.5,44.0,False,3.8066624897703196,-0.2680686135496497,-0.9404525770077908,-0.7492686492653552,0.15764944426453362,-1.5233194394798681,-0.4381125389493468,-1.0695238930231277,0.38899511181525137,0.5175218286277214,-0.5731834843880921,-0.43429994256625565,-1.0121786276467317,1.2026921525595813,-1.1446260777229027,0.14831706861845734,41.0,30.0,25.0,21.0,23.0,23.0,61.0,63.0,12.0,4.0,34.0,35.0,19.0,18.0,70.0,69.0,73.0,66.0,31.0,26.0,34.0,26.0,22.0,21.0,84.0,89.0,9.0,6.0,62.0,60.0,True,False,False,Olympiacos
2020,50030,Salzburg,False,,Group stage,6,6,1.1666666666666667,0.5,11.833333333333334,0.5070422535211268,0.22535211267605634,40.166666666666664,12.333333333333334,4.833333333333333,0.6206896551724138,44.5,0.7692307692307693,442.0,0.13499245852187028,114.43333333333335,15.5,54.5,False,4.0163830207523885,0.035902007762083084,-0.2862246973501972,0.3746343246326776,0.5457096147618472,0.6368411045756194,1.2452358878869942,-0.1845257416110275,0.6911272374970003,-0.013269790477634259,-0.8597752265821386,-1.3829934565164406,-0.7270373972927834,0.010627070309424325,0.87552917784652,1.3687546618217614,44.0,38.0,44.0,39.0,67.0,65.0,83.0,74.0,75.0,54.0,91.0,90.0,47.0,53.0,78.0,77.0,53.0,50.0,23.0,18.0,12.0,14.0,31.0,31.0,56.0,55.0,88.0,57.0,91.0,90.0,True,False,False,Salzburg
2020,50037,Bayern München,True,4.0,Winner,6,6,3.0,3.1666666666666665,18.333333333333332,0.5818181818181818,0.21818181818181817,74.5,6.333333333333333,2.8333333333333335,0.7058823529411765,62.5,0.8784295175023652,704.6666666666666,0.12109744560075686,113.79500000000002,10.333333333333334,128.0,False,4.859812404361672,1.2583753276975835,2.1126108613943124,2.3726840560069578,3.0681007229943846,1.5950053281365717,1.1272199350040149,2.8041565402068853,-1.4842240674115912,-1.2871696763304867,1.9540346058684968,1.3017611640615956,1.565730863104269,-0.4827190745313614,0.7190008624746628,-0.7331100820283731,94.0,90.0,100.0,99.0,100.0,100.0,100.0,99.0,100.0,87.0,88.0,88.0,100.0,100.0,8.0,8.0,9.0,9.0,100.0,90.0,94.0,74.0,94.0,95.0,38.0,38.0,84.0,52.0,27.0,22.0,True,True,False,Bayern München
2020,50043,Club Brugge,False,,Group stage,6,6,0.5,-1.3333333333333333,8.0,0.375,0.08333333333333333,39.833333333333336,10.333333333333334,4.166666666666667,0.56,44.333333333333336,0.7856850715746422,407.5,0.1685071574642127,108.69333333333333,15.666666666666666,39.5,False,3.7013019741124933,-0.4207789908134394,-1.1585285368936553,-0.9990248656871402,-0.9418543721445216,-1.0551226891696415,-1.0922527026970141,-0.2135420744442107,-0.03398986413919674,-0.4379030857619181,-0.8858290213270515,-0.978448853713594,-1.0281814517992491,1.200575407354891,-0.5319995901448034,1.4365567503330559,38.0,25.0,19.0,15.0,16.0,16.0,19.0,22.0,19.0,9.0,16.0,17.0,44.0,51.0,55.0,57.0,34.0,32.0,19.0,17.0,22.0,19.0,19.0,20.0,81.0,89.0,38.0,16.0,98.0,91.0,True,False,False,Club Brugge
2020,50051,Real Madrid,True,0.0,Round of 16,6,6,1.8333333333333333,1.0,16.333333333333332,0.5,0.14285714285714285,57.166666666666664,6.333333333333333,3.3333333333333335,0.6,55.333333333333336,0.8721618953603159,675.3333333333334,0.11154985192497532,106.86333333333334,9.0,146.0,False,4.990432586778736,1.447697268755236,0.5860791421932606,0.7492686492653552,2.2919803819997573,0.5466030355758723,-0.11254969247585371,1.295307232881337,-1.4842240674115912,-0.9686947048672735,0.8337214318372257,1.147665739230786,1.3096856766639897,-0.8217089379589695,-0.9807413402186864,-1.2755267901187308,100.0,96.0,73.0,69.0,83.0,78.0,97.0,97.0,69.0,51.0,48.0,48.0,91.0,93.0,8.0,8.0,25.0,17.0,78.0,75.0,88.0,69.0,91.0,94.0,22.0,25.0,19.0,9.0,16.0,9.0,True,False,False,Real Madrid
2020,50067,Galatasaray,False,,Group stage,6,6,0.3333333333333333,-2.1666666666666665,5.333333333333333,0.3125,0.03125,30.833333333333332,14.333333333333334,8.166666666666666,0.7142857142857143,46.666666666666664,0.7933401991074494,485.5,0.14555441125986954,105.13333333333334,15.666666666666666,22.5,False,3.1570004211501135,-1.2096940315113944,-1.37660449677952,-1.6234154067416027,-1.9766814934706913,-1.8559855515423982,-1.9494928366405295,-0.9969830609401688,1.4162443391331974,2.1098966859437867,-0.5210758948982662,-0.7902402950980546,-0.3473340242194136,0.385632023155843,-1.4049616831847118,1.4365567503330559,19.0,12.0,11.0,8.0,9.0,5.0,3.0,3.0,6.0,2.0,3.0,2.0,22.0,22.0,94.0,90.0,97.0,93.0,34.0,28.0,28.0,22.0,41.0,47.0,69.0,68.0,6.0,5.0,98.0,91.0,True,False,False,Galatasaray
2020,50069,Crvena Zvezda,False,,Group stage,6,6,0.5,-2.8333333333333335,7.166666666666667,0.37209302325581395,0.06976744186046512,24.666666666666668,18.0,9.0,0.6481481481481481,39.666666666666664,0.776735459662289,355.3333333333333,0.1824577861163227,110.02166666666666,10.333333333333334,16.75,False,2.8763855159214247,-1.6164195280198437,-1.1585285368936553,-2.122927839585173,-1.2652378475589494,-1.0923721246288394,-1.3155338538636971,-1.5337852183540654,2.745625692132892,2.6406883050491423,-1.6153352741846245,-1.1984835364767152,-1.4835345390481562,1.6958962035785472,-0.2062735657286942,-0.7331100820283731,9.0,8.0,19.0,15.0,3.0,1.0,9.0,14.0,16.0,8.0,12.0,11.0,6.0,6.0,100.0,99.0,100.0,96.0,9.0,5.0,16.0,17.0,9.0,6.0,97.0,95.0,44.0,24.0,27.0,22.0,True,False,False,Crvena Zvezda
2020,50080,Barcelona,True,1.0,Quarter-finals,6,6,2.3333333333333335,0.8333333333333334,9.5,0.5614035087719298,0.15789473684210525,41.166666666666664,9.5,4.333333333333333,0.8846153846153846,57.0,0.8770120724346077,662.6666666666666,0.10462776659959759,107.36833333333334,11.666666666666666,138.0,False,4.9344739331306915,1.3665903469030378,1.2403070218508545,0.6243905410544627,-0.3597641163985513,1.3334156722929662,0.13495422589580788,-0.09747674311147662,-0.33612198982094577,-0.33174476194084745,1.0942593792863582,1.2669119349695854,1.19912070979205,-1.0674794261853622,-0.856908234323981,-0.19069337393801628,97.0,94.0,89.0,89.0,77.0,73.0,34.0,43.0,91.0,78.0,61.0,58.0,53.0,59.0,38.0,46.0,38.0,35.0,88.0,80.0,91.0,72.0,84.0,92.0,19.0,19.0,28.0,10.0,50.0,46.0,True,False,False,Barcelona
2020,50109,Leverkusen,False,,Group stage,6,6,1.0,-0.6666666666666666,9.333333333333334,0.26785714285714285,0.08928571428571429,47.166666666666664,8.0,4.666666666666667,0.6785714285714286,56.833333333333336,0.8556778389194597,666.3333333333334,0.11730865432716359,117.80166666666666,15.333333333333334,61.0,False,4.127134385045092,0.1964259243167928,-0.5043006572360618,-0.4995124328435701,-0.4244408114814367,-2.4280304532372248,-0.994282401674898,0.4248172478858285,-0.8799598160480936,-0.11942811429870494,1.0682055845414453,0.7423896037810799,1.2311263580970857,-0.6172411206097376,1.7014919072630224,1.300952573310467,47.0,44.0,33.0,33.0,33.0,31.0,28.0,40.0,3.0,0.0,22.0,19.0,72.0,76.0,19.0,22.0,45.0,45.0,84.0,80.0,72.0,57.0,88.0,93.0,28.0,33.0,97.0,77.0,83.0,89.0,True,False,False,Leverkusen
2020,50124,Atleti,True,1.0,Quarter-finals,6,6,1.6666666666666667,0.5,11.833333333333334,0.4788732394366197,0.11267605633802817,49.833333333333336,6.5,2.5,0.8,49.666666666666664,0.8337057133737632,522.1666666666666,0.12097031599106288,113.08333333333333,12.0,127.0,False,4.852030263919617,1.2470958308632516,0.3680031823073963,0.3746343246326776,0.5457096147618472,0.27588882857663016,-0.6093005145598223,0.6569479105512979,-1.4237976422752414,-1.4994863239726288,-0.05210758948982695,0.20218409303647167,-0.02727754116906392,-0.48723284527729127,0.5444901818903682,-0.05508919691542668,91.0,89.0,61.0,61.0,67.0,65.0,83.0,74.0,56.0,43.0,28.0,29.0,84.0,83.0,12.0,9.0,6.0,5.0,52.0,44.0,56.0,40.0,53.0,61.0,34.0,37.0,78.0,47.0,56.0,52.0,True,False,False,Atleti
2020,50136,Napoli,True,0.0,Round of 16,6,6,2.0,1.1666666666666667,10.333333333333334,0.3225806451612903,0.1774193548387097,41.0,9.833333333333334,3.0,0.7777777777777778,49.666666666666664,0.833607365998027,506.8333333333333,0.1308780006576784,106.52333333333333,8.333333333333334,80.0,False,4.394449154672439,0.5838740975067362,0.8041551020791252,0.8741467574762477,-0.03638064098412314,-1.7268141221274376,0.45631011991062687,-0.11198490952806824,-0.215269139548246,-1.1810113525094157,-0.05210758948982695,0.19976612968424692,-0.16111934317193738,-0.13545785504710856,-1.064114124385424,-1.5467351441639092,67.0,59.0,81.0,77.0,88.0,81.0,55.0,57.0,9.0,3.0,72.0,68.0,50.0,57.0,48.0,50.0,14.0,11.0,52.0,44.0,53.0,40.0,47.0,55.0,50.0,50.0,12.0,7.0,6.0,4.0,True,False,False,Napoli
2020,50138,Inter,False,,Group stage,6,6,1.1666666666666667,0.16666666666666666,10.166666666666666,0.47540983606557374,0.16393442622950818,27.833333333333332,11.166666666666666,5.0,0.7666666666666667,44.666666666666664,0.8260239217107648,459.8333333333333,0.1362812613265676,116.515,13.0,31.0,False,3.4657359027997265,-0.7622103457770977,-0.2862246973501972,0.12487810821089253,-0.1010573360670092,0.23150945038003318,0.2343615373729506,-1.2581300564388214,0.2681422615425516,0.09288853334343698,-0.8337214318372257,0.013319971533374065,-0.5713735623546587,0.05638635810334045,1.3859831358085237,0.35172333415234136,31.0,18.0,44.0,39.0,52.0,54.0,48.0,55.0,53.0,42.0,66.0,63.0,9.0,11.0,62.0,66.0,61.0,55.0,28.0,19.0,47.0,36.0,34.0,37.0,62.0,57.0,94.0,70.0,66.0,65.0,True,False,False,Inter
2020,50139,Juventus,True,0.0,Round of 16,6,6,2.6666666666666665,1.3333333333333333,9.833333333333334,0.5423728813559322,0.2033898305084746,44.166666666666664,9.666666666666666,3.1666666666666665,0.8421052631578947,56.333333333333336,0.881861877055401,658.8333333333334,0.09233493549203137,111.71500000000002,10.833333333333334,124.0,False,4.8283137373023015,1.2127209067799343,1.676458941622583,0.9990248656871402,-0.23041072623277992,1.0895609083709616,0.8837584535117675,0.16367025238717595,-0.2756955646845962,-1.0748530286883446,0.9900442003067055,1.3861489735864685,1.165660259291332,-1.5039396778258278,0.20895559463111946,-0.5297038164944892,88.0,88.0,95.0,97.0,91.0,85.0,44.0,50.0,88.0,69.0,78.0,83.0,62.0,68.0,42.0,48.0,20.0,15.0,81.0,78.0,97.0,77.0,81.0,92.0,6.0,9.0,62.0,37.0,41.0,31.0,True,False,False,Juventus
2020,50143,Ajax,False,,Group stage,6,6,1.6666666666666667,1.0,9.666666666666666,0.43103448275862066,0.20689655172413793,49.0,11.166666666666666,5.166666666666667,0.8709677419354839,53.0,0.806704260651629,532.0,0.11904761904761904,112.35333333333334,15.5,70.5,False,4.269697449699962,0.40305797477136024,0.3680031823073963,0.7492686492653552,-0.29508742131566595,-0.33710770911130805,0.9414756150724294,0.5844070784683386,0.2681422615425516,0.19904685716450823,0.46896830540843926,-0.46167218833562274,0.05855578837625755,-0.5554987137676943,0.36548391000297326,1.3687546618217614,56.0,52.0,61.0,61.0,83.0,78.0,41.0,46.0,34.0,24.0,84.0,84.0,81.0,81.0,62.0,66.0,66.0,58.0,69.0,65.0,31.0,26.0,59.0,66.0,31.0,35.0,69.0,41.0,91.0,90.0,True,False,False,Ajax
2020,50147,Benfica,False,,Group stage,6,6,1.1666666666666667,-0.16666666666666666,11.666666666666666,0.4142857142857143,0.14285714285714285,45.333333333333336,9.833333333333334,4.666666666666667,0.6428571428571429,48.166666666666664,0.8293001962066711,509.6666666666667,0.12655330281229563,112.63833333333334,10.333333333333334,68.0,False,4.23410650459726,0.35147217320353447,-0.2862246973501972,-0.12487810821089253,0.4810329196789611,-0.5517231756781938,-0.11254969247585371,0.265227417303319,-0.215269139548246,-0.11942811429870494,-0.2865917421940466,0.09387028214031652,-0.13638770584531912,-0.28900740708666733,0.435369920260381,-0.7331100820283731,53.0,51.0,44.0,39.0,44.0,42.0,77.0,71.0,31.0,16.0,48.0,48.0,69.0,72.0,48.0,50.0,45.0,45.0,39.0,36.0,50.0,38.0,50.0,56.0,47.0,44.0,75.0,44.0,27.0,22.0,True,False,False,Benfica
2020,50164,GNK Dinamo,False,,Group stage,6,6,0.8333333333333334,-0.5,6.333333333333333,0.5,0.2631578947368421,29.0,13.333333333333334,5.833333333333333,0.6285714285714286,38.666666666666664,0.7306364084854464,337.8333333333333,0.17414898865318204,107.27,15.166666666666666,29.5,False,3.417726683613366,-0.8317952934998217,-0.7223766171219262,-0.3746343246326776,-1.5886213229733777,0.5466030355758723,1.867481654497439,-1.1565728915226785,1.053685788315099,0.623680152448792,-1.7716580426541042,-2.331872358329028,-1.6362887695949142,1.4008901305381425,-0.8810209513133818,1.2331504847991719,28.0,17.0,28.0,27.0,38.0,35.0,6.0,8.0,69.0,51.0,97.0,96.0,16.0,15.0,84.0,85.0,78.0,70.0,6.0,4.0,3.0,7.0,5.0,5.0,88.0,92.0,22.0,10.0,78.0,88.0,True,False,False,GNK Dinamo
2020,52268,Valencia,True,0.0,Round of 16,6,6,1.8333333333333333,0.3333333333333333,9.5,0.47368421052631576,0.15789473684210525,28.5,13.5,4.833333333333333,0.7931034482758621,48.166666666666664,0.820434616850934,437.1666666666667,0.16507815478459778,107.34500000000001,8.833333333333334,37.0,False,3.6375861597263857,-0.513129203716458,0.5860791421932606,0.24975621642178505,-0.3597641163985513,0.20939761983997432,0.13495422589580788,-1.200097390772454,1.1141122134514485,-0.013269790477634259,-0.2865917421940466,-0.12409838065256576,-0.7692266609676021,1.0788277513979665,-0.8626298959824806,-1.3433288786300253,34.0,24.0,73.0,69.0,59.0,59.0,34.0,43.0,50.0,41.0,61.0,58.0,12.0,13.0,89.0,86.0,53.0,50.0,39.0,36.0,44.0,33.0,28.0,28.0,78.0,87.0,25.0,10.0,11.0,7.0,True,False,False,Valencia
2020,52498,Slavia Praha,False,,Group stage,6,6,0.3333333333333333,-1.0,11.5,0.463768115942029,0.057971014492753624,47.666666666666664,11.166666666666666,6.166666666666667,0.7837837837837838,48.5,0.8085808580858086,505.0,0.1495049504950495,124.40499999999999,15.5,21.5,False,3.1135153092103742,-1.2727217018698247,-1.37660449677952,-0.7492686492653552,0.41635622459607574,0.08233470956267998,-1.5096913766173345,0.46834174713560395,0.2681422615425516,0.8359968000909346,-0.23448415270421963,-0.41553426356887,-0.17712216732445474,0.5258969738099606,3.320722156618886,1.3687546618217614,12.0,12.0,11.0,8.0,23.0,23.0,69.0,69.0,47.0,37.0,6.0,7.0,75.0,77.0,62.0,66.0,83.0,75.0,44.0,38.0,38.0,27.0,44.0,54.0,75.0,72.0,100.0,92.0,91.0,90.0,True,False,False,Slavia Praha
2020,52707,Shakhtar,False,,Group stage,6,6,1.0,-0.8333333333333334,7.666666666666667,0.5,0.17391304347826086,32.0,11.5,5.666666666666667,0.6470588235294118,51.166666666666664,0.8612557427258806,544.1666666666666,0.11332312404287902,110.77166666666666,8.833333333333334,80.0,False,4.394449154672439,0.5838740975067362,-0.5043006572360618,-0.6243905410544627,-1.0712077623102927,0.5466030355758723,0.3985997041612736,-0.8954258960240259,0.38899511181525137,0.5175218286277214,0.18237656321439266,0.8795276502739032,0.16475634866114608,-0.7587484378077152,-0.02236301241972412,-1.3433288786300253,67.0,59.0,33.0,33.0,28.0,27.0,14.0,19.0,69.0,51.0,69.0,68.0,25.0,24.0,70.0,69.0,73.0,66.0,59.0,55.0,78.0,61.0,62.0,71.0,25.0,28.0,53.0,30.0,11.0,7.0,True,False,False,Shakhtar
2020,52747,Paris,True,3.0,Runner-up,6,6,2.6666666666666665,2.5,10.333333333333334,0.5645161290322581,0.27419354838709675,38.166666666666664,9.0,3.0,0.8888888888888888,53.666666666666664,0.8676748582230623,617.1666666666666,0.09370780448285174,105.00833333333334,11.666666666666666,103.0,False,4.6443908991413725,0.946141668555638,1.676458941622583,1.873171623163388,-0.03638064098412314,1.373300183831622,2.0491175945927713,-0.3586237386101292,-0.517401265229995,-1.1810113525094157,0.5731834843880921,1.0373476826814136,0.8019597103704793,-1.455195597641236,-1.4356134420695401,-0.19069337393801628,81.0,77.0,95.0,97.0,97.0,98.0,55.0,57.0,94.0,80.0,100.0,98.0,31.0,44.0,31.0,38.0,14.0,11.0,72.0,68.0,84.0,65.0,75.0,86.0,9.0,10.0,3.0,4.0,50.0,46.0,True,True,False,Paris Saint-Germain
2020,52758,B. Dortmund,True,0.0,Round of 16,6,6,1.6666666666666667,0.0,9.5,0.5087719298245614,0.14035087719298245,38.333333333333336,8.833333333333334,4.833333333333333,0.7586206896551724,49.833333333333336,0.8612920738327905,614.0,0.10396308360477742,113.46666666666668,10.5,85.0,False,4.454347296253507,0.6706909447965811,0.3680031823073963,-2.599547831388088e-18,-0.3597641163985513,0.6590048408211718,-0.1538003455377973,-0.344115572193537,-0.5778276903663445,-0.013269790477634259,-0.02605379474491292,0.8804208849372214,0.7743184686524949,-1.0910791734398242,0.6384889091371803,-0.6653079935170787,72.0,64.0,61.0,61.0,47.0,48.0,34.0,43.0,81.0,55.0,44.0,46.0,36.0,45.0,28.0,36.0,53.0,50.0,56.0,46.0,81.0,61.0,72.0,85.0,16.0,19.0,81.0,50.0,36.0,25.0,True,False,False,Borussia Dortmund
2020,52816,Atalanta,True,1.0,Quarter-finals,6,6,1.1666666666666667,-0.6666666666666666,11.666666666666666,0.44285714285714284,0.11428571428571428,44.5,8.666666666666666,5.0,0.6,49.166666666666664,0.8491871324801107,481.8333333333333,0.12210307851954341,110.29166666666667,15.333333333333334,14.945,False,2.769145300462021,-1.7718543572668959,-0.2862246973501972,-0.4995124328435701,0.4810329196789611,-0.18561443859350565,-0.5828071373820107,0.19268658522035975,-0.6382541155026947,0.09288853334343698,-0.13026897372456683,0.5828094402748412,-0.3793396725244488,-0.4470138091656508,-0.14006576653746247,1.300952573310467,6.0,7.0,44.0,39.0,33.0,31.0,77.0,71.0,38.0,28.0,31.0,29.0,66.0,69.0,25.0,33.0,61.0,55.0,47.0,41.0,66.0,51.0,38.0,46.0,41.0,39.0,47.0,26.0,83.0,89.0,True,False,False,Atalanta
2020,52826,Zenit,False,,Group stage,6,6,1.1666666666666667,-0.3333333333333333,8.5,0.4117647058823529,0.13725490196078433,34.333333333333336,13.0,6.833333333333333,0.8292682926829268,43.166666666666664,0.7803660565723793,400.6666666666667,0.18427620632279534,109.56666666666666,10.5,72.0,False,4.290459441148391,0.43315057186090106,-0.2862246973501972,-0.24975621642178505,-0.7478242868958649,-0.5840268877739023,-0.20475703461431555,-0.6923115661917404,0.9328329380423992,1.2606300953752185,-1.0682055845414453,-1.1092218738285464,-1.0878283418222687,1.760459698672582,-0.31784596806946896,-0.6653079935170787,59.0,54.0,44.0,39.0,41.0,38.0,23.0,27.0,28.0,16.0,38.0,44.0,28.0,30.0,81.0,83.0,94.0,84.0,12.0,13.0,19.0,18.0,16.0,18.0,100.0,96.0,41.0,20.0,36.0,25.0,True,False,False,Zenit
2020,52914,Chelsea,True,0.0,Round of 16,6,6,1.8333333333333333,0.3333333333333333,13.333333333333334,0.4625,0.1375,43.5,8.333333333333334,3.6666666666666665,0.6818181818181818,54.666666666666664,0.8471260908817334,553.8333333333334,0.1351188684923262,108.17333333333333,14.666666666666666,87.0,False,4.477336814478207,0.7040121370789753,0.5860791421932606,0.24975621642178505,1.1277998705078176,0.06608531815221845,-0.20072296339575785,0.1056375867208089,-0.7591069657753938,-0.7563780572251315,0.7295062528575718,0.5321367810911988,0.24913487601078446,0.015115290072006187,-0.6595109071056883,1.029744219265288,75.0,66.0,73.0,69.0,59.0,59.0,94.0,86.0,44.0,37.0,41.0,45.0,56.0,66.0,22.0,27.0,28.0,22.0,75.0,73.0,62.0,49.0,69.0,74.0,59.0,55.0,31.0,13.0,75.0,84.0,True,False,False,Chelsea
2020,52919,Man City,True,1.0,Quarter-finals,6,6,2.3333333333333335,2.0,13.0,0.5128205128205128,0.20512820512820512,59.5,5.166666666666667,2.3333333333333335,0.8571428571428571,61.0,0.8858331407441645,721.1666666666666,0.09521608504737694,112.57499999999999,11.666666666666666,106.0,False,4.672828834461906,0.9873598403184419,1.2403070218508545,1.4985372985307104,0.9984464803420461,0.7108825970882321,0.9123703797555143,1.4984215627136226,-1.9072090433660394,-1.6056446477936999,1.7195504531642771,1.483786251547053,1.7097562804769266,-1.4016436933665644,0.41983969575873137,-0.19069337393801628,84.0,79.0,89.0,89.0,94.0,95.0,91.0,84.0,84.0,57.0,81.0,84.0,94.0,94.0,3.0,2.0,3.0,4.0,94.0,88.0,100.0,81.0,97.0,97.0,12.0,11.0,72.0,43.0,50.0,46.0,True,False,False,Manchester City
2020,53065,Lokomotiv Moskva,False,,Group stage,6,6,0.5,-1.1666666666666667,7.666666666666667,0.45652173913043476,0.08695652173913043,23.833333333333332,14.5,6.666666666666667,0.775,37.166666666666664,0.7543167242229897,337.8333333333333,0.18006906758756783,106.77166666666666,13.833333333333334,28.5,False,3.3843902633457743,-0.880113368671562,-1.1585285368936553,-0.8741467574762477,-1.0712077623102927,-0.010518955639958909,-1.0326186064226826,-1.6063260504370247,1.476670764269547,1.1544717715541477,-2.006142195358324,-1.7496693743260237,-1.6362887695949142,1.6110841142367442,-1.0032192967342313,0.690733776708815,25.0,16.0,19.0,15.0,19.0,19.0,14.0,19.0,41.0,33.0,19.0,18.0,3.0,4.0,97.0,90.0,89.0,82.0,3.0,2.0,6.0,11.0,5.0,5.0,94.0,94.0,16.0,8.0,69.0,75.0,True,False,False,Lokomotiv Moskva
2020,5312,Lyon,True,2.0,Semi-finals,6,6,1.3333333333333333,0.16666666666666666,10.166666666666666,0.4918032786885246,0.14754098360655737,48.333333333333336,9.666666666666666,3.1666666666666665,0.631578947368421,51.333333333333336,0.8170386670858221,530.1666666666666,0.14586607984910405,111.97666666666667,10.333333333333334,61.5,False,4.135166556742356,0.20806781845975936,-0.06814873746433285,0.12487810821089253,-0.1010573360670092,0.44157184051059256,-0.0354583080650082,0.5263744128019716,-0.2756955646845962,-1.0748530286883446,0.2084303579593067,-0.20759102106689434,0.04255296422373971,0.3966978996569848,0.2731199432300242,-0.7331100820283731,50.0,45.0,53.0,46.0,52.0,54.0,48.0,55.0,62.0,47.0,56.0,51.0,78.0,79.0,42.0,48.0,20.0,15.0,62.0,55.0,41.0,31.0,56.0,65.0,72.0,69.0,66.0,39.0,27.0,22.0,True,False,False,Lyon
2020,61582,Genk,False,,Group stage,6,6,0.16666666666666666,-2.5,8.5,0.39215686274509803,0.09803921568627451,39.166666666666664,13.5,6.666666666666667,0.5,44.5,0.7638888888888888,396.0,0.17887205387205388,108.245,7.833333333333333,25.0,False,3.258096538021482,-1.0631645080847114,-1.594680456665384,-1.873171623163388,-0.7478242868958649,-0.8352779818516298,-0.8502084295835509,-0.27157474011057836,1.1141122134514485,1.1544717715541477,-0.8597752265821386,-1.514328642655831,-1.1285628033014043,1.568583822569291,-0.6419372320117186,-1.7501414096977936,22.0,15.0,5.0,5.0,6.0,3.0,23.0,27.0,22.0,12.0,25.0,22.0,41.0,49.0,89.0,86.0,89.0,82.0,23.0,18.0,9.0,13.0,12.0,17.0,91.0,94.0,34.0,14.0,3.0,1.0,True,False,False,Genk
2020,75797,Lille,False,,Group stage,6,6,0.16666666666666666,-1.6666666666666667,10.833333333333334,0.4,0.06153846153846154,38.333333333333336,10.333333333333334,5.5,0.6060606060606061,44.166666666666664,0.7924451665312754,410.3333333333333,0.1437855402112104,111.43500000000002,14.166666666666666,11.699,False,2.5415232502068963,-2.101771584332359,-1.594680456665384,-1.2487810821089254,0.15764944426453362,-0.7347775442205384,-1.4509747279779928,-0.344115572193537,-0.03398986413919674,0.4113635048066502,-0.9118828160719655,-0.8122455184406736,-1.0034498144726312,0.3228277841435531,0.14029565472910369,0.8263379537314038,3.0,3.0,5.0,5.0,12.0,11.0,61.0,63.0,25.0,13.0,9.0,8.0,36.0,45.0,55.0,57.0,69.0,63.0,16.0,16.0,25.0,21.0,25.0,21.0,66.0,66.0,59.0,35.0,72.0,79.0,True,False,False,Lille
2020,7889,Liverpool,True,0.0,Round of 16,6,6,2.1666666666666665,0.8333333333333334,12.0,0.4861111111111111,0.18055555555555555,64.5,7.0,4.0,0.6666666666666666,61.333333333333336,0.8558722919042189,730.8333333333334,0.1331812998859749,110.84000000000002,10.0,91.0,False,4.5217885770490405,0.768440878622707,1.0222310619649895,0.6243905410544627,0.6103863098447325,0.36863351060414845,0.5079288806642147,1.9336665552113768,-1.242518366866192,-0.5440614095829893,1.7716580426541042,0.7471704145282776,1.7941348078265649,-0.0536786007818465,-0.005606717562678957,-0.8687142590509628,78.0,70.0,84.0,84.0,77.0,73.0,88.0,75.0,59.0,46.0,75.0,71.0,97.0,97.0,16.0,13.0,31.0,28.0,97.0,89.0,75.0,57.0,100.0,97.0,53.0,53.0,56.0,32.0,19.0,18.0,True,False,False,Liverpool
2021,2600288,Başakşehir,False,,Group stage,6,6,0.5,-1.8333333333333333,8.833333333333334,0.41509433962264153,0.1320754716981132,34.833333333333336,11.0,6.333333333333333,0.5263157894736842,45.0,0.8013493253373314,444.6666666666667,0.1401799100449775,104.83500000000002,11.833333333333334,21.5,False,3.1135153092103742,-1.3000289644811809,-1.1196246344350853,-1.4320780207890624,-0.05555843643806183,-1.0341471656902599,-0.5119494535726961,-0.3303677897893734,0.9411691534479668,1.3877093652036019,-0.9417922223522308,-0.7034331708858024,-0.9479514536642991,0.3841247317404117,-1.616642171373146,-0.22066575396188742,12.0,12.0,20.0,15.0,8.0,9.0,44.0,31.0,19.0,17.0,41.0,41.0,41.0,32.0,83.0,64.0,92.0,78.0,19.0,20.0,19.0,24.0,16.0,32.0,66.0,60.0,6.0,4.0,42.0,49.0,True,False,False,Başakşehir
2021,2601038,Krasnodar,False,,Group stage,6,6,0.8333333333333334,-0.8333333333333334,6.833333333333333,0.43902439024390244,0.14634146341463414,25.5,13.5,7.5,0.7555555555555555,39.666666666666664,0.753686036426713,384.3333333333333,0.15611448395490027,115.21499999999999,11.666666666666666,35.5,False,3.597312260588446,-0.6076532487205745,-0.7030201192964488,-0.6509445549041193,-0.9089360201266997,-0.7293526551245334,-0.2846676096355738,-1.1883664554452535,2.096568625711455,2.2758433589339075,-1.9463705928612776,-1.8918232959688035,-1.5775277430374934,0.9575378315954608,1.411604627686797,-0.3000062497684094,31.0,22.0,34.0,27.0,36.0,27.0,25.0,12.0,25.0,26.0,44.0,50.0,12.0,7.0,100.0,86.0,100.0,89.0,3.0,5.0,6.0,11.0,9.0,14.0,91.0,80.0,94.0,63.0,38.0,46.0,True,False,False,Krasnodar
2021,2603790,Leipzig,True,0.0,Round of 16,6,6,2.0,-0.16666666666666666,9.666666666666666,0.5,0.1896551724137931,39.0,8.666666666666666,4.5,0.6296296296296297,51.333333333333336,0.8084006462035541,515.8333333333334,0.13376413570274637,111.52166666666666,18.5,49.0,False,3.912023005428146,-0.15726166068913083,0.7550956836887786,-0.13018891098082386,0.30001555676553665,0.047287203528520234,0.40539445157285253,0.05266732880700134,-0.13720368733128924,-0.007929767801163667,0.251144592627262,-0.5276223890926062,-0.205329697967189,0.1532500893216184,0.33411668505403447,2.952954078298969,44.0,34.0,70.0,77.0,48.0,42.0,62.0,46.0,42.0,51.0,69.0,77.0,56.0,49.0,42.0,33.0,56.0,40.0,66.0,55.0,28.0,27.0,56.0,59.0,59.0,53.0,62.0,36.0,100.0,100.0,True,False,False,Leipzig
2021,2610,Olympiacos,False,,Group stage,6,6,0.5,-1.3333333333333333,4.5,0.37037037037037035,0.07407407407407407,27.333333333333332,11.166666666666666,5.333333333333333,0.6875,49.666666666666664,0.8179979777553084,494.5,0.1506572295247725,105.63833333333332,11.833333333333334,43.0,False,3.784189633918261,-0.3402076710869545,-1.1196246344350853,-1.0415112878465909,-1.9045432010967767,-1.6037916070894533,-1.4360117175129914,-1.0198310032628488,1.018195784932199,0.6264516562919115,-0.06278614815681584,-0.2883318511559477,-0.4279423085742856,0.76115597682063,-1.382278819230109,-0.22066575396188742,38.0,29.0,20.0,15.0,23.0,16.0,3.0,1.0,12.0,8.0,9.0,12.0,17.0,10.0,88.0,66.0,73.0,61.0,52.0,44.0,38.0,32.0,31.0,50.0,81.0,74.0,12.0,6.0,42.0,49.0,True,False,False,Olympiacos
2021,50030,Salzburg,False,,Group stage,6,6,0.6666666666666666,-1.1666666666666667,13.0,0.5256410256410257,0.1282051282051282,41.333333333333336,8.833333333333334,5.333333333333333,0.5,47.666666666666664,0.7718933887158186,481.5,0.12287988923502942,108.78333333333335,14.833333333333334,53.5,False,3.9982007016691985,-0.033930283863503094,-0.9113223768657671,-0.9113223768657671,1.7223115295799327,0.37387422101339435,-0.5736106982471181,0.26716699522097154,-0.060177055847056134,0.6264516562919115,-0.43950303709770816,-1.437858868443532,-0.5635968681629848,-0.23842461386912406,-0.4647608825207038,1.2074631705554981,47.0,37.0,30.0,21.0,30.0,19.0,97.0,84.0,53.0,62.0,34.0,38.0,66.0,59.0,48.0,36.0,73.0,61.0,41.0,34.0,16.0,15.0,19.0,46.0,44.0,40.0,31.0,17.0,92.0,85.0,True,False,False,Salzburg
2021,50037,Bayern München,True,1.0,Quarter-finals,6,6,2.6666666666666665,2.1666666666666665,11.333333333333334,0.4852941176470588,0.2647058823529412,55.333333333333336,10.5,5.666666666666667,0.8529411764705882,61.166666666666664,0.8577777777777778,637.5,0.12627450980392158,109.635,12.666666666666666,136.0,False,4.919980925828125,1.285255876070072,1.588304713966051,1.6924558427507101,1.011163543172735,-0.14002005649956922,1.6010816552886526,1.5541649937047914,0.7100892589952691,0.880204225929142,2.103335963253315,0.7034990234010003,1.0642578469014061,-0.11626760394568786,-0.21629683076739253,0.17603672507071913,100.0,93.0,98.0,97.0,100.0,97.0,84.0,68.0,34.0,45.0,97.0,97.0,91.0,90.0,75.0,59.0,78.0,66.0,100.0,89.0,81.0,58.0,88.0,90.0,50.0,44.0,44.0,21.0,67.0,62.0,True,False,False,Bayern München
2021,50043,Club Brugge,False,,Group stage,6,6,1.3333333333333333,-0.3333333333333333,6.666666666666667,0.45,0.2,34.666666666666664,9.166666666666666,4.833333333333333,0.7241379310344828,50.5,0.8171641791044776,536.0,0.15143034825870647,114.53500000000001,12.833333333333334,28.5,False,3.3843902633457743,-0.9123720358525486,-0.07811334658849432,-0.2603778219616477,-0.9800508187674193,-0.5895574805669836,0.570205390463409,-0.3456891945332289,0.09387620712140843,0.24582280183606625,0.09417922223522308,-0.30912097640521424,0.005108785497331216,0.7889770162966225,1.2132223711009875,0.25537722087724113,19.0,16.0,47.0,46.0,42.0,38.0,22.0,11.0,28.0,31.0,73.0,80.0,38.0,31.0,55.0,42.0,66.0,50.0,59.0,49.0,34.0,32.0,62.0,68.0,84.0,74.0,88.0,58.0,73.0,64.0,True,False,False,Club Brugge
2021,50051,Real Madrid,True,2.0,Semi-finals,6,6,1.6666666666666667,0.3333333333333333,11.166666666666666,0.5522388059701493,0.16417910447761194,57.5,6.333333333333333,3.3333333333333335,0.6,58.166666666666664,0.8876326718966313,722.3333333333334,0.1174434702353484,110.58833333333332,10.833333333333334,134.0,False,4.90527477843843,1.2642094860586883,0.3384911685501423,0.2603778219616477,0.9400487445320148,0.7126473212402413,-0.0004832337546364417,1.7533432553749062,-1.2155765281105448,-0.896063761531469,1.5382606298419765,1.4478719394785573,1.9494908062686873,-0.43405669592792123,0.0618273132695803,-0.696708728801016,97.0,91.0,61.0,61.0,61.0,59.0,81.0,66.0,75.0,74.0,53.0,63.0,97.0,93.0,9.0,8.0,22.0,17.0,94.0,83.0,97.0,82.0,97.0,97.0,38.0,33.0,53.0,29.0,25.0,31.0,True,False,False,Real Madrid
2021,50064,Porto,True,1.0,Quarter-finals,6,6,2.1666666666666665,1.1666666666666667,6.333333333333333,0.5,0.2631578947368421,24.0,7.666666666666667,2.8333333333333335,0.8235294117647058,41.333333333333336,0.7695729537366548,374.6666666666667,0.18193950177935944,108.42,12.166666666666666,75.0,False,4.330733340286331,0.4419667283447798,0.9633979412580966,0.9113223768657671,-1.122280416048859,0.047287203528520234,1.5764195436899622,-1.3262590981399487,-0.5993634762366842,-1.2766926159873142,-1.6324398520771997,-1.4957143391456618,-1.6783990822188335,1.886863184645131,-0.5707592451082262,-0.061984762348845146,59.0,56.0,80.0,84.0,78.0,81.0,19.0,8.0,42.0,51.0,94.0,96.0,6.0,4.0,33.0,20.0,9.0,9.0,6.0,9.0,12.0,14.0,6.0,11.0,94.0,95.0,28.0,15.0,53.0,55.0,True,False,False,Porto
2021,50080,Barcelona,True,0.0,Round of 16,6,6,2.5,1.8333333333333333,14.333333333333334,0.5581395348837209,0.18604651162790697,66.66666666666667,6.5,3.0,0.7222222222222222,57.333333333333336,0.9105621805792163,782.6666666666666,0.05259795570698467,108.97666666666669,10.333333333333334,128.0,False,4.859812404361672,1.1991469764626466,1.3800024563967332,1.4320780207890624,2.2912299187056915,0.787804278058176,0.3479022635877749,2.5960205162869316,-1.1385498966263121,-1.1498163311686993,1.381295259449939,2.0195740253855665,2.5790670956418804,-2.7675528852580893,-0.408358084079636,-0.9347302162205803,94.0,90.0,92.0,93.0,91.0,93.0,100.0,91.0,78.0,76.0,66.0,75.0,100.0,98.0,12.0,9.0,14.0,11.0,89.0,82.0,100.0,94.0,100.0,100.0,3.0,0.0,34.0,18.0,12.0,22.0,True,False,False,Barcelona
2021,50124,Atleti,True,0.0,Round of 16,6,6,1.5,-0.16666666666666666,10.166666666666666,0.4262295081967213,0.11475409836065574,48.5,7.166666666666667,2.5,0.6,49.666666666666664,0.8122020972354623,524.5,0.12202097235462345,107.91333333333331,12.333333333333334,127.0,False,4.852030263919617,1.1880097317086862,0.13018891098082397,-0.13018891098082386,0.513359952687696,-0.8923197074320598,-0.7879087944926498,0.9259873992067363,-0.8304433706893818,-1.5304451856245445,-0.06278614815681584,-0.43284070342718695,-0.11489332490805658,-0.2693331398011993,-0.7185734755055072,0.017355733457676843,91.0,89.0,55.0,53.0,48.0,42.0,73.0,55.0,22.0,22.0,25.0,29.0,84.0,80.0,25.0,16.0,6.0,5.0,52.0,44.0,31.0,29.0,59.0,62.0,41.0,39.0,25.0,12.0,58.0,57.0,True,False,False,Atleti
2021,50138,Inter,False,,Group stage,6,6,1.0,-0.3333333333333333,9.333333333333334,0.35714285714285715,0.125,42.166666666666664,7.0,3.8333333333333335,0.6521739130434783,50.666666666666664,0.848132271892223,544.3333333333334,0.11145131659522352,112.395,12.833333333333334,44.0,False,3.8066624897703196,-0.3080461214710814,-0.4947178617271306,-0.2603778219616477,0.15778595948409754,-1.7722690367443483,-0.6246739164931235,0.3437740189402461,-0.9074700021736145,-0.5154349070756238,0.12557229631363032,0.46300735344262195,0.09206683651572856,-0.6496871491182683,0.5889017400809159,0.25537722087724113,41.0,30.0,38.0,33.0,42.0,38.0,58.0,40.0,9.0,6.0,28.0,36.0,75.0,63.0,20.0,13.0,28.0,25.0,62.0,51.0,66.0,50.0,66.0,72.0,28.0,25.0,72.0,42.0,73.0,64.0,True,False,False,Inter
2021,50139,Juventus,True,0.0,Round of 16,6,6,2.5,1.6666666666666667,10.166666666666666,0.5081967213114754,0.22950819672131148,43.0,9.166666666666666,3.6666666666666665,0.8636363636363636,51.666666666666664,0.8830536004331349,615.6666666666666,0.0936654033567948,114.48833333333333,13.833333333333334,117.0,False,4.770684624465665,1.0715936501676506,1.3800024563967332,1.3018891098082386,0.513359952687696,0.1516879714130292,1.0403218391020446,0.4203810426595213,0.09387620712140843,-0.6423111918942391,0.3139307407840765,1.3337018216867857,0.8364277532332056,-1.2897215611742734,1.1996079025117607,0.7314201957163696,88.0,85.0,92.0,93.0,88.0,90.0,73.0,55.0,47.0,55.0,84.0,91.0,78.0,65.0,55.0,42.0,25.0,22.0,69.0,58.0,94.0,78.0,84.0,86.0,9.0,10.0,84.0,57.0,84.0,75.0,True,False,False,Juventus
2021,50143,Ajax,False,,Group stage,6,6,1.1666666666666667,0.0,9.166666666666666,0.5454545454545454,0.12727272727272726,41.166666666666664,8.666666666666666,4.166666666666667,0.76,54.833333333333336,0.8063932448733414,552.6666666666666,0.11700844390832328,112.04166666666667,14.666666666666666,69.5,False,4.255612709818223,0.3344594359970468,-0.28641560415781236,5.420202244566957e-18,0.08667116084337725,0.6262369163426142,-0.5884654526459562,0.25184559047711613,-0.13720368733128924,-0.2616823374383936,0.9103991482738235,-0.5776729830072826,0.1790248875341247,-0.44971132190713825,0.48582076361966126,1.1281226747489763,56.0,51.0,41.0,39.0,53.0,48.0,53.0,37.0,70.0,71.0,31.0,37.0,62.0,59.0,42.0,33.0,42.0,32.0,81.0,73.0,25.0,26.0,69.0,73.0,34.0,32.0,69.0,39.0,88.0,84.0,True,False,False,Ajax
2021,52298,Ferencváros,False,,Group stage,6,6,0.16666666666666666,-2.0,7.5,0.3333333333333333,0.1111111111111111,27.5,10.833333333333334,6.0,0.5555555555555556,46.5,0.8484552845528456,512.5,0.13951219512195123,111.07833333333332,12.666666666666666,9.0,False,2.302585092994046,-2.46057449352052,-1.5362291495737215,-1.5622669317698863,-0.6244768255638204,-2.07552841012316,-0.8459478622258149,-1.0045095985189936,0.8641425219637345,1.1339567955663719,-0.6592545556465615,0.47106103720919046,-0.24011291837454818,0.3600966977310711,0.20477923345641666,0.17603672507071913,3.0,2.0,6.0,5.0,3.0,7.0,31.0,17.0,6.0,4.0,20.0,28.0,22.0,11.0,78.0,63.0,88.0,73.0,25.0,27.0,69.0,50.0,47.0,57.0,62.0,60.0,59.0,33.0,67.0,62.0,True,False,False,Ferencváros
2021,52682,Man Utd,False,,Group stage,6,6,1.5,0.8333333333333334,10.0,0.6,0.25,45.0,8.833333333333334,4.0,0.5833333333333334,49.5,0.8379165318667098,515.1666666666666,0.1103202846975089,106.125,13.666666666666666,100.0,False,4.61512051684126,0.8489613866606059,0.13018891098082397,0.6509445549041193,0.44224515404697645,1.3209765717195279,1.3667915951010972,0.6042378995857813,-0.060177055847056134,-0.3885586222570089,-0.09417922223522308,0.20829801960916908,-0.21228634204866156,-0.6903878613035884,-1.240299361085355,0.6520796999098477,75.0,76.0,55.0,53.0,69.0,73.0,69.0,53.0,100.0,92.0,89.0,94.0,81.0,71.0,48.0,36.0,33.0,28.0,45.0,43.0,59.0,43.0,53.0,58.0,25.0,24.0,16.0,6.0,81.0,72.0,True,False,False,Man Utd
2021,52707,Shakhtar,False,,Group stage,6,6,1.3333333333333333,-1.1666666666666667,5.5,0.5454545454545454,0.15151515151515152,23.0,12.0,5.833333333333333,0.7142857142857143,47.333333333333336,0.8554294975688816,514.1666666666666,0.1319286871961102,110.78666666666668,8.666666666666666,85.0,False,4.454347296253507,0.6188742119429764,-0.07811334658849432,-0.9113223768657671,-1.477854409252458,0.6262369163426142,-0.2022418382761676,-1.4181875266030786,1.4033289423533621,1.0070805107477567,-0.5022891852545227,0.6449492868015549,-0.2227213081708692,0.08720061578287681,0.11968880477378199,-1.728135174285795,67.0,64.0,47.0,46.0,30.0,19.0,9.0,3.0,70.0,71.0,47.0,53.0,3.0,3.0,94.0,74.0,83.0,70.0,38.0,31.0,75.0,57.0,50.0,58.0,56.0,52.0,56.0,31.0,3.0,6.0,True,False,False,Shakhtar
2021,52714,Sevilla,True,0.0,Round of 16,6,6,2.1666666666666665,0.16666666666666666,11.666666666666666,0.5428571428571428,0.12857142857142856,37.333333333333336,7.0,4.166666666666667,0.68,57.333333333333336,0.854985754985755,585.0,0.14045584045584045,109.63333333333334,10.5,102.0,False,4.634728988229636,0.8770236333817284,0.9633979412580966,0.13018891098082386,1.1533931404541742,0.5931540756103802,-0.567774901876146,-0.10054671863154843,-0.9074700021736145,-0.2616823374383936,1.381295259449939,0.633885440476233,0.5164221254855053,0.3940542167163899,-0.21678306178843576,-0.8553897204140591,78.0,77.0,80.0,84.0,56.0,54.0,91.0,71.0,66.0,70.0,38.0,38.0,53.0,41.0,20.0,13.0,42.0,32.0,89.0,82.0,72.0,56.0,78.0,79.0,69.0,61.0,41.0,20.0,17.0,25.0,True,False,False,Sevilla
2021,52723,Dynamo Kyiv,False,,Group stage,6,6,0.6666666666666666,-1.5,6.0,0.5833333333333334,0.1111111111111111,28.5,11.5,6.5,0.6666666666666666,44.5,0.8560110230795729,483.8333333333333,0.12366517395797451,112.87,11.0,55.0,False,4.02535169073515,0.004926276589387729,-0.9113223768657671,-1.1717001988274147,-1.2645100133302987,1.1086950103543607,-0.8459478622258149,-0.9125811700558636,1.1722490479006644,1.5145856500222172,-1.035971444587454,0.6594484787411896,-0.5392486138778338,-0.21016577558463426,0.7274775810783632,-0.6173682329944948,50.0,39.0,30.0,21.0,16.0,13.0,12.0,5.0,91.0,87.0,20.0,28.0,27.0,13.0,91.0,69.0,97.0,80.0,16.0,18.0,78.0,57.0,22.0,47.0,47.0,40.0,75.0,45.0,28.0,34.0,True,False,False,Dynamo Kyiv
2021,52747,Paris,True,2.0,Semi-finals,6,6,2.0,1.1666666666666667,9.833333333333334,0.4915254237288136,0.22033898305084745,41.5,9.833333333333334,4.5,0.7777777777777778,54.166666666666664,0.860702491744221,555.1666666666666,0.1095767036925848,102.50166666666667,10.666666666666666,113.0,False,4.736198448394496,1.02223949286445,0.7550956836887786,0.9113223768657671,0.37113035540625694,-0.06065257343681914,0.8942404567567057,0.28248839996482633,0.4019827330583392,-0.007929767801163667,0.7848268519601919,0.7764209991155036,0.2051123028396438,-0.7171459717768998,-2.2973656008342855,-0.776049224607538,81.0,83.0,70.0,77.0,78.0,81.0,66.0,50.0,38.0,47.0,81.0,89.0,69.0,60.0,69.0,50.0,56.0,40.0,78.0,71.0,84.0,60.0,72.0,74.0,19.0,23.0,3.0,2.0,22.0,29.0,True,False,False,Paris Saint-Germain
2021,52748,Marseille,False,,Group stage,6,6,0.5,-1.8333333333333333,7.166666666666667,0.3023255813953488,0.046511627906976744,31.333333333333332,7.666666666666667,4.166666666666667,0.52,49.833333333333336,0.837573385518591,511.0,0.1288323548597521,105.365,12.5,31.0,False,3.4657359027997265,-0.7959559543115122,-1.1196246344350853,-1.4320780207890624,-0.7667064228452599,-2.47047084987231,-1.8751290051685645,-0.6521172894103288,-0.5993634762366842,-0.2616823374383936,-0.031393074078407246,0.19974234204509186,-0.2557653675578596,-0.024222352487827593,-1.462020706681268,0.09669622926419799,22.0,18.0,20.0,15.0,8.0,9.0,28.0,14.0,3.0,2.0,3.0,4.0,31.0,23.0,33.0,20.0,42.0,32.0,56.0,46.0,53.0,43.0,44.0,56.0,53.0,48.0,9.0,5.0,62.0,60.0,True,False,False,Marseille
2021,52757,Mönchengladbach,True,0.0,Round of 16,6,6,1.3333333333333333,1.1666666666666667,8.833333333333334,0.5283018867924528,0.3018867924528302,27.333333333333332,9.5,4.166666666666667,0.64,43.833333333333336,0.8370672097759674,491.0,0.109979633401222,115.09833333333331,14.833333333333334,26.0,False,3.295836866004329,-1.0391033467727016,-0.07811334658849432,0.9113223768657671,-0.05555843643806183,0.40776532660144693,2.193437656517566,-1.0198310032628488,0.24792947008987382,-0.2616823374383936,-1.1615437409010843,0.18712184799529083,-0.4644646900020123,-0.7026463576322464,1.3775684562137382,1.2074631705554981,16.0,15.0,47.0,46.0,78.0,81.0,44.0,31.0,56.0,64.0,100.0,100.0,17.0,10.0,62.0,46.0,42.0,32.0,12.0,15.0,50.0,42.0,28.0,49.0,22.0,24.0,91.0,62.0,92.0,85.0,True,False,False,Mönchengladbach
2021,52758,B. Dortmund,True,1.0,Quarter-finals,6,6,2.1666666666666665,1.1666666666666667,11.5,0.5362318840579711,0.17391304347826086,57.0,5.666666666666667,3.1666666666666665,0.7894736842105263,55.833333333333336,0.8758507392630838,710.1666666666666,0.09833372447782211,115.92666666666666,9.0,85.0,False,4.454347296253507,0.6188742119429764,0.9633979412580966,0.9113223768657671,1.0822783418134547,0.5087688586701904,0.1545951967393975,1.7073790411433412,-1.5236830540474748,-1.0229400463500844,1.0987575927442697,1.1541126812293476,1.822532051781827,-1.1217298407643457,1.6192252736724444,-1.569454182672752,67.0,64.0,80.0,84.0,78.0,81.0,88.0,69.0,59.0,66.0,56.0,68.0,94.0,92.0,6.0,4.0,19.0,15.0,84.0,76.0,88.0,71.0,94.0,96.0,12.0,14.0,100.0,67.0,8.0,9.0,True,False,False,Borussia Dortmund
2021,52816,Atalanta,True,0.0,Round of 16,6,6,1.8333333333333333,0.3333333333333333,10.666666666666666,0.5625,0.15625,42.0,7.333333333333333,4.5,0.7037037037037037,46.833333333333336,0.8035479632063075,507.3333333333333,0.11399474375821288,109.85333333333334,12.0,33.5,False,3.5409593240373143,-0.6883015551405771,0.5467934261194602,0.2603778219616477,0.7267043486098554,0.8433430586479003,-0.1268075385945684,0.3284526141963913,-0.7534167392051495,-0.007929767801163667,-0.5964684074897457,-0.6486144709630058,-0.2940269100059545,-0.5581607322821667,-0.15260056701067215,-0.14132525815536628,28.0,21.0,66.0,69.0,61.0,59.0,78.0,61.0,81.0,78.0,50.0,56.0,72.0,62.0,28.0,17.0,56.0,40.0,31.0,29.0,22.0,25.0,41.0,55.0,31.0,29.0,50.0,23.0,48.0,52.0,True,False,False,Atalanta
2021,52826,Zenit,False,,Group stage,6,6,0.16666666666666666,-1.5,6.166666666666667,0.40540540540540543,0.10810810810810811,28.5,10.166666666666666,5.0,0.5666666666666667,47.0,0.8199455411844793,489.6666666666667,0.14908100748808714,111.77499999999999,11.5,64.0,False,4.174387269895637,0.21821537545847142,-1.5362291495737215,-1.1717001988274147,-1.1933952146895788,-1.1575540907062167,-0.8937908775193695,-0.9125811700558636,0.5560359960268038,0.37269908665468154,-0.5650753334113385,-0.23977319731357985,-0.47837797816495564,0.7044348891263575,0.4080238002526708,-0.3793467455749306,53.0,48.0,6.0,5.0,16.0,13.0,16.0,6.0,16.0,14.0,16.0,26.0,27.0,13.0,72.0,55.0,69.0,55.0,34.0,30.0,44.0,33.0,25.0,49.0,75.0,72.0,66.0,38.0,34.0,43.0,True,False,False,Zenit
2021,52914,Chelsea,True,4.0,Winner,6,6,2.3333333333333335,2.0,9.333333333333334,0.5892857142857143,0.25,39.666666666666664,6.833333333333333,3.0,0.8888888888888888,53.5,0.8480446927374302,596.6666666666666,0.10726256983240223,109.85000000000001,13.166666666666666,83.0,False,4.430816798843313,0.5851990411090566,1.1717001988274152,1.5622669317698863,0.15778595948409754,1.1845098536990633,1.3667915951010972,0.11395294778242113,-0.9844966336578472,-1.1498163311686993,0.6592545556465615,0.46082373990907033,0.6381633969112606,-0.8004211617975442,-0.1535730290527586,0.4140582124902834,62.0,63.0,88.0,89.0,95.0,95.0,58.0,40.0,94.0,89.0,89.0,94.0,59.0,51.0,16.0,11.0,14.0,11.0,75.0,67.0,62.0,50.0,81.0,82.0,16.0,21.0,47.0,23.0,78.0,67.0,True,True,False,Chelsea
2021,52919,Man City,True,3.0,Runner-up,6,6,2.6666666666666665,2.0,11.833333333333334,0.5633802816901409,0.18309859154929578,54.666666666666664,3.3333333333333335,1.3333333333333333,0.875,59.166666666666664,0.8787878787878788,698.5,0.08923884514435695,109.03000000000002,10.5,116.0,False,4.762173934797756,1.0594137576866212,1.588304713966051,1.5622669317698863,1.2245079390948945,0.8545551129453567,0.30093681424785235,1.4928793747293712,-2.6020558948267305,-2.4185791793548503,1.7266190743124228,1.227344463740264,1.7007907803560718,-1.449013330168623,-0.39279869140624035,-0.8553897204140591,84.0,85.0,98.0,97.0,95.0,95.0,94.0,74.0,84.0,79.0,62.0,72.0,88.0,89.0,3.0,0.0,3.0,0.0,97.0,85.0,91.0,74.0,91.0,95.0,6.0,6.0,38.0,18.0,17.0,25.0,True,True,False,Manchester City
2021,52973,Lazio,True,0.0,Round of 16,6,6,1.6666666666666667,0.6666666666666666,9.0,0.5925925925925926,0.2037037037037037,35.0,8.333333333333334,4.0,0.75,46.666666666666664,0.8376557763556753,494.8333333333333,0.14247221286628495,115.29333333333334,9.0,41.0,False,3.7376696182833684,-0.4067838019010423,0.3384911685501423,0.5207556439232954,0.015556362202657707,1.2266292111127866,0.6292117759921263,-0.31504638504551863,-0.2912569502997538,-0.3885586222570089,-0.6278614815681544,0.20179659510706632,-0.4244639865335499,0.4666143216097616,1.4344574856758534,-1.569454182672752,34.0,27.0,61.0,61.0,66.0,70.0,50.0,34.0,97.0,90.0,78.0,83.0,44.0,33.0,38.0,27.0,33.0,28.0,28.0,28.0,56.0,43.0,34.0,50.0,72.0,64.0,97.0,64.0,8.0,9.0,True,False,False,Lazio
2021,53065,Lokomotiv Moskva,False,,Group stage,6,6,0.5,-0.8333333333333334,4.666666666666667,0.5714285714285714,0.17857142857142858,24.166666666666668,12.666666666666666,5.833333333333333,0.7142857142857143,41.5,0.765492643780651,373.8333333333333,0.18368256798930005,106.28333333333335,11.166666666666666,33.0,False,3.5263605246161616,-0.7091943163902593,-1.1196246344350853,-0.6509445549041193,-1.8334284024560568,0.9570653236649541,0.22881130276154252,-1.3109376933960935,1.7114354682902921,1.0070805107477567,-1.6010467779987925,-1.5974488222210115,-1.6870948873206737,1.9495882380004788,-1.1941074140862031,-0.5380277371879737,25.0,20.0,20.0,15.0,36.0,27.0,6.0,2.0,88.0,83.0,59.0,69.0,9.0,5.0,97.0,80.0,83.0,70.0,9.0,10.0,9.0,14.0,3.0,11.0,97.0,96.0,19.0,7.0,31.0,37.0,True,False,False,Lokomotiv Moskva
2021,55031,Rennes,False,,Group stage,6,6,0.16666666666666666,-1.3333333333333333,8.833333333333334,0.5094339622641509,0.05660377358490566,37.0,9.333333333333334,4.666666666666667,0.6428571428571429,49.5,0.8283062645011601,502.8333333333333,0.153463705667882,107.84666666666668,17.166666666666668,14.0,False,2.70805020110221,-1.8803017290008506,-1.5362291495737215,-1.0415112878465909,-0.05555843643806183,0.16744657788616246,-1.7143437247239235,-0.13118952811925866,0.1709028386056415,0.11894651701745163,-0.09417922223522308,-0.03131504733725356,-0.34098425755588885,0.8621483343186573,-0.7380227163472444,2.3182301118467983,6.0,5.0,6.0,5.0,23.0,16.0,44.0,31.0,50.0,55.0,6.0,7.0,50.0,40.0,59.0,44.0,62.0,45.0,45.0,43.0,47.0,37.0,38.0,53.0,88.0,77.0,22.0,11.0,97.0,98.0,True,False,False,Rennes
2021,75795,Midtjylland,False,,Group stage,6,6,0.3333333333333333,-1.5,8.5,0.45098039215686275,0.0784313725490196,32.333333333333336,11.0,6.333333333333333,0.6578947368421053,45.833333333333336,0.7346278317152104,412.0,0.18446601941747573,113.51166666666667,12.0,14.5,False,2.740840023925201,-1.8333752715643914,-1.3279268920044036,-1.1717001988274147,-0.19778803371950168,-0.5770703298984444,-1.3665924404203822,-0.5601888609471984,0.9411691534479668,1.3877093652036019,-0.7848268519601919,-2.3670020509102043,-1.2888270136564153,1.9777811043146718,0.9146765241801744,-0.14132525815536628,9.0,6.0,12.0,8.0,16.0,13.0,38.0,27.0,31.0,32.0,12.0,14.0,34.0,26.0,83.0,64.0,92.0,78.0,22.0,23.0,3.0,8.0,12.0,22.0,100.0,97.0,78.0,50.0,48.0,52.0,True,False,False,Midtjylland
2021,7889,Liverpool,True,1.0,Quarter-finals,6,6,2.1666666666666665,1.1666666666666667,8.333333333333334,0.54,0.2,36.833333333333336,9.666666666666666,4.333333333333333,0.8846153846153846,52.5,0.8197725284339458,571.5,0.1504811898512686,114.23,12.333333333333334,99.0,False,4.605170185988092,0.8347211823209694,0.9633979412580966,0.9113223768657671,-0.2689028323602212,0.5567629508049239,0.570205390463409,-0.14651093286311342,0.3249561015741061,-0.13480605261977896,0.4708961111761154,-0.24408692909639962,0.37555008283570224,0.7548211067794243,1.1242420942499947,0.017355733457676843,72.0,75.0,80.0,84.0,78.0,81.0,34.0,26.0,62.0,68.0,73.0,80.0,47.0,39.0,66.0,48.0,50.0,35.0,72.0,62.0,41.0,33.0,75.0,77.0,78.0,73.0,81.0,56.0,58.0,57.0,True,False,False,Liverpool
2022,2603790,Leipzig,False,,Group stage,6,6,1.1666666666666667,0.16666666666666666,10.833333333333334,0.5230769230769231,0.23076923076923078,42.5,7.0,4.5,0.5185185185185185,47.5,0.8255335080494197,445.1666666666667,0.12841632347435417,114.89999999999999,16.166666666666668,66.0,False,4.204692619390966,0.1296805954096702,-0.2965582567852358,0.12463539056995118,0.5748223263654192,0.6004106492172026,1.074864337610839,-0.1900065347030849,-0.8084859280894848,0.02606430175713453,-0.3917053290746373,-0.3917481502579376,-0.3624118998606086,-0.15954006885576624,-0.006371306333664753,2.027567637686883,53.0,49.0,45.0,39.0,56.0,54.0,73.0,63.0,66.0,62.0,84.0,91.0,55.0,64.0,25.0,13.0,50.0,40.0,34.0,32.0,41.0,36.0,47.0,32.0,41.0,47.0,50.0,60.0,97.0,94.0,True,False,False,Leipzig
2022,50030,Salzburg,True,0.0,Round of 16,6,6,1.6666666666666667,0.3333333333333333,8.666666666666666,0.5384615384615384,0.15384615384615385,48.166666666666664,6.666666666666667,2.0,0.5,49.5,0.7756745871929118,413.8333333333333,0.1558598469593234,117.96166666666666,16.833333333333332,59.0,False,4.0943445622221,-0.04173622599034251,0.32234593128829997,0.24927078113990236,-0.24975039007600952,0.7646257584446616,-0.04759727513180115,0.2564883027849412,-0.9245018460216082,-1.5377938036709262,-0.07834106581492746,-1.5708731718146278,-0.6819590183658739,0.7250780234770238,0.9018024849319018,2.323158363910027,47.0,43.0,66.0,61.0,61.0,59.0,44.0,29.0,77.0,67.0,42.0,54.0,62.0,79.0,19.0,10.0,6.0,2.0,50.0,43.0,6.0,17.0,34.0,22.0,81.0,79.0,88.0,78.0,100.0,97.0,True,False,False,Salzburg
2022,50031,Young Boys,False,,Group stage,6,6,0.8333333333333334,-0.8333333333333334,10.833333333333334,0.38461538461538464,0.1076923076923077,42.5,8.5,5.333333333333333,0.65625,49.0,0.8293313631326191,451.1666666666667,0.16291097155522719,121.256,14.5,35.0,False,3.58351893845611,-0.8352626999693614,-0.7091610488342597,-0.6231769528497559,0.5748223263654192,-0.8775253338299349,-0.7210742427773852,-0.1900065347030849,-0.28641429739492946,0.5473503368998213,-0.15668213162985492,-0.30193180686505455,-0.3012220261042813,0.9523648874340344,1.8789915517884739,1.2885908221290212,19.0,22.0,27.0,27.0,27.0,27.0,73.0,63.0,19.0,10.0,28.0,26.0,55.0,64.0,48.0,30.0,77.0,61.0,47.0,40.0,44.0,38.0,50.0,34.0,84.0,86.0,97.0,89.0,88.0,82.0,True,False,False,Young Boys
2022,50037,Bayern München,True,1.0,Quarter-finals,6,6,3.0,3.1666666666666665,14.833333333333334,0.4943820224719101,0.24719101123595505,62.5,5.5,2.3333333333333335,0.7857142857142857,57.0,0.8945523193096009,618.0,0.0970873786407767,119.15666666666668,12.666666666666666,134.0,False,4.90527477843843,1.2179785674319474,1.9727570994843953,2.368072420829072,2.097110418257287,0.29412179380418735,1.3144909740390427,1.3858575976075962,-1.3305575587840404,-1.3292793896138513,1.0967749214089844,1.2404935011246114,1.400196408064709,-1.1694013364388998,1.2562720594215169,0.47571632501537314,100.0,91.0,97.0,99.0,100.0,100.0,100.0,93.0,56.0,49.0,88.0,93.0,88.0,96.0,8.0,3.0,9.0,4.0,84.0,80.0,88.0,85.0,94.0,86.0,19.0,13.0,94.0,84.0,73.0,62.0,True,False,False,Bayern München
2022,50043,Club Brugge,False,,Group stage,6,6,0.6666666666666666,-2.3333333333333335,7.0,0.5714285714285714,0.14285714285714285,38.5,13.666666666666666,8.0,0.5833333333333334,40.5,0.7813620071684588,372.0,0.1671146953405018,116.70833333333333,10.333333333333334,35.5,False,3.597312260588446,-0.8138358846983571,-0.9154624448587717,-1.7448954679793165,-0.8840370950309541,1.1165152782177894,-0.20794893409503568,-0.5051793611652211,1.5118324305529833,2.2154656493564193,-1.4884802504836216,-1.4363700761586078,-1.1085884159447115,1.0878682646756748,0.5300296536680454,-0.5588512167656325,22.0,22.0,17.0,21.0,6.0,4.0,22.0,13.0,94.0,83.0,34.0,48.0,34.0,46.0,91.0,87.0,100.0,92.0,9.0,7.0,12.0,18.0,9.0,10.0,91.0,88.0,69.0,71.0,28.0,22.0,True,False,False,Club Brugge
2022,50051,Real Madrid,True,4.0,Winner,6,6,2.5,1.8333333333333333,12.666666666666666,0.5526315789473685,0.18421052631578946,66.0,9.0,4.166666666666667,0.88,56.666666666666664,0.9022388059701493,670.0,0.08830845771144279,110.31666666666668,7.833333333333333,127.0,False,4.852030263919617,1.1352675014651523,1.3538529114108595,1.3709892962694628,1.2725377018158581,0.9158765169436385,0.39547967726660915,1.6616338207619654,-0.11239042049674436,-0.18245011229994004,1.0445475441990324,1.4222729819801687,1.9305086472862125,-1.4523822113072886,-1.3659129100246268,-1.6673164401024252,97.0,89.0,89.0,93.0,92.0,93.0,89.0,80.0,81.0,74.0,69.0,73.0,91.0,97.0,56.0,38.0,39.0,32.0,81.0,79.0,94.0,90.0,100.0,93.0,6.0,6.0,12.0,26.0,3.0,1.0,True,True,True,Real Madrid
2022,50058,Milan,False,,Group stage,6,6,0.6666666666666666,-0.5,6.5,0.41025641025641024,0.15384615384615385,35.5,12.333333333333334,5.0,0.7333333333333333,48.333333333333336,0.8160164271047228,405.8333333333333,0.1540041067761807,113.33666666666669,12.166666666666666,31.0,False,3.4657359027997265,-1.0182291617727162,-0.9154624448587717,-0.3739061717098535,-1.0743231065174375,-0.6038334851175025,-0.04759727513180115,-0.7415589810118233,1.04776875882449,0.33883592284274666,-0.2611368860497578,-0.6168197739773628,-0.7635455167076437,0.6652598539341769,-0.47009858788352066,0.25402328034801464,16.0,18.0,17.0,21.0,34.0,35.0,14.0,9.0,28.0,15.0,42.0,54.0,25.0,35.0,88.0,77.0,72.0,55.0,39.0,37.0,31.0,31.0,31.0,20.0,78.0,77.0,31.0,49.0,66.0,55.0,True,False,False,Milan
2022,50064,Porto,False,,Group stage,6,6,0.8333333333333334,-1.1666666666666667,7.5,0.4,0.08888888888888889,40.833333333333336,7.5,4.666666666666667,0.6428571428571429,48.333333333333336,0.7829658452226546,385.5,0.20363164721141375,113.99,14.833333333333334,87.0,False,4.477336814478207,0.5532113987069152,-0.7091610488342597,-0.8724477339896582,-0.6937510835444707,-0.7133102246024752,-0.9954537481144751,-0.32132854572897485,-0.6344620511912997,0.13032150878567209,-0.2611368860497578,-1.3984405432337064,-0.970911199992975,2.2649604233974596,-0.2763021120119431,1.4363861852405937,62.0,66.0,27.0,27.0,20.0,19.0,34.0,17.0,23.0,13.0,19.0,18.0,44.0,56.0,33.0,18.0,59.0,45.0,39.0,37.0,16.0,19.0,19.0,14.0,100.0,99.0,44.0,54.0,94.0,85.0,True,False,False,Porto
2022,50080,Barcelona,False,,Group stage,6,6,1.1666666666666667,-1.1666666666666667,6.666666666666667,0.275,0.05,55.833333333333336,7.833333333333333,4.166666666666667,0.64,55.833333333333336,0.8782904047551656,588.8333333333334,0.09878290404755166,117.105,13.833333333333334,122.0,False,4.812184355372417,1.0733700909968893,-0.2965582567852358,-0.8724477339896582,-1.010894436021943,-2.047557987075585,-1.5629204523343654,0.860569553504036,-0.5184461332591764,-0.18245011229994004,0.913979101174154,0.8559117648945799,1.1027456328603404,-1.1147475507592097,0.647691799732939,0.9930000959058768,91.0,87.0,45.0,39.0,20.0,19.0,19.0,11.0,6.0,1.0,12.0,5.0,81.0,91.0,38.0,21.0,39.0,32.0,75.0,76.0,72.0,73.0,81.0,80.0,22.0,14.0,78.0,72.0,81.0,75.0,True,False,False,Barcelona
2022,50124,Atleti,True,1.0,Quarter-finals,6,6,1.1666666666666667,-0.16666666666666666,7.5,0.4444444444444444,0.15555555555555556,38.833333333333336,8.833333333333334,4.333333333333333,0.6923076923076923,43.833333333333336,0.7951914514692787,374.3333333333333,0.17230632235084595,113.21833333333335,12.666666666666666,115.0,False,4.7535901911063645,0.9823487749105844,-0.2965582567852358,-0.12463539056995114,-0.6937510835444707,-0.2389110201675921,-0.022653683737520344,-0.47891495896004294,-0.17039837946280587,-0.07819290527140303,-0.9662064783841049,-1.1093143852371936,-1.0847923539283622,1.2552158424934208,-0.5051994801969983,0.47571632501537314,84.0,84.0,45.0,39.0,44.0,42.0,34.0,17.0,41.0,29.0,48.0,56.0,38.0,48.0,53.0,36.0,44.0,35.0,16.0,15.0,22.0,22.0,12.0,11.0,94.0,91.0,28.0,48.0,73.0,62.0,True,False,False,Atleti
2022,50138,Inter,True,0.0,Round of 16,6,6,1.6666666666666667,0.5,14.333333333333334,0.43023255813953487,0.09302325581395349,52.166666666666664,6.833333333333333,2.5,0.6666666666666666,51.666666666666664,0.88745148771022,515.3333333333334,0.09540750323415265,115.25833333333334,11.166666666666666,53.0,False,3.9889840465642745,-0.20540530325821643,0.32234593128829997,0.3739061717098535,1.9068244067708033,-0.39060844019037455,-0.9351250619515632,0.5716611292470775,-0.8664938870555466,-1.225022182585314,0.2611368860497578,1.0725643107438778,0.3531696793453306,-1.2235506579856916,0.09992012813672448,-0.1893628089867023,41.0,37.0,66.0,61.0,70.0,65.0,97.0,91.0,34.0,23.0,25.0,20.0,75.0,87.0,22.0,11.0,14.0,5.0,69.0,58.0,81.0,81.0,62.0,59.0,16.0,12.0,53.0,64.0,47.0,37.0,True,False,False,Inter
2022,50139,Juventus,True,0.0,Round of 16,6,6,2.5,0.6666666666666666,12.5,0.4,0.13333333333333333,47.0,8.166666666666666,3.0,0.7777777777777778,51.5,0.8799621928166351,529.0,0.11720226843100189,114.265,10.166666666666666,120.0,False,4.795790545596741,1.0479036275676112,1.3538529114108595,0.4985415622798047,1.2091090313203638,-0.7133102246024752,-0.346920371863172,0.16456289506681834,-0.40243021532705314,-0.9122505614997019,0.23502319744478237,0.895448263080965,0.49254661401252026,-0.521015372316652,-0.1947296157904834,-0.6327488983214192,88.0,86.0,89.0,93.0,78.0,70.0,84.0,79.0,23.0,13.0,31.0,42.0,59.0,75.0,42.0,24.0,27.0,11.0,66.0,57.0,75.0,76.0,66.0,64.0,34.0,32.0,47.0,56.0,25.0,20.0,True,False,False,Juventus
2022,50143,Ajax,True,0.0,Round of 16,6,6,3.0,2.5,13.0,0.5384615384615384,0.2564102564102564,66.83333333333333,7.5,2.8333333333333335,0.7058823529411765,58.666666666666664,0.8813750352211891,591.5,0.10030994646379261,117.7,14.166666666666666,82.5,False,4.42484663185681,0.471672126602678,1.9727570994843953,1.8695308585492676,1.3993950428068471,0.7646257584446616,1.4490182085250518,1.7272948262749102,-0.6344620511912997,-1.016507768528239,1.3579118074587422,0.9288608962087529,1.1299411323075965,-1.0655246676295642,0.8241850188302752,1.1407954590174485,59.0,63.0,97.0,99.0,97.0,98.0,94.0,84.0,77.0,67.0,97.0,96.0,94.0,98.0,33.0,18.0,20.0,9.0,94.0,84.0,78.0,76.0,84.0,81.0,25.0,17.0,84.0,76.0,84.0,79.0,True,False,False,Ajax
2022,50147,Benfica,True,1.0,Quarter-finals,6,6,1.3333333333333333,-0.3333333333333333,7.5,0.5333333333333333,0.15555555555555556,38.333333333333336,11.166666666666666,4.833333333333333,0.7586206896551724,44.166666666666664,0.8340371621621622,394.6666666666667,0.15033783783783783,117.09833333333334,11.333333333333334,58.0,False,4.07753744390572,-0.06784473095730441,-0.09025686076072406,-0.24927078113990228,-0.6937510835444707,0.7098873887021753,-0.022653683737520344,-0.5183115622678099,0.6417130460620577,0.2345787158142091,-0.913979101174154,-0.19064328944767164,-0.8774266706430303,0.5470808658755859,0.6457142846730267,-0.11546512743091561,44.0,41.0,53.0,46.0,38.0,38.0,34.0,17.0,72.0,65.0,48.0,56.0,31.0,45.0,80.0,66.0,67.0,50.0,19.0,16.0,47.0,40.0,22.0,16.0,66.0,72.0,75.0,72.0,53.0,40.0,True,False,False,Benfica
2022,50149,Sporting CP,True,0.0,Round of 16,6,6,1.5,0.3333333333333333,9.166666666666666,0.5272727272727272,0.2545454545454545,31.666666666666668,8.5,4.666666666666667,0.5,46.0,0.8150483396385035,396.5,0.14627994955863807,112.85166666666665,10.666666666666666,45.5,False,3.8394523125933104,-0.43769081143449545,0.11604453526378795,0.24927078113990236,-0.05946437858952608,0.645196588097418,1.421807017913109,-1.0435996063713704,-0.28641429739492946,0.13032150878567209,-0.6267285265194197,-0.6397142958576038,-0.8587297647730416,0.4162783692351185,-0.6139628084922865,-0.4110558536540608,25.0,31.0,58.0,53.0,61.0,59.0,53.0,37.0,69.0,64.0,94.0,95.0,12.0,24.0,48.0,30.0,59.0,45.0,28.0,25.0,28.0,30.0,25.0,17.0,62.0,69.0,22.0,45.0,39.0,29.0,True,False,False,Sporting CP
2022,50152,Malmö,False,,Group stage,6,6,0.16666666666666666,-2.1666666666666665,4.833333333333333,0.2413793103448276,0.034482758620689655,22.166666666666668,14.666666666666666,7.5,0.7111111111111111,39.166666666666664,0.8017202354006338,368.1666666666667,0.14440923494794025,112.52833333333335,12.333333333333334,18.5,False,2.970414465569701,-1.787671130391383,-1.5343666329323074,-1.6202600774093652,-1.7086098114723824,-2.4064246266373184,-1.789348053525553,-1.792135069218944,1.8598801843493535,1.9026940282708074,-1.6973897593234286,-0.9549136809790075,-1.1476819464001426,0.3559775120539715,-0.7098722888981106,0.3279209619038013,12.0,10.0,8.0,5.0,9.0,5.0,3.0,2.0,3.0,0.0,8.0,2.0,3.0,2.0,94.0,91.0,95.0,89.0,6.0,4.0,25.0,25.0,6.0,9.0,59.0,66.0,19.0,43.0,69.0,57.0,True,False,False,Malmö
2022,50157,Beşiktaş,False,,Group stage,6,6,0.0,-2.6666666666666665,6.5,0.3076923076923077,0.07692307692307693,32.166666666666664,15.0,7.166666666666667,0.5581395348837209,44.333333333333336,0.8171314741035857,418.3333333333333,0.13147410358565736,109.955,10.5,49.0,False,3.912023005428146,-0.32495808363025747,-1.7406680289568195,-1.9941662491192187,-1.0743231065174375,-1.6986008799672334,-1.1700588878744413,-1.0042030030636038,1.9758961022814772,1.6941796142137329,-0.8878654125691775,-0.5904497725015022,-0.6360666130486284,-0.06097518850009005,-1.4731931020249722,-0.48495353520984663,31.0,34.0,3.0,2.0,3.0,2.0,14.0,9.0,9.0,2.0,16.0,14.0,16.0,25.0,97.0,92.0,91.0,87.0,22.0,17.0,34.0,32.0,41.0,23.0,44.0,51.0,9.0,23.0,31.0,25.0,True,False,False,Beşiktaş
2022,52682,Man Utd,True,0.0,Round of 16,6,6,1.8333333333333333,0.5,8.833333333333334,0.6226415094339622,0.20754716981132076,41.166666666666664,10.666666666666666,4.666666666666667,0.7142857142857143,49.666666666666664,0.8589036652611093,513.8333333333334,0.12585144339928642,117.258,8.333333333333334,113.0,False,4.736198448394496,0.9553321030201748,0.5286473273128117,0.3739061717098535,-0.18632171958051458,1.6631612617647242,0.7360080016885325,-0.2950641435237972,0.46768916916387254,0.13032150878567209,-0.05222737720995201,0.39743032905220405,0.33787221090624875,-0.2422167455700923,0.6930757703579659,-1.4456233954350663,80.0,83.0,75.0,69.0,70.0,65.0,47.0,31.0,100.0,95.0,78.0,84.0,47.0,59.0,73.0,62.0,59.0,45.0,53.0,44.0,62.0,59.0,59.0,57.0,38.0,43.0,81.0,73.0,8.0,4.0,True,False,False,Man Utd
2022,52707,Shakhtar,False,,Group stage,6,6,0.3333333333333333,-1.6666666666666667,9.666666666666666,0.3620689655172414,0.034482758620689655,51.333333333333336,11.5,5.833333333333333,0.6857142857142857,57.5,0.9066040342636087,603.1666666666666,0.07543520309477757,116.28333333333335,10.666666666666666,79.0,False,4.382026634673881,0.40515470891744704,-1.3280652369077957,-1.2463539056995119,0.13082163289695736,-1.118185407697764,-1.789348053525553,0.5060001237341327,0.7577289639941813,0.8601219579854333,1.1751159872239119,1.5255072641748941,1.2489214423893438,-1.867340368824701,0.4039630685985244,-0.4110558536540608,56.0,58.0,12.0,8.0,14.0,11.0,61.0,46.0,16.0,6.0,8.0,2.0,72.0,85.0,84.0,69.0,88.0,70.0,88.0,82.0,100.0,92.0,91.0,83.0,3.0,1.0,66.0,69.0,39.0,29.0,True,False,False,Shakhtar
2022,52714,Sevilla,False,,Group stage,6,6,1.0,0.0,9.0,0.42592592592592593,0.09259259259259259,50.5,6.333333333333333,3.1666666666666665,0.7368421052631579,56.333333333333336,0.8515746803866542,534.5,0.15091986280012473,115.61166666666668,12.833333333333334,98.0,False,4.59511985013459,0.7361778605102692,-0.5028596528097479,2.0755962044086336e-17,-0.12289304908502033,-0.43657735534879333,-0.9414093000935333,0.44033911822118754,-1.0405177639537317,-0.8079933544711646,0.9923201669890815,0.22410548969293925,0.548637331622487,0.5658419339326923,0.20472842631217525,0.5496140065711598,70.0,74.0,36.0,33.0,52.0,48.0,50.0,34.0,31.0,22.0,22.0,20.0,69.0,84.0,16.0,8.0,31.0,15.0,78.0,78.0,56.0,53.0,72.0,67.0,72.0,74.0,59.0,66.0,78.0,64.0,True,False,False,Sevilla
2022,52723,Dynamo Kyiv,False,,Group stage,6,6,0.16666666666666666,-1.6666666666666667,5.666666666666667,0.47058823529411764,0.029411764705882353,34.5,10.166666666666666,4.5,0.6296296296296297,43.0,0.8355395106297633,415.5,0.15042117930204574,123.045,9.0,47.0,False,3.871201010907891,-0.3883717650615712,-1.5343666329323074,-1.2463539056995119,-1.39146645899491,0.040147335382339604,-1.8633440016272484,-0.8203521876273574,0.2936652922656874,0.02606430175713453,-1.0967749214089844,-0.1551139069657682,-0.6649618312113383,0.549767305432817,2.4096577181164323,-1.150032669211922,28.0,32.0,8.0,5.0,14.0,11.0,9.0,4.0,50.0,40.0,3.0,2.0,22.0,30.0,64.0,55.0,50.0,40.0,12.0,12.0,50.0,41.0,38.0,22.0,69.0,73.0,100.0,91.0,17.0,9.0,True,False,False,Dynamo Kyiv
2022,52747,Paris,True,0.0,Round of 16,6,6,1.8333333333333333,0.8333333333333334,7.666666666666667,0.5652173913043478,0.2826086956521739,32.333333333333336,11.166666666666666,5.333333333333333,0.78125,54.333333333333336,0.8968918111177525,557.6666666666666,0.0917513448894202,107.085,8.833333333333334,113.0,False,4.736198448394496,0.9553321030201748,0.5286473273128117,0.6231769528497559,-0.6303224130489761,1.050217252753287,1.8313058592417482,-0.9910708019610143,0.6417130460620577,0.5473503368998213,0.6789559037293716,1.2958206779132446,0.7848982330705282,-1.3414037398596446,-2.3245133353180085,-1.223930350767708,80.0,83.0,75.0,69.0,81.0,73.0,41.0,19.0,88.0,81.0,100.0,99.0,19.0,26.0,80.0,66.0,77.0,61.0,72.0,72.0,91.0,87.0,75.0,75.0,12.0,9.0,3.0,9.0,12.0,7.0,True,False,False,Paris Saint-Germain
2022,52758,B. Dortmund,False,,Group stage,6,6,1.5,-0.16666666666666666,10.5,0.4603174603174603,0.15873015873015872,48.333333333333336,8.166666666666666,4.0,0.5833333333333334,51.0,0.8528396611233134,531.1666666666666,0.10134923125196109,117.03500000000001,10.666666666666666,90.0,False,4.51085950651685,0.6052862014852011,0.11604453526378795,-0.12463539056995114,0.44796498537443,-0.06948273286941942,0.023670128851858287,0.2696205038875306,-0.40243021532705314,-0.2867073193284776,0.15668213162985492,0.25402130842224613,0.5146429573134158,-1.0320242270901552,0.6269278916038427,-0.4110558536540608,66.0,69.0,58.0,53.0,44.0,42.0,69.0,59.0,47.0,35.0,53.0,59.0,66.0,79.0,42.0,24.0,34.0,28.0,59.0,53.0,59.0,54.0,69.0,66.0,28.0,17.0,72.0,72.0,39.0,29.0,True,False,False,Borussia Dortmund
2022,52816,Atalanta,False,,Group stage,6,6,1.0,-0.16666666666666666,9.666666666666666,0.5172413793103449,0.20689655172413793,52.333333333333336,9.833333333333334,5.666666666666667,0.6176470588235294,51.333333333333336,0.822678331090175,495.3333333333333,0.13526244952893673,118.14833333333333,11.333333333333334,50.5,False,3.9415818076696905,-0.2790408644726668,-0.5028596528097479,-0.12463539056995114,0.13082163289695736,0.5381221595102351,0.7265141819320884,0.5847933303496669,0.1776493743335644,0.7558647509568964,0.2089095088398069,-0.4592708831166493,0.1492034334909056,0.06113884555519181,0.9571729066094978,-0.11546512743091561,38.0,36.0,36.0,33.0,44.0,42.0,61.0,46.0,62.0,59.0,75.0,84.0,78.0,87.0,59.0,50.0,84.0,66.0,62.0,55.0,38.0,34.0,56.0,51.0,53.0,56.0,91.0,80.0,53.0,40.0,True,False,False,Atalanta
2022,52826,Zenit,False,,Group stage,6,6,0.8333333333333334,0.0,9.333333333333334,0.48214285714285715,0.17857142857142858,42.166666666666664,10.5,4.5,0.6296296296296297,46.833333333333336,0.8654822335025381,459.6666666666667,0.13451776649746192,110.68833333333333,8.333333333333334,50.0,False,3.9318256327243257,-0.2941962966666169,-0.7091610488342597,2.0755962044086336e-17,0.0039642919059688555,0.16348116216556843,0.31319395753547596,-0.21627093690826313,0.409681210197811,0.02606430175713453,-0.4961600834945402,0.5530083938444823,-0.2145363716161509,0.03713463621754408,-1.255666445434417,-1.4456233954350663,34.0,35.0,27.0,27.0,52.0,48.0,56.0,40.0,53.0,44.0,62.0,69.0,50.0,63.0,69.0,59.0,50.0,40.0,31.0,29.0,66.0,63.0,53.0,36.0,50.0,54.0,16.0,30.0,8.0,4.0,True,False,False,Zenit
2022,52914,Chelsea,True,1.0,Quarter-finals,6,6,2.1666666666666665,1.5,12.0,0.5138888888888888,0.18055555555555555,71.66666666666667,5.333333333333333,1.8333333333333333,0.6363636363636364,62.5,0.8940998487140696,661.0,0.0907715582450832,108.89833333333333,11.666666666666666,98.0,False,4.59511985013459,0.7361778605102692,0.9412501193618354,1.1217185151295606,1.0188230198338804,0.5023377367619133,0.3421463404038376,2.108128658249992,-1.3885655177501022,-1.6420510106994637,1.9585266453731864,1.229792920535531,1.8387238366517216,-1.3729863095206158,-1.786629239021364,0.03233023568065618,70.0,74.0,84.0,84.0,88.0,88.0,80.0,75.0,59.0,58.0,66.0,71.0,100.0,100.0,3.0,2.0,3.0,1.0,100.0,90.0,84.0,85.0,97.0,92.0,9.0,7.0,6.0,17.0,59.0,46.0,True,False,False,Chelsea
2022,52919,Man City,True,2.0,Semi-finals,6,6,2.0,1.3333333333333333,12.0,0.5694444444444444,0.25,67.16666666666667,5.666666666666667,3.0,0.5,57.666666666666664,0.9028666852212636,598.8333333333334,0.11578068466462565,116.03500000000001,9.5,125.0,False,4.836281906951478,1.110803696999433,0.7349487233373238,0.9970831245596093,1.0188230198338804,1.095336742305518,1.355479740796499,1.7535592284800887,-1.2725495998179785,-0.9122505614997019,1.2012296758288874,1.4371218419792817,1.2047287557875526,-0.5668388876605096,0.33030063261672243,-0.9283396245445635,94.0,88.0,81.0,77.0,84.0,85.0,80.0,75.0,91.0,82.0,91.0,94.0,97.0,98.0,12.0,4.0,27.0,11.0,91.0,83.0,97.0,90.0,88.0,83.0,31.0,31.0,62.0,67.0,22.0,13.0,True,False,False,Manchester City
2022,64332,Wolfsburg,False,,Group stage,6,6,0.8333333333333334,-0.8333333333333334,5.5,0.3333333333333333,0.15151515151515152,27.833333333333332,10.166666666666666,5.5,0.696969696969697,45.5,0.7738782763216349,375.1666666666667,0.16570413149711238,113.925,14.666666666666666,14.714,False,2.75455203475363,-2.122996035056866,-0.7091610488342597,-0.6231769528497559,-1.4548951294904044,-1.424909031254801,-0.0816112633967297,-1.3456402317309177,0.2936652922656874,0.6516075439283588,-0.7050695923343471,-1.6133545384072323,-1.076293760351094,1.0423999669574107,-0.29558288384610526,1.362488503684807,9.0,7.0,27.0,27.0,27.0,27.0,6.0,3.0,12.0,4.0,38.0,53.0,9.0,11.0,64.0,55.0,81.0,63.0,25.0,22.0,3.0,16.0,16.0,12.0,88.0,88.0,41.0,53.0,91.0,84.0,True,False,False,Wolfsburg
2022,69606,Sheriff,False,,Group stage,6,6,1.1666666666666667,-0.6666666666666666,7.333333333333333,0.45454545454545453,0.1590909090909091,24.166666666666668,16.666666666666668,7.5,0.7777777777777778,34.166666666666664,0.7807486631016043,280.5,0.18835412953060013,113.61333333333333,10.666666666666666,14.5,False,2.740840023925201,-2.144296539764574,-0.2965582567852358,-0.4985415622798047,-0.7571797540399653,-0.13109301915966393,0.02893419846428779,-1.634548655987876,2.555975691942095,1.9026940282708074,-2.4808004174727034,-1.450875190261115,-2.0417339907287033,1.7725029387095395,-0.38803171289709126,-0.4110558536540608,6.0,6.0,45.0,39.0,31.0,31.0,27.0,15.0,44.0,32.0,58.0,60.0,6.0,5.0,100.0,97.0,95.0,89.0,3.0,1.0,9.0,18.0,3.0,1.0,97.0,97.0,34.0,51.0,39.0,29.0,True,False,False,Sheriff
2022,70691,Villarreal,True,2.0,Semi-finals,6,6,1.6666666666666667,0.5,10.333333333333334,0.5645161290322581,0.1935483870967742,35.666666666666664,10.666666666666666,4.833333333333333,0.7241379310344828,50.0,0.84296875,426.6666666666667,0.14296875,115.42833333333334,9.0,63.0,False,4.1588830833596715,0.0585191698462177,0.32234593128829997,0.3739061717098535,0.38453631487893575,1.0427319918137474,0.5317377507998838,-0.7284267799092344,0.46768916916387254,0.2345787158142091,0.0,0.020581873891406602,-0.5510806772759512,0.30954473357423584,0.15034676216453544,-1.150032669211922,50.0,47.0,66.0,61.0,70.0,65.0,66.0,57.0,84.0,80.0,72.0,78.0,28.0,36.0,73.0,62.0,67.0,50.0,56.0,47.0,53.0,45.0,44.0,26.0,56.0,64.0,56.0,65.0,17.0,9.0,True,False,False,Villarreal
2022,75797,Lille,True,0.0,Round of 16,6,6,1.8333333333333333,0.5,7.333333333333333,0.4318181818181818,0.1590909090909091,39.0,7.333333333333333,2.8333333333333335,0.7647058823529411,48.666666666666664,0.7939843428100536,404.5,0.15327564894932014,113.75666666666666,11.333333333333334,14.0,False,2.70805020110221,-2.195232889228211,0.5286473273128117,0.3739061717098535,-0.7571797540399653,-0.3736835214275019,0.02893419846428779,-0.4657827578574541,-0.6924700101573615,-1.016507768528239,-0.2089095088398069,-1.1378615739725133,-0.7771432664312719,0.6417786499446372,-0.3455151391089381,-0.11546512743091561,3.0,5.0,75.0,69.0,70.0,65.0,27.0,15.0,38.0,24.0,58.0,60.0,41.0,49.0,28.0,17.0,20.0,9.0,44.0,39.0,19.0,22.0,28.0,19.0,75.0,76.0,38.0,52.0,53.0,40.0,True,False,False,Lille
2022,7889,Liverpool,True,3.0,Runner-up,6,6,3.0,1.8333333333333333,12.666666666666666,0.5921052631578947,0.2236842105263158,57.5,5.5,2.5,0.6666666666666666,59.5,0.8702073274637887,586.8333333333334,0.13149673388241978,113.07,12.0,101.0,False,4.624972813284271,0.782552034952317,1.9727570994843953,1.3709892962694628,1.2725377018158581,1.3372179156193564,0.971479715384543,0.9918915645299259,-1.3305575587840404,-1.225022182585314,1.4884802504836216,0.6647532215143703,1.0823490082748979,-0.06024572058166267,-0.5491991902800942,0.18012559879222875,75.0,77.0,97.0,99.0,92.0,93.0,89.0,80.0,97.0,90.0,81.0,90.0,84.0,93.0,8.0,3.0,14.0,5.0,97.0,86.0,69.0,68.0,78.0,80.0,47.0,51.0,25.0,47.0,62.0,52.0,True,True,True,Liverpool
2023,1652,Tottenham,True,0.0,Round of 16,6,6,1.8333333333333333,0.3333333333333333,9.666666666666666,0.4482758620689655,0.13793103448275862,41.0,7.666666666666667,3.8333333333333335,0.7391304347826086,48.333333333333336,0.8558618399202923,501.8333333333333,0.11889737628694785,121.2,11.833333333333334,83.0,False,4.430816798843313,0.381984743993891,0.5492114085939428,0.2268191908494971,-0.01202436198799637,-0.6517033331253645,-0.3598645739727308,-0.14881753045392784,-0.7722121287678293,-0.6060634005336991,-0.24213980072625954,0.11751636561946922,0.03358425194554457,-0.21003501755653076,1.2017910479903373,0.651765290476686,67.0,63.0,67.0,69.0,56.0,59.0,50.0,46.0,28.0,30.0,34.0,45.0,48.0,57.0,22.0,20.0,30.0,25.0,44.0,37.0,47.0,57.0,59.0,53.0,41.0,35.0,100.0,89.0,72.0,49.0,True,False,False,Tottenham
2023,2603790,Leipzig,True,0.0,Round of 16,6,6,2.0,0.6666666666666666,9.333333333333334,0.5178571428571429,0.23214285714285715,40.833333333333336,8.333333333333334,3.3333333333333335,0.55,53.5,0.879127358490566,565.3333333333334,0.10377358490566038,98.66000000000001,8.166666666666666,83.0,False,4.430816798843313,0.381984743993891,0.7609555661241377,0.4536383816989942,-0.1402842231932905,0.4687306750958702,1.1608167176167603,-0.163118314161212,-0.5187681480440287,-0.927511391976987,0.5084935815251458,0.6999607870325152,0.6794189518194912,-0.7283665322338501,-1.8471274218349791,-1.3345670233570242,67.0,63.0,73.0,77.0,66.0,70.0,47.0,40.0,69.0,60.0,91.0,92.0,42.0,56.0,31.0,27.0,17.0,17.0,69.0,67.0,81.0,75.0,81.0,76.0,28.0,19.0,6.0,1.0,8.0,2.0,True,False,False,Leipzig
2023,50030,Salzburg,False,,Group stage,6,6,1.0,-0.6666666666666666,10.333333333333334,0.41935483870967744,0.08064516129032258,41.5,10.0,5.0,0.7333333333333333,40.5,0.7374749498997996,332.6666666666667,0.16032064128256512,116.075,12.833333333333334,71.0,False,4.276666119016055,0.1106722950521692,-0.5095093790570315,-0.4536383816989942,0.2444953604225933,-1.117404707938415,-1.2845208769337453,-0.10591517933207477,0.11484180376547233,0.1439819128339725,-1.3801968641396813,-2.8462595524887084,-1.6869465101858334,1.2096475968588025,0.5085476070917236,1.1934922851586067,52.0,53.0,39.0,33.0,33.0,31.0,59.0,57.0,19.0,18.0,19.0,15.0,56.0,60.0,62.0,52.0,64.0,55.0,9.0,7.0,3.0,9.0,6.0,3.0,88.0,84.0,62.0,68.0,86.0,64.0,True,False,False,Salzburg
2023,50037,Bayern München,True,1.0,Quarter-finals,6,6,3.0,2.6666666666666665,14.166666666666666,0.6,0.21176470588235294,50.833333333333336,8.333333333333334,3.1666666666666665,0.8947368421052632,55.666666666666664,0.8857954545454545,586.6666666666666,0.09829545454545455,120.47166666666665,12.333333333333334,138.0,False,4.9344739331306915,1.2684449962847473,2.0314205113053068,1.8145535267959767,1.7194837642834808,1.791437725509255,0.8318911910315053,0.6949287082758494,-0.5187681480440287,-1.034660722458083,0.8232753224692833,0.8668943259040045,0.89639228930995,-0.9161162528970545,1.1032715736252308,0.9226287878176463,100.0,94.0,100.0,99.0,100.0,99.0,91.0,90.0,100.0,92.0,75.0,85.0,75.0,85.0,31.0,27.0,12.0,15.0,84.0,76.0,84.0,80.0,84.0,79.0,22.0,14.0,94.0,88.0,80.0,57.0,True,False,False,Bayern München
2023,50043,Club Brugge,True,0.0,Round of 16,6,6,1.8333333333333333,0.5,6.5,0.5128205128205128,0.1794871794871795,34.833333333333336,12.833333333333334,5.666666666666667,0.9117647058823529,47.666666666666664,0.8148715983135301,434.8333333333333,0.17439632042928324,118.03666666666669,9.166666666666666,38.5,False,3.676300671907076,-0.9459991377151749,0.5492114085939428,0.34022878627424563,-1.2304930434382948,0.387628236107311,0.3108968068658045,-0.6779465276234489,1.1919787218416247,0.5725792347583565,-0.3389957210167642,-0.9086605271980427,-0.64784763611043,1.692057589716643,0.7738963973153583,-0.7928400286751034,16.0,25.0,67.0,69.0,61.0,65.0,16.0,9.0,62.0,57.0,58.0,70.0,28.0,32.0,91.0,82.0,77.0,66.0,39.0,34.0,19.0,30.0,22.0,27.0,97.0,92.0,75.0,79.0,25.0,11.0,True,False,False,Club Brugge
2023,50050,Celtic,False,,Group stage,6,6,0.3333333333333333,-1.8333333333333333,10.5,0.4603174603174603,0.06349206349206349,41.0,8.5,5.166666666666667,0.5161290322580645,44.166666666666664,0.8767820773930753,491.0,0.08520027155465038,101.36666666666667,8.333333333333334,33.0,False,3.5263605246161616,-1.2099008512967653,-1.356486009177811,-1.247505549672234,0.30862529102524033,-0.4578032491067444,-1.561390532759489,-0.14881753045392784,-0.4554071528630788,0.25113124331506864,-0.8474893025419099,0.6412474646643548,-0.07659752099882923,-1.3649221021365836,-1.4810047070319394,-1.2442791909100368,9.0,20.0,9.0,8.0,14.0,9.0,69.0,59.0,34.0,35.0,6.0,8.0,48.0,57.0,41.0,30.0,69.0,58.0,16.0,16.0,78.0,72.0,53.0,49.0,6.0,4.0,16.0,2.0,16.0,4.0,True,False,False,Celtic
2023,50051,Real Madrid,True,2.0,Semi-finals,6,6,2.1666666666666665,1.5,15.166666666666666,0.46153846153846156,0.16483516483516483,62.0,8.5,4.333333333333333,0.7692307692307693,57.833333333333336,0.9177384130065518,686.8333333333334,0.08590148022324678,93.96666666666665,6.666666666666667,124.0,False,4.8283137373023015,1.0815980570262922,0.9726997236543324,1.0206863588227368,2.1042633478993644,-0.43814205177618415,0.07439735343945161,1.653081216663901,-0.4554071528630788,-0.2846154090904115,1.1380570634134217,1.666575532359739,1.915149912995624,-1.3408898643110772,-2.481980602183111,-2.147157515379905,91.0,88.0,80.0,84.0,84.0,88.0,100.0,94.0,38.0,36.0,50.0,64.0,94.0,95.0,41.0,30.0,44.0,35.0,88.0,83.0,100.0,96.0,97.0,94.0,9.0,5.0,3.0,1.0,3.0,0.0,True,False,False,Real Madrid
2023,50058,Milan,True,2.0,Semi-finals,6,6,1.6666666666666667,0.8333333333333334,9.166666666666666,0.5272727272727272,0.21818181818181817,42.833333333333336,9.333333333333334,4.5,0.7407407407407407,51.166666666666664,0.8392857142857143,438.6666666666667,0.1398176291793313,110.34833333333331,12.333333333333334,38.0,False,3.6635616461296463,-0.9684204224262075,0.3374672510637481,0.5670479771237428,-0.20441415379593827,0.6203453172381145,0.9354703634144907,0.00849109032620029,-0.13860217695832794,-0.17746607860931535,0.16949786050838156,-0.29746135668402124,-0.6088602395301126,0.5069562510851673,-0.266081486543283,0.9226287878176463,12.0,24.0,59.0,61.0,72.0,73.0,42.0,37.0,72.0,64.0,81.0,88.0,59.0,64.0,56.0,44.0,47.0,40.0,62.0,55.0,31.0,44.0,25.0,29.0,75.0,60.0,34.0,27.0,80.0,57.0,True,False,False,Milan
2023,50064,Porto,True,0.0,Round of 16,6,6,2.0,0.8333333333333334,10.333333333333334,0.5,0.1935483870967742,37.0,8.5,4.833333333333333,0.7931034482758621,46.0,0.7979423868312757,405.0,0.16913580246913582,120.26166666666667,11.0,80.0,False,4.394449154672439,0.3179759792365897,0.7609555661241377,0.5670479771237428,0.2444953604225933,0.18118566413643766,0.5378599920088366,-0.4920363394287524,-0.4554071528630788,0.03683258235287635,-0.5811355217430237,-1.332477634776261,-0.9512712877572443,1.5117660098126668,1.0748655009249977,0.20032612824175164,59.0,59.0,73.0,77.0,72.0,73.0,59.0,57.0,52.0,51.0,69.0,78.0,36.0,40.0,41.0,30.0,56.0,50.0,28.0,25.0,12.0,23.0,16.0,19.0,94.0,90.0,91.0,87.0,55.0,34.0,True,False,False,Porto
2023,50072,Frankfurt,True,0.0,Round of 16,6,6,1.6666666666666667,-0.16666666666666666,7.166666666666667,0.5813953488372093,0.16279069767441862,31.666666666666668,7.5,4.0,0.6666666666666666,45.0,0.8021690351533284,445.6666666666667,0.12976813762154077,120.20666666666666,13.666666666666666,61.0,False,4.127134385045092,-0.1525105918713716,0.3374672510637481,-0.11340959542474854,-0.9739733210277055,1.491855946649197,0.04139742970554214,-0.9496614180618517,-0.8355731239487796,-0.4989140700526032,-0.7264194021787796,-1.226664917599185,-0.5376658631660556,0.16253413829858732,1.0674258152177922,1.64493144739354,39.0,44.0,59.0,61.0,45.0,42.0,20.0,14.0,94.0,86.0,47.0,62.0,22.0,24.0,19.0,18.0,36.0,28.0,22.0,20.0,16.0,25.0,34.0,32.0,66.0,49.0,88.0,87.0,98.0,72.0,True,False,False,Frankfurt
2023,50080,Barcelona,False,,Group stage,6,6,1.1666666666666667,0.0,11.166666666666666,0.5074626865671642,0.1791044776119403,66.33333333333333,8.666666666666666,5.0,0.6333333333333333,62.5,0.8921052631578947,633.3333333333334,0.09763157894736842,118.635,9.5,114.0,False,4.74493212836325,0.9348425023747926,-0.29776522152683654,4.721622902024237e-18,0.5651450134358293,0.3013537284179916,0.30471958233601154,2.024901593053294,-0.3920461576821289,0.1439819128339725,1.816048505446949,1.0248582593275857,1.371021465070331,-0.9388689896703913,0.854831160008885,-0.6122643637811295,84.0,84.0,48.0,39.0,52.0,48.0,81.0,66.0,59.0,55.0,53.0,70.0,97.0,98.0,48.0,33.0,64.0,55.0,97.0,90.0,91.0,84.0,91.0,88.0,19.0,13.0,84.0,82.0,36.0,13.0,True,False,False,Barcelona
2023,50109,Leverkusen,False,,Group stage,6,6,0.8333333333333334,-0.6666666666666666,10.333333333333334,0.46774193548387094,0.06451612903225806,46.333333333333336,8.0,4.0,0.75,52.333333333333336,0.8493916474843801,506.8333333333333,0.12430121670503123,118.49833333333333,13.333333333333334,53.0,False,3.9889840465642745,-0.3956616872629759,-0.7212535365872264,-0.4536383816989942,0.2444953604225933,-0.338250484693504,-1.5448610010683999,0.3088075481791718,-0.6454901384059292,-0.4989140700526032,0.3389957210167642,-0.04446272280630844,0.08443737791987103,-0.024831405686738306,0.8363446682515883,1.464355782499567,31.0,37.0,28.0,27.0,33.0,31.0,59.0,57.0,41.0,39.0,11.0,9.0,69.0,73.0,25.0,22.0,36.0,28.0,66.0,61.0,38.0,51.0,62.0,55.0,44.0,41.0,81.0,82.0,94.0,68.0,True,False,False,Leverkusen
2023,50121,Rangers,False,,Group stage,6,6,0.0,-3.3333333333333335,5.166666666666667,0.3870967741935484,0.06451612903225806,27.666666666666668,14.666666666666666,8.5,0.5686274509803921,40.666666666666664,0.7957276368491322,374.5,0.16911437472185137,110.935,8.333333333333334,50.25,False,3.9367156180185177,-0.4876565806165185,-1.7799743242382007,-2.268191908494971,-1.7435324882594732,-1.6368408567683568,-1.5448610010683999,-1.2928802270366764,1.8889496688320755,2.3941178529369873,-1.3559828840670556,-1.3879231546355237,-1.2614753562006358,1.5110316253963483,-0.18672483899976414,-1.2442791909100368,28.0,35.0,5.0,2.0,3.0,1.0,3.0,2.0,9.0,11.0,11.0,9.0,9.0,11.0,97.0,91.0,97.0,95.0,12.0,8.0,9.0,23.0,9.0,11.0,91.0,90.0,38.0,32.0,16.0,4.0,True,False,False,Rangers
2023,50124,Atleti,False,,Group stage,6,6,0.8333333333333334,-0.6666666666666666,11.333333333333334,0.5147058823529411,0.07352941176470588,51.5,9.166666666666666,4.666666666666667,0.6785714285714286,54.0,0.8693586698337292,561.3333333333334,0.1244061757719715,118.38333333333334,9.333333333333334,105.0,False,4.663439094112067,0.7914109280271686,-0.7212535365872264,-0.4536383816989942,0.6292749440384771,0.41798743786773357,-1.3993768140519751,0.7521318431049866,-0.20196317213927853,-0.07031674812821921,0.5811355217430237,0.4554049566731085,0.63873645104003,-0.021234186525571054,0.8207889617728883,-0.7025521962281159,75.0,79.0,28.0,27.0,33.0,31.0,84.0,68.0,66.0,58.0,16.0,12.0,78.0,86.0,53.0,42.0,50.0,45.0,75.0,70.0,72.0,67.0,75.0,76.0,47.0,41.0,78.0,81.0,30.0,11.0,True,False,False,Atleti
2023,50136,Napoli,True,1.0,Quarter-finals,6,6,2.5,2.3333333333333335,14.5,0.5057471264367817,0.22988505747126436,43.166666666666664,8.333333333333334,3.6666666666666665,0.7727272727272727,50.666666666666664,0.8657498362802881,509.0,0.09888670595939751,115.05666666666666,9.5,66.0,False,4.204692619390966,-0.01600445048065321,1.3961880387147223,1.5877343359464797,1.8477436254887756,0.2737288860544165,1.1243733751167941,0.0370926577407686,-0.5187681480440287,-0.7132127310147952,0.0968559202905036,0.3650590241437712,0.10647373250874602,-0.8958525350753878,0.37080069899772106,-0.6122643637811295,44.0,49.0,95.0,93.0,97.0,97.0,97.0,92.0,56.0,53.0,88.0,91.0,62.0,65.0,31.0,27.0,23.0,22.0,59.0,51.0,62.0,64.0,66.0,56.0,25.0,15.0,56.0,62.0,36.0,13.0,True,False,False,Napoli
2023,50138,Inter,True,3.0,Runner-up,6,6,1.6666666666666667,0.5,9.0,0.5925925925925926,0.18518518518518517,40.833333333333336,10.666666666666666,5.666666666666667,0.8529411764705882,49.166666666666664,0.860844870429535,469.5,0.12921547745828896,115.04,10.666666666666666,67.0,False,4.219507705176107,0.010070797517945618,0.3374672510637481,0.34022878627424563,-0.26854408439858535,1.6721597950371945,0.4028688165316082,-0.163118314161212,0.36828578448927257,0.5725792347583565,-0.12106990036313028,0.2422648560978934,-0.29526596268843297,0.14359304262369182,0.3685462487834187,0.01975046334777772,47.0,50.0,59.0,61.0,61.0,65.0,38.0,34.0,97.0,90.0,62.0,74.0,42.0,56.0,66.0,62.0,77.0,66.0,48.0,41.0,53.0,60.0,41.0,41.0,62.0,48.0,53.0,61.0,47.0,29.0,True,True,True,Inter
2023,50139,Juventus,False,,Group stage,6,6,0.5,-0.6666666666666666,10.5,0.4126984126984127,0.14285714285714285,47.166666666666664,11.5,5.333333333333333,0.625,49.166666666666664,0.867626404494382,474.6666666666667,0.13167134831460675,102.94833333333334,11.333333333333334,107.0,False,4.68213122712422,0.8243099615517349,-1.1447418516476162,-0.4536383816989942,0.30862529102524033,-1.2245899449985624,-0.28035182670007774,0.3803114667155932,0.6850907603940234,0.3582805737961642,-0.12106990036313028,0.4120382773419587,-0.24271773251496212,0.22776209975457123,-1.267057381694449,0.38090179313572553,78.0,80.0,16.0,15.0,33.0,31.0,69.0,59.0,16.0,16.0,38.0,48.0,72.0,76.0,70.0,69.0,72.0,61.0,48.0,41.0,66.0,65.0,44.0,43.0,72.0,51.0,19.0,3.0,66.0,40.0,True,False,False,Juventus
2023,50143,Ajax,False,,Group stage,6,6,1.0,-0.8333333333333334,8.333333333333334,0.46,0.22,41.166666666666664,12.333333333333334,6.166666666666667,0.5945945945945946,53.666666666666664,0.8646356783919598,530.6666666666666,0.10835427135678392,113.36333333333333,13.0,82.5,False,4.42484663185681,0.3714769692146012,-0.5095093790570315,-0.5670479771237428,-0.5250638068091743,-0.46291516041268915,0.9648177955896702,-0.13451674674664368,1.0018957362987744,0.8940272262016443,0.5327075615977714,0.3371664566658498,0.3268372783974936,-0.5713745395110162,0.1417485572243912,1.2837801176055932,62.0,63.0,39.0,33.0,25.0,27.0,31.0,26.0,31.0,35.0,84.0,89.0,53.0,59.0,81.0,77.0,84.0,75.0,72.0,68.0,59.0,63.0,69.0,65.0,31.0,23.0,47.0,49.0,91.0,65.0,True,False,False,Ajax
2023,50147,Benfica,True,1.0,Quarter-finals,6,6,2.3333333333333335,1.5,10.5,0.5396825396825397,0.25396825396825395,45.5,6.833333333333333,3.6666666666666665,0.6818181818181818,49.666666666666664,0.8629476584022039,484.0,0.12741046831955924,99.27333333333331,11.833333333333334,61.0,False,4.127134385045092,-0.1525105918713716,1.1844438811845277,1.0206863588227368,0.30862529102524033,0.8201745773796189,1.513102361783098,0.23730362964274979,-1.08901710467258,-0.7132127310147952,-0.04842796014525232,0.2949074447595681,-0.14779189736288625,0.08173070286398186,-1.7641636539485803,0.651765290476686,39.0,44.0,88.0,89.0,84.0,88.0,69.0,59.0,78.0,67.0,100.0,95.0,66.0,72.0,12.0,11.0,23.0,22.0,53.0,44.0,56.0,62.0,47.0,47.0,53.0,45.0,12.0,1.0,72.0,49.0,True,False,False,Benfica
2023,50149,Sporting CP,False,,Group stage,6,6,1.1666666666666667,-0.16666666666666666,6.166666666666667,0.5675675675675675,0.21621621621621623,26.333333333333332,11.666666666666666,4.833333333333333,0.7586206896551724,47.666666666666664,0.8246606334841629,442.0,0.14215686274509803,109.15333333333332,11.166666666666666,55.5,False,4.034240638152395,-0.3160079568461659,-0.29776522152683654,-0.11340959542474854,-1.3587529046435893,1.2691938137126655,0.9037434097115946,-1.4072864966949514,0.7484517555749733,0.03683258235287635,-0.3389957210167642,-0.6635953287186049,-0.5749581555472285,0.587127846074775,-0.42772556690891006,0.2906139606887381,34.0,40.0,48.0,39.0,45.0,42.0,11.0,6.0,91.0,82.0,78.0,87.0,6.0,9.0,75.0,71.0,56.0,50.0,39.0,34.0,22.0,35.0,31.0,31.0,81.0,64.0,28.0,18.0,61.0,37.0,True,False,False,Sporting CP
2023,50164,GNK Dinamo,False,,Group stage,6,6,0.6666666666666666,-1.1666666666666667,6.166666666666667,0.5405405405405406,0.10810810810810811,29.5,12.666666666666666,5.833333333333333,0.7142857142857143,47.5,0.8283666540927952,441.8333333333333,0.14447378347793285,109.07833333333333,10.166666666666666,49.5,False,3.9219733362813143,-0.5136036900654786,-0.9329976941174213,-0.7938671679732399,-1.3587529046435893,0.8339905538821751,-0.8412390439477117,-1.1355716062565484,1.128617726660674,0.679728565239452,-0.3632097010893898,-0.5708163509958533,-0.5766532597463729,0.6665347224697681,-0.4378705928732785,-0.2511130339931827,25.0,34.0,22.0,21.0,19.0,19.0,11.0,6.0,81.0,68.0,22.0,26.0,16.0,17.0,88.0,80.0,81.0,70.0,34.0,32.0,28.0,38.0,28.0,31.0,84.0,66.0,25.0,18.0,44.0,20.0,True,False,False,GNK Dinamo
2023,52707,Shakhtar,False,,Group stage,6,6,1.0,-0.3333333333333333,5.333333333333333,0.46875,0.25,22.166666666666668,15.0,6.333333333333333,0.8157894736842105,44.5,0.8678507992895205,469.1666666666667,0.12753108348134992,117.21666666666665,10.833333333333334,71.0,False,4.276666119016055,0.1106722950521692,-0.5095093790570315,-0.2268191908494971,-1.6794025576568261,-0.3220181050425679,1.4490504264801276,-1.76480608937706,2.015671659193976,1.00117655668274,-0.7990613423966576,0.41765592546047164,-0.2986561710867212,0.08586449695885202,0.6629774467715753,0.11003829579476515,52.0,53.0,39.0,33.0,41.0,38.0,6.0,3.0,47.0,40.0,95.0,94.0,3.0,2.0,100.0,92.0,89.0,78.0,19.0,18.0,69.0,66.0,38.0,41.0,56.0,45.0,69.0,73.0,50.0,31.0,True,False,False,Shakhtar
2023,52709,Copenhagen,False,,Group stage,6,6,0.5,-1.8333333333333333,7.166666666666667,0.37209302325581395,0.023255813953488372,28.333333333333332,12.0,6.333333333333333,0.7105263157894737,38.666666666666664,0.8253012048192772,387.3333333333333,0.12908777969018934,120.97000000000001,11.833333333333334,40.5,False,3.7256934272366524,-0.8590655645161224,-1.1447418516476162,-1.247505549672234,-0.9739733210277055,-1.8784390655264689,-2.2108473651337954,-1.235677092207539,0.8751737459368738,1.00117655668274,-1.6465506449385676,-0.6475588410930448,-1.1309523328665314,0.13921650926037882,1.1706796350329374,0.651765290476686,19.0,27.0,16.0,15.0,14.0,9.0,20.0,14.0,3.0,8.0,3.0,1.0,12.0,13.0,78.0,74.0,89.0,78.0,6.0,4.0,25.0,35.0,12.0,15.0,59.0,48.0,97.0,89.0,72.0,49.0,True,False,False,Copenhagen
2023,52714,Sevilla,False,,Group stage,6,6,0.8333333333333334,-1.0,9.166666666666666,0.43636363636363634,0.10909090909090909,33.5,11.5,4.833333333333333,0.6206896551724138,50.5,0.856231105139402,496.1666666666667,0.13134027544507895,114.71333333333332,9.333333333333334,91.0,False,4.5217885770490405,0.5420993536552786,-0.7212535365872264,-0.6804575725484913,-0.20441415379593827,-0.8435201931008104,-0.8253755670962636,-0.7923527972817239,0.6850907603940234,0.03683258235287635,0.07264194021787797,0.12676079600870352,-0.024049290825358362,0.21641537474332595,0.32435902458304966,-0.7025521962281159,72.0,70.0,28.0,27.0,22.0,23.0,42.0,37.0,22.0,25.0,25.0,27.0,25.0,28.0,70.0,69.0,56.0,50.0,56.0,49.0,50.0,58.0,56.0,51.0,69.0,51.0,50.0,59.0,30.0,11.0,True,False,False,Sevilla
2023,52747,Paris,True,0.0,Round of 16,6,6,2.3333333333333335,1.5,10.666666666666666,0.5625,0.25,52.833333333333336,8.666666666666666,3.8333333333333335,0.7391304347826086,55.5,0.9070923841926197,636.8333333333334,0.06830672598796127,107.44000000000001,8.333333333333334,112.0,False,4.727387818712341,0.9039636919685449,1.1844438811845277,1.0206863588227368,0.37275522162788743,1.1875932024944489,1.4490504264801276,0.8665381127632618,-0.3920461576821289,-0.6060634005336991,0.7990613423966576,1.4000557866619183,1.4066186532523595,-1.943907677981445,-0.6594830489394028,-1.2442791909100368,81.0,82.0,88.0,89.0,84.0,88.0,75.0,61.0,88.0,78.0,95.0,94.0,81.0,87.0,48.0,33.0,30.0,25.0,81.0,75.0,94.0,93.0,94.0,89.0,3.0,1.0,22.0,11.0,16.0,4.0,True,False,False,Paris Saint-Germain
2023,52748,Marseille,False,,Group stage,6,6,1.0,0.0,10.166666666666666,0.39344262295081966,0.13114754098360656,56.0,6.333333333333333,3.3333333333333335,0.6,59.0,0.8738179669030733,564.0,0.10963356973995272,113.03166666666665,11.0,44.0,False,3.8066624897703196,-0.7165562050430276,-0.5095093790570315,4.721622902024237e-18,0.18036542981994552,-1.5346566963427946,-0.4693575374301546,1.1382530032016642,-1.2791000902154306,-0.927511391976987,1.3075549239218034,0.567041956880857,0.665858118226337,-0.5275296694017539,0.09688499795973146,0.20032612824175164,22.0,30.0,39.0,33.0,52.0,48.0,53.0,55.0,12.0,12.0,31.0,40.0,88.0,91.0,9.0,8.0,17.0,17.0,91.0,85.0,75.0,70.0,78.0,76.0,34.0,23.0,44.0,46.0,55.0,34.0,True,False,False,Marseille
2023,52758,B. Dortmund,True,0.0,Round of 16,6,6,1.5,0.8333333333333334,8.666666666666666,0.38461538461538464,0.19230769230769232,35.166666666666664,9.5,4.166666666666667,0.8,46.666666666666664,0.8494366678047115,488.1666666666667,0.14168658245134857,117.95166666666667,8.666666666666666,78.0,False,4.3694478524670215,0.27397251109953596,0.1257230935335531,0.5670479771237428,-0.39680394560388016,-1.6767974836014288,0.5178338286138634,-0.6493449602088806,-0.07524118177737804,-0.3917647395715071,-0.4842796014525201,-0.0433356542499796,-0.1054142923842807,0.5710101219646914,0.7623987012224027,-1.0637035260160639,56.0,57.0,53.0,53.0,72.0,73.0,34.0,29.0,6.0,10.0,66.0,77.0,31.0,33.0,59.0,46.0,41.0,32.0,31.0,28.0,41.0,51.0,50.0,49.0,78.0,63.0,72.0,78.0,22.0,6.0,True,False,False,Borussia Dortmund
2023,52914,Chelsea,True,1.0,Quarter-finals,6,6,2.1666666666666665,1.0,11.0,0.5,0.15151515151515152,55.5,4.666666666666667,2.6666666666666665,0.75,60.833333333333336,0.8867572608579802,625.5,0.09086064481747935,111.15000000000002,13.666666666666666,123.0,False,4.820281565605037,1.0674610569433391,0.9726997236543324,0.6804575725484913,0.5010150828331823,0.18118566413643766,-0.1406021496754145,1.0953506520798113,-1.9127100420249314,-1.356108713901371,1.5739087047206897,0.8909728229948123,1.2913515677105525,-1.1709264450296433,-0.15764243123523455,1.64493144739354,88.0,87.0,80.0,84.0,78.0,78.0,78.0,64.0,52.0,51.0,44.0,53.0,84.0,90.0,3.0,1.0,8.0,7.0,94.0,88.0,88.0,81.0,88.0,88.0,16.0,8.0,41.0,34.0,98.0,72.0,True,False,False,Chelsea
2023,52919,Man City,True,4.0,Winner,6,6,2.3333333333333335,2.0,13.0,0.5384615384615384,0.1794871794871795,69.16666666666667,5.0,1.6666666666666667,0.9,64.16666666666667,0.9152850329320917,733.8333333333334,0.09084714967067908,116.18666666666667,8.166666666666666,134.0,False,4.90527477843843,1.2170531102712487,1.1844438811845277,1.3609151450969825,1.27057425006495,0.8005133800490595,0.3108968068658045,2.268014916077129,-1.7859880516630313,-1.9990046967879462,2.05818830617321,1.605155988511662,2.3931692971542926,-1.1713889586748942,0.523652423527563,-1.3345670233570242,95.0,91.0,88.0,89.0,94.0,95.0,88.0,84.0,75.0,67.0,58.0,70.0,100.0,99.0,6.0,1.0,3.0,1.0,100.0,92.0,97.0,96.0,100.0,97.0,12.0,7.0,66.0,68.0,8.0,2.0,True,True,True,Manchester City
2023,59045,Maccabi Haifa,False,,Group stage,6,6,0.5,-2.3333333333333335,7.833333333333333,0.46808510638297873,0.14893617021276595,37.0,12.5,6.833333333333333,0.5121951219512195,45.666666666666664,0.8450871632329635,420.6666666666667,0.1259904912836767,98.86000000000001,12.833333333333334,7.0,False,2.0794415416798357,-3.756546335576383,-1.1447418516476162,-1.5877343359464797,-0.7174535986171166,-0.33272456821658913,-0.18222971304446325,-0.4920363394287524,1.065256731479724,1.3226245481260277,-0.629563481888276,-0.15222403625931089,-0.7919314930376878,0.03306441084367044,-1.8200740192633256,1.1934922851586067,3.0,1.0,16.0,15.0,9.0,4.0,28.0,21.0,44.0,39.0,41.0,51.0,36.0,40.0,84.0,78.0,94.0,84.0,25.0,23.0,34.0,47.0,19.0,24.0,50.0,43.0,9.0,1.0,86.0,64.0,True,False,False,Maccabi Haifa
2023,64388,Viktoria Plzeň,False,,Group stage,6,6,0.0,-3.1666666666666665,7.5,0.4444444444444444,0.1111111111111111,30.666666666666668,14.166666666666666,9.0,0.5925925925925926,32.666666666666664,0.7669126691266913,271.0,0.2054120541205412,110.12166666666667,9.833333333333334,31.0,False,3.4657359027997265,-1.3166030379469613,-1.7799743242382007,-2.154782313070222,-0.8457134598224111,-0.7133988144040171,-0.7927673091238423,-1.035466120305558,1.6988666832892252,2.7155658443802753,-2.5182539275531033,-2.1092961664787415,-2.3141350638691933,2.7550471415898143,-0.2967420094578204,-0.4316886988871556,6.0,18.0,5.0,2.0,6.0,1.0,25.0,17.0,25.0,29.0,28.0,28.0,19.0,21.0,94.0,89.0,100.0,96.0,3.0,0.0,6.0,14.0,3.0,0.0,100.0,99.0,31.0,25.0,41.0,16.0,True,False,False,Viktoria Plzeň
2023,7889,Liverpool,True,0.0,Round of 16,6,6,2.5,1.8333333333333333,14.333333333333334,0.5465116279069767,0.19767441860465115,58.166666666666664,7.0,2.6666666666666665,0.625,55.0,0.8551301684532925,544.1666666666666,0.11699846860643186,115.49333333333333,11.166666666666666,134.0,False,4.90527477843843,1.2170531102712487,1.3961880387147223,1.247505549672234,1.7836136948861285,0.930140111286585,0.6044586284153761,1.3241631913963607,-1.0256561094916299,-1.356108713901371,0.7264194021787796,0.09919921687533403,0.46414071852817507,-0.27511550362380566,0.42986729461249734,0.2906139606887381,95.0,91.0,95.0,93.0,91.0,93.0,94.0,91.0,84.0,71.0,72.0,79.0,91.0,93.0,16.0,13.0,8.0,7.0,78.0,74.0,44.0,56.0,72.0,71.0,38.0,32.0,59.0,65.0,61.0,37.0,True,False,False,Liverpool
2024,2603790,Leipzig,True,0.0,Round of 16,6,6,2.0,0.5,10.166666666666666,0.45901639344262296,0.21311475409836064,38.166666666666664,11.333333333333334,4.166666666666667,0.64,45.5,0.8434055492208286,438.5,0.11706575446598251,120.255,10.166666666666666,84.0,False,4.442651256490317,0.6629705510859154,0.7843569347077519,0.5039526306789696,0.18862183921113357,-0.19179259565346987,1.1945544312963066,-0.6480435605946623,0.6198206616764936,-0.3548466961011622,-0.666374728277051,-0.24068579673283147,-0.44599095621267903,-0.39924910383356604,0.7155072035030126,-0.5090601446405831,69.0,64.0,78.0,77.0,72.0,65.0,61.0,55.0,47.0,34.0,88.0,86.0,25.0,44.0,75.0,68.0,38.0,32.0,30.0,22.0,44.0,45.0,44.0,28.0,38.0,32.0,78.0,87.0,34.0,20.0,True,False,False,Leipzig
2024,50030,Salzburg,False,,Group stage,6,6,0.6666666666666666,-0.6666666666666666,8.0,0.4791666666666667,0.08333333333333333,37.333333333333336,12.833333333333334,5.5,0.8181818181818182,44.833333333333336,0.8062211013030686,396.5,0.1546868432114334,122.23666666666668,13.166666666666666,59.0,False,4.0943445622221,0.08862468345995886,-0.9466376798197005,-0.6719368409052928,-0.8304260193840828,0.08971255142435584,-1.5406271523167727,-0.7311926942716032,1.212871660224102,0.7396202219939899,-0.7650969102440213,-1.2414933137027166,-0.8775329613601525,0.9912580934769096,1.2518274966252128,1.147542359952501,50.0,43.0,23.0,21.0,28.0,31.0,22.0,22.0,66.0,44.0,6.0,17.0,22.0,41.0,92.0,82.0,77.0,63.0,20.0,19.0,9.0,26.0,22.0,17.0,75.0,78.0,91.0,90.0,88.0,67.0,True,False,False,Salzburg
2024,50031,Young Boys,False,,Group stage,6,6,0.6666666666666666,-1.0,9.0,0.42592592592592593,0.12962962962962962,40.833333333333336,14.0,7.0,0.7380952380952381,44.666666666666664,0.8222222222222222,375.0,0.156,118.94000000000001,14.5,34.5,False,3.56953269648137,-0.7767721961565531,-0.9466376798197005,-1.0079052613579391,-0.3600962384939828,-0.6540760010242118,-0.5649191020220485,-0.38196633282844944,1.6741335479833528,1.9708955048510364,-0.7897774557357645,-0.8108282643990153,-1.0984413687570733,1.0397934768639674,0.35961425878189646,1.8838101397716498,25.0,21.0,23.0,21.0,14.0,23.0,36.0,34.0,31.0,22.0,36.0,39.0,47.0,56.0,97.0,88.0,97.0,86.0,16.0,19.0,25.0,34.0,9.0,11.0,84.0,80.0,69.0,83.0,97.0,82.0,True,False,False,Young Boys
2024,50037,Bayern München,True,2.0,Semi-finals,6,6,2.6666666666666665,1.0,10.166666666666666,0.47540983606557374,0.19672131147540983,54.333333333333336,7.5,3.1666666666666665,0.6842105263157895,57.333333333333336,0.8835364125814679,588.1666666666666,0.11192972513459903,116.18166666666667,9.5,136.0,False,4.919980925828125,1.450070907154069,1.649854241971478,1.0079052613579391,0.18862183921113357,0.03722854095221822,0.8490578102083387,0.9650496327380008,-0.8957541123896168,-1.1756968846725269,1.0859440016366761,0.8394235490519273,1.0918055541937934,-0.5890810834237368,-0.3869038952275535,-0.8771940345501571,97.0,93.0,94.0,97.0,83.0,78.0,61.0,55.0,62.0,42.0,78.0,79.0,88.0,89.0,27.0,18.0,12.0,15.0,88.0,82.0,81.0,78.0,84.0,80.0,31.0,26.0,41.0,68.0,19.0,13.0,True,False,False,Bayern München
2024,50050,Celtic,False,,Group stage,6,6,0.6666666666666666,-1.6666666666666667,5.833333333333333,0.6571428571428571,0.14285714285714285,35.5,12.833333333333334,6.333333333333333,0.631578947368421,48.5,0.8637958532695375,522.5,0.11291866028708133,114.10166666666667,8.5,31.0,False,3.4657359027997265,-0.9479295712656538,-0.9466376798197005,-1.6798421022632322,-1.8494738779792996,2.576091426752424,-0.28614537336641305,-0.9141207883608744,1.212871660224102,1.42366204580346,-0.2221249094256837,0.3081127119980913,0.4170930540822678,-0.5525292053931934,-0.9498372222389072,-1.4293948694145184,16.0,18.0,23.0,21.0,6.0,11.0,3.0,5.0,100.0,98.0,53.0,48.0,19.0,35.0,92.0,82.0,94.0,78.0,47.0,38.0,66.0,62.0,69.0,61.0,34.0,27.0,19.0,55.0,9.0,5.0,True,False,False,Celtic
2024,50051,Real Madrid,True,4.0,Winner,6,6,3.0,1.5,15.333333333333334,0.4673913043478261,0.17391304347826086,61.0,7.166666666666667,3.5,0.7142857142857143,58.5,0.9308127572016461,648.0,0.0787037037037037,113.09833333333331,8.833333333333334,121.0,False,4.804021044733257,1.2588570154510623,2.0826028956033413,1.5118578920369088,2.6186590404766505,-0.0747926671701288,0.36836685912942685,1.6302427021535315,-1.027543223177974,-0.9020801551487386,1.2587078200788742,2.111851236438269,1.706581664701504,-1.817142882757991,-1.2213803815825321,-1.245327924459731,94.0,87.0,98.0,99.0,91.0,88.0,97.0,94.0,56.0,39.0,69.0,68.0,91.0,94.0,17.0,16.0,20.0,19.0,91.0,84.0,97.0,98.0,97.0,91.0,3.0,2.0,9.0,47.0,12.0,7.0,True,True,True,Real Madrid
2024,50058,Milan,False,,Group stage,6,6,1.3333333333333333,-0.5,11.5,0.4057971014492754,0.07246376811594203,45.833333333333336,10.166666666666666,4.5,0.7037037037037037,46.333333333333336,0.8479609929078015,376.0,0.12854609929078015,115.01833333333333,11.833333333333334,50.0,False,3.9318256327243257,-0.1793634922027296,-0.08114037255597432,-0.5039526306789696,0.8157282137312671,-0.9352815028951255,-1.7697064336903165,0.1169284692331988,0.15855877391724227,-0.08122996657737434,-0.5429720008183375,-0.11807748760481075,-1.088166559110705,0.025074131852096636,-0.7017496181874315,0.41127458013335316,44.0,35.0,48.0,46.0,38.0,35.0,91.0,69.0,12.0,15.0,3.0,11.0,62.0,73.0,56.0,55.0,52.0,40.0,39.0,26.0,50.0,49.0,12.0,12.0,56.0,48.0,28.0,61.0,67.0,49.0,True,False,False,Milan
2024,50062,PSV,True,0.0,Round of 16,6,6,1.5,-0.3333333333333333,11.333333333333334,0.4411764705882353,0.11764705882352941,48.5,10.5,3.5,0.5238095238095238,50.666666666666664,0.8392586989409985,440.6666666666667,0.1516641452344932,116.62,11.666666666666666,43.0,False,3.784189633918261,-0.42281022240481275,0.13523395425995732,-0.3359684204526464,0.7373399169162508,-0.4410214796067196,-0.8174553032748005,0.38300569699941095,0.2903478847055999,-0.9020801551487386,0.09872218196697018,-0.3522969450543427,-0.42372886864554726,0.8795366246839742,-0.2682729136538468,0.3192411076559589,38.0,29.0,58.0,53.0,45.0,38.0,88.0,68.0,38.0,27.0,16.0,31.0,73.0,80.0,62.0,59.0,20.0,19.0,62.0,51.0,41.0,43.0,47.0,30.0,72.0,75.0,50.0,70.0,62.0,46.0,True,False,False,PSV
2024,50064,Porto,True,0.0,Round of 16,6,6,2.0,1.1666666666666667,10.666666666666666,0.640625,0.234375,44.166666666666664,8.0,3.8333333333333335,0.6956521739130435,48.666666666666664,0.8580715059588299,461.5,0.13615023474178403,123.83333333333333,10.0,81.0,False,4.406719247264253,0.6037198925309718,0.7843569347077519,1.1758894715842625,0.4237867296561836,2.3453321833064242,1.6426203617697652,-0.04936979812068441,-0.6980704462070806,-0.6284634256249504,-0.1974443639339414,0.1540437358773987,-0.20967033434620547,0.3061293970382536,1.683950996045783,-0.6010936171179764,61.0,61.0,78.0,77.0,88.0,81.0,77.0,61.0,97.0,97.0,94.0,92.0,59.0,68.0,31.0,22.0,31.0,25.0,50.0,39.0,62.0,58.0,53.0,38.0,62.0,56.0,97.0,92.0,30.0,18.0,True,False,False,Porto
2024,50067,Galatasaray,False,,Group stage,6,6,0.8333333333333334,-0.5,10.666666666666666,0.40625,0.15625,50.0,10.333333333333334,4.166666666666667,0.52,51.833333333333336,0.8091493924231594,466.3333333333333,0.16082916368834882,113.54333333333334,12.0,31.5,False,3.481240089335692,-0.9223636960919298,-0.7302633530037688,-0.5039526306789696,0.4237867296561836,-0.9289543791030302,-0.0038869731025819487,0.5326741376179054,0.22445332931142145,-0.3548466961011622,0.2714860004091693,-1.1626792952360514,-0.16000875438875833,1.2182834432515406,-1.1009451265248087,0.5033080526107464,19.0,19.0,36.0,27.0,38.0,35.0,77.0,61.0,16.0,15.0,62.0,56.0,81.0,83.0,59.0,57.0,38.0,32.0,69.0,59.0,12.0,28.0,56.0,39.0,94.0,84.0,12.0,51.0,72.0,52.0,True,False,False,Galatasaray
2024,50069,Crvena Zvezda,False,,Group stage,6,6,0.16666666666666666,-1.3333333333333333,9.833333333333334,0.423728813559322,0.11864406779661017,34.5,15.5,7.5,0.6888888888888889,40.666666666666664,0.7936821322803553,337.6666666666667,0.18114511352418558,116.27166666666666,13.666666666666666,42.0,False,3.7612001156935624,-0.4607191544131637,-1.595760660267495,-1.3438736818105856,0.0318452455811008,-0.6847702964826644,-0.7964430461597795,-1.013899748773204,2.267184546530961,2.3813205991367186,-1.3821105475375877,-1.5789756525756373,-1.482034262221494,1.969178098588848,-0.36254620319341124,1.4236427773846818,33.0,28.0,3.0,5.0,9.0,16.0,53.0,50.0,28.0,20.0,22.0,32.0,12.0,30.0,100.0,94.0,100.0,89.0,6.0,8.0,6.0,22.0,6.0,4.0,100.0,94.0,45.0,69.0,94.0,72.0,True,False,False,Crvena Zvezda
2024,50080,Barcelona,True,1.0,Quarter-finals,6,6,2.0,1.0,10.833333333333334,0.4461538461538462,0.18461538461538463,64.83333333333333,7.333333333333333,3.5,0.7142857142857143,60.666666666666664,0.8957154405820533,618.5,0.0959310158986796,122.11333333333334,10.833333333333334,98.0,False,4.59511985013459,0.9143860654684661,0.7843569347077519,1.0079052613579391,0.5021750264712008,-0.3714861028363946,0.5939218438664551,2.0127287170674615,-0.9616486677837955,-0.9020801551487386,1.5795549114715282,1.1672181904926304,1.4034747801336358,-1.1804068818541071,1.2184484371710134,-0.14092625473100825,84.0,74.0,78.0,77.0,83.0,78.0,84.0,63.0,44.0,30.0,72.0,73.0,97.0,97.0,22.0,17.0,20.0,19.0,94.0,88.0,91.0,85.0,91.0,87.0,16.0,12.0,88.0,90.0,45.0,31.0,True,False,False,Barcelona
2024,50113,Antwerp,False,,Group stage,6,6,0.5,-1.8333333333333333,7.333333333333333,0.4090909090909091,0.13636363636363635,34.833333333333336,10.666666666666666,6.0,0.5555555555555556,45.166666666666664,0.8447281713344317,404.6666666666667,0.15815485996705106,120.11500000000001,9.833333333333334,17.0,False,2.8903717578961645,-1.8966854362649959,-1.163012006635632,-1.847826312489555,-1.1439792066441496,-0.8892660571344305,-0.4229979310700887,-0.9806400953024272,0.3562424400997784,1.150045316279672,-0.7157358192605366,-0.20508784577408176,-0.7936220159148102,1.1194389202389423,0.6776174603387904,-0.6931270895953696,8.0,9.0,12.0,15.0,3.0,9.0,11.0,15.0,19.0,15.0,45.0,43.0,16.0,32.0,67.0,62.0,91.0,73.0,25.0,21.0,47.0,47.0,28.0,19.0,91.0,82.0,75.0,87.0,25.0,16.0,True,False,False,Antwerp
2024,50123,Real Sociedad,True,0.0,Round of 16,6,6,2.0,0.8333333333333334,9.333333333333334,0.4642857142857143,0.125,49.666666666666664,5.666666666666667,2.1666666666666665,0.8461538461538461,56.833333333333336,0.8547037161031135,497.8333333333333,0.12855708068295948,116.04166666666667,15.166666666666666,33.0,False,3.5263605246161616,-0.8479616361393687,0.7843569347077519,0.8399210511316161,-0.20331964486394918,-0.1181786588873556,-0.6624899070515208,0.49941448414712863,-1.6205942217255824,-1.996547073243891,1.0119023651614483,0.06340074957757852,0.16364774947184674,0.0254800133768227,-0.42479363839177936,2.2519440296812236,22.0,20.0,78.0,77.0,78.0,73.0,45.0,40.0,50.0,37.0,28.0,36.0,78.0,82.0,6.0,4.0,3.0,3.0,84.0,80.0,59.0,55.0,62.0,52.0,59.0,48.0,38.0,68.0,100.0,88.0,True,False,False,Real Sociedad
2024,50124,Atleti,True,1.0,Quarter-finals,6,6,2.3333333333333335,1.8333333333333333,10.333333333333334,0.5161290322580645,0.27419354838709675,43.666666666666664,7.5,4.333333333333333,0.9230769230769231,51.5,0.8858075040783034,613.0,0.10114192495921696,118.27166666666666,9.5,85.0,False,4.454347296253507,0.682256922023146,1.2171055883396151,1.847826312489555,0.2670101360261508,0.6060874931663482,2.4818079711563157,-0.09925927832684923,-0.8957541123896168,-0.21803833133926864,0.2221249094256837,0.900549249957489,1.3469633270786094,-0.9878072842658067,0.17873584200981396,-0.8771940345501571,72.0,64.0,91.0,89.0,95.0,93.0,66.0,57.0,72.0,59.0,100.0,98.0,53.0,66.0,27.0,18.0,45.0,35.0,66.0,57.0,84.0,80.0,88.0,85.0,22.0,17.0,66.0,81.0,19.0,13.0,True,False,False,Atleti
2024,50136,Napoli,True,0.0,Round of 16,6,6,1.6666666666666667,0.16666666666666666,8.333333333333334,0.56,0.2,46.666666666666664,12.5,4.666666666666667,0.7142857142857143,53.166666666666664,0.8744989207523898,540.5,0.10237434474252236,115.195,11.0,81.0,False,4.406719247264253,0.6037198925309718,0.35160828107588893,0.1679842102263232,-0.6736494257540492,1.2189776058375728,0.9181571344259326,0.2000776029101397,1.0810825494357443,0.05557839818451994,0.46893036434310964,0.5961823483999926,0.6020396277168993,-0.9422560087461374,-0.6539363708611479,-0.04889278225361501,61.0,61.0,64.0,61.0,64.0,54.0,30.0,26.0,91.0,77.0,81.0,80.0,66.0,74.0,86.0,78.0,58.0,45.0,75.0,65.0,72.0,70.0,75.0,70.0,25.0,18.0,31.0,63.0,52.0,34.0,True,False,False,Napoli
2024,50138,Inter,True,0.0,Round of 16,6,6,2.0,0.5,10.666666666666666,0.4375,0.125,39.0,7.166666666666667,4.333333333333333,0.8076923076923077,49.333333333333336,0.8545953360768176,486.0,0.12071330589849108,119.39,10.0,96.0,False,4.574710978503383,0.8807325317374551,0.7843569347077519,0.5039526306789696,0.4237867296561836,-0.49238283744843636,-0.6624899070515208,-0.5648944269177206,-1.027543223177974,-0.21803833133926864,-0.09872218196697018,0.060483735850597846,0.0420625019898207,-0.26443252386213717,0.48140271895261905,-0.6010936171179764,81.0,73.0,78.0,77.0,72.0,65.0,77.0,61.0,34.0,26.0,28.0,36.0,31.0,49.0,17.0,16.0,45.0,35.0,59.0,42.0,56.0,55.0,59.0,48.0,41.0,37.0,72.0,85.0,30.0,18.0,True,False,False,Inter
2024,50147,Benfica,False,,Group stage,6,6,0.6666666666666666,-0.6666666666666666,9.333333333333334,0.5178571428571429,0.125,43.833333333333336,11.666666666666666,5.666666666666667,0.7058823529411765,49.0,0.8247460087082729,459.3333333333333,0.12445573294629898,117.77000000000002,8.166666666666666,82.0,False,4.418840607796598,0.6237076029204701,-0.9466376798197005,-0.6719368409052928,-0.20331964486394918,0.6302296982348059,-0.6624899070515208,-0.08262945159146048,0.7516097724648506,0.8764285867558842,-0.14808327295045579,-0.7429013587191775,-0.23193242191333724,-0.1261092610614152,0.04296426233801308,-1.613461814369306,66.0,62.0,23.0,21.0,28.0,31.0,45.0,40.0,75.0,60.0,28.0,36.0,56.0,66.0,78.0,71.0,83.0,66.0,56.0,40.0,31.0,35.0,50.0,36.0,47.0,41.0,62.0,77.0,6.0,2.0,True,False,False,Benfica
2024,52277,Lens,False,,Group stage,6,6,1.3333333333333333,-0.8333333333333334,7.333333333333333,0.36363636363636365,0.13636363636363635,31.333333333333332,9.333333333333334,5.333333333333333,0.65625,44.0,0.8102716468590832,392.6666666666667,0.1269100169779287,115.98500000000001,12.5,17.0,True,2.8903717578961645,-1.8966854362649959,-0.08114037255597432,-0.8399210511316161,-1.1439792066441496,-1.5242792086320218,-0.4229979310700887,-1.3298664567455813,-0.1709140030536508,0.6028118572320956,-0.8884996377027348,-1.1324741762059307,-0.9169197316712312,-0.035396851505273656,-0.4401299630058683,0.7794084700429271,8.0,9.0,48.0,46.0,20.0,27.0,11.0,15.0,6.0,6.0,45.0,43.0,9.0,23.0,39.0,44.0,72.0,61.0,12.0,15.0,16.0,29.0,19.0,16.0,50.0,45.0,34.0,67.0,81.0,60.0,True,False,False,Lens
2024,52280,Arsenal,True,1.0,Quarter-finals,6,6,2.1666666666666665,2.0,10.666666666666666,0.5,0.25,48.5,7.0,2.8333333333333335,0.7058823529411765,56.5,0.8930317848410758,545.3333333333334,0.09902200488997555,120.76166666666667,10.5,76.0,False,4.343805421853684,0.4999771387001314,1.0007312615236832,2.0158105227158782,0.4237867296561836,0.3807602458607515,1.9719218287442346,0.38300569699941095,-1.093437778572153,-1.4493136141963145,0.9625412741779626,1.0949884549733657,0.651701207674347,-1.0661613195237456,0.8526319882878318,-0.3249931996857957,56.0,56.0,88.0,84.0,100.0,95.0,77.0,61.0,69.0,51.0,97.0,94.0,73.0,80.0,12.0,13.0,9.0,9.0,81.0,79.0,88.0,84.0,78.0,72.0,19.0,15.0,81.0,88.0,41.0,25.0,True,False,False,Arsenal
2024,52336,Braga,False,,Group stage,6,6,0.6666666666666666,-1.0,10.5,0.3333333333333333,0.09523809523809523,47.833333333333336,9.5,5.166666666666667,0.6774193548387096,52.5,0.883418043202033,524.6666666666666,0.12801778907242695,111.46499999999999,10.333333333333334,44.0,False,3.8066624897703196,-0.3857532490397118,-0.9466376798197005,-1.0079052613579391,0.34539843284116717,-1.9476213096304165,-1.2897307965267006,0.3164863900578581,-0.10501944765947231,0.46600349247020206,0.37020818237613945,0.8362376750817263,0.43935514164939904,0.0055473402166040485,-1.663427385165164,-0.41702667216318895,41.0,30.0,23.0,21.0,14.0,23.0,69.0,59.0,3.0,4.0,9.0,22.0,69.0,78.0,44.0,46.0,69.0,58.0,72.0,62.0,78.0,78.0,72.0,62.0,53.0,46.0,3.0,36.0,38.0,22.0,True,False,False,Braga
2024,52682,Man Utd,False,,Group stage,6,6,0.6666666666666666,-0.5,9.166666666666666,0.4727272727272727,0.21818181818181817,40.5,10.666666666666666,5.833333333333333,0.5714285714285714,47.333333333333336,0.8348982785602503,426.0,0.155320813771518,116.27166666666666,10.833333333333334,104.0,False,4.653960350157523,1.0114120445649024,-0.9466376798197005,-0.5039526306789696,-0.2817079416789664,-0.00024764503780329967,1.3013442959962238,-0.4152259862992262,0.3562424400997784,1.0132369515177777,-0.39488872786788176,-0.4696562643012776,-0.5744260767922842,1.0146901805343898,-0.36254620319341124,-0.14092625473100825,88.0,78.0,23.0,21.0,38.0,35.0,41.0,37.0,59.0,41.0,91.0,88.0,42.0,54.0,67.0,62.0,88.0,70.0,44.0,31.0,38.0,41.0,34.0,25.0,81.0,79.0,45.0,69.0,45.0,31.0,True,False,False,Man Utd
2024,52707,Shakhtar,False,,Group stage,6,6,1.5,-0.3333333333333333,8.166666666666666,0.5306122448979592,0.20408163265306123,30.666666666666668,11.0,5.666666666666667,0.6470588235294118,45.5,0.8535255161667316,427.8333333333333,0.14452668484612388,117.42833333333333,11.833333333333334,63.0,False,4.1588830833596715,0.19504650517065597,0.13523395425995732,-0.3359684204526464,-0.7520377225690664,0.8084221642162727,1.0041787421253858,-1.3963857636871342,0.48803155088813605,0.8764285867558842,-0.666374728277051,0.03168987530475468,-0.5555889257739423,0.6157300637495554,-0.0495047537175461,0.41127458013335316,53.0,47.0,58.0,53.0,45.0,38.0,25.0,24.0,81.0,64.0,84.0,83.0,6.0,21.0,72.0,64.0,83.0,66.0,30.0,22.0,53.0,55.0,38.0,26.0,69.0,67.0,56.0,74.0,67.0,49.0,True,False,False,Shakhtar
2024,52709,Copenhagen,True,0.0,Round of 16,6,6,1.3333333333333333,0.0,8.333333333333334,0.52,0.16,40.5,9.833333333333334,4.666666666666667,0.75,43.5,0.8186388244392885,431.0,0.1225831399845321,127.76666666666667,9.5,40.5,False,3.7256934272366524,-0.519268473515841,-0.08114037255597432,-6.993747673752626e-18,-0.6736494257540492,0.6601660325196919,0.07514537897129078,-0.4152259862992262,0.026769663128885332,0.05557839818451994,-0.9625412741779626,-0.907274269067015,-0.5230520285604421,-0.19532187764962186,2.748472351612127,-0.8771940345501571,28.0,27.0,48.0,46.0,58.0,48.0,30.0,26.0,78.0,61.0,66.0,60.0,42.0,54.0,48.0,50.0,58.0,45.0,9.0,14.0,22.0,32.0,41.0,26.0,44.0,39.0,100.0,92.0,19.0,13.0,True,False,False,Copenhagen
2024,52714,Sevilla,False,,Group stage,6,6,0.3333333333333333,-0.8333333333333334,7.5,0.4222222222222222,0.15555555555555556,39.5,10.0,4.5,0.5925925925925926,48.833333333333336,0.814297124600639,417.3333333333333,0.15694888178913738,114.27833333333332,12.5,91.0,False,4.5217885770490405,0.7934652954760213,-1.3793863334515637,-0.8399210511316161,-1.0655909098291327,-0.7058178133684601,-0.01852259385700276,-0.5150049467115558,0.09266421852306381,-0.08122996657737434,-0.17276381844219807,-1.024129730913795,-0.6634744270608106,1.0748649487748358,-0.9020239749126273,0.7794084700429271,78.0,70.0,8.0,8.0,20.0,27.0,16.0,17.0,25.0,20.0,59.0,56.0,34.0,50.0,53.0,52.0,52.0,40.0,53.0,39.0,19.0,30.0,31.0,23.0,88.0,81.0,22.0,56.0,81.0,60.0,True,False,False,Sevilla
2024,52747,Paris,True,2.0,Semi-finals,6,6,1.3333333333333333,0.16666666666666666,12.666666666666666,0.3815789473684211,0.11842105263157894,64.33333333333333,9.333333333333334,4.833333333333333,0.7241379310344828,62.5,0.9015231092436975,634.6666666666666,0.09191176470588236,114.34833333333331,12.5,112.0,False,4.727387818712341,1.1324914376075723,-0.08114037255597432,0.1679842102263232,1.3644462914363835,-1.2736161225145515,-0.8011431563039291,1.9628392368612966,-0.1709140030536508,0.1923867629464135,1.8510409118806974,1.3235297341115915,1.5695842027499247,-1.3289617987305908,-0.8830791033305163,0.7794084700429271,91.0,82.0,48.0,46.0,64.0,54.0,94.0,80.0,9.0,9.0,19.0,31.0,94.0,96.0,39.0,44.0,62.0,50.0,97.0,90.0,94.0,89.0,94.0,89.0,12.0,9.0,25.0,57.0,81.0,60.0,True,False,False,Paris Saint-Germain
2024,52749,Feyenoord,False,,Group stage,6,6,1.0,-0.16666666666666666,9.666666666666666,0.5344827586206896,0.15517241379310345,53.0,6.166666666666667,3.5,0.6190476190476191,54.0,0.8826455955516535,569.5,0.08984489318115306,121.17166666666668,12.166666666666666,51.0,False,3.9512437185814275,-0.14734373044459287,-0.5138890261878373,-0.1679842102263232,-0.04654305123391642,0.8624943607899581,-0.02659741910082112,0.8320110188548944,-1.4229105555430464,-0.9020801551487386,0.5923330918018231,0.8154474937490532,0.9000091074615834,-1.4053551150032277,0.9635948075544959,0.5953415250881396,47.0,36.0,41.0,33.0,52.0,42.0,50.0,46.0,84.0,65.0,56.0,55.0,84.0,88.0,9.0,7.0,20.0,19.0,78.0,70.0,75.0,78.0,81.0,77.0,9.0,7.0,84.0,89.0,75.0,55.0,True,False,False,Feyenoord
2024,52758,B. Dortmund,True,3.0,Runner-up,6,6,1.8333333333333333,0.5,10.0,0.4666666666666667,0.11666666666666667,39.833333333333336,9.833333333333334,3.6666666666666665,0.8181818181818182,44.833333333333336,0.8301415487094088,400.3333333333333,0.1369691923397169,112.29833333333335,11.0,86.0,False,4.465908118654584,0.7013203241388192,0.5679826078918203,0.5039526306789696,0.11023354239611718,-0.0849160652374819,-0.838117356104571,-0.4817452932407791,0.026769663128885332,-0.7652717903868447,-0.7650969102440213,-0.5976821261198015,-0.8381461910490737,0.33639876116864353,-1.4378931996638136,-0.04889278225361501,75.0,65.0,69.0,69.0,72.0,65.0,56.0,53.0,53.0,38.0,12.0,30.0,38.0,51.0,48.0,50.0,28.0,22.0,20.0,19.0,34.0,38.0,25.0,18.0,66.0,57.0,6.0,41.0,52.0,34.0,True,True,True,Borussia Dortmund
2024,52919,Man City,True,1.0,Quarter-finals,6,6,3.0,1.8333333333333333,16.0,0.5416666666666666,0.1875,71.5,4.166666666666667,2.6666666666666665,0.5625,69.16666666666667,0.937584803256445,737.0,0.08163726820443239,117.71999999999998,7.0,145.0,False,4.983606621708336,1.5549875111269023,2.0826028956033413,1.847826312489555,2.9322122277367173,0.962855634733543,0.6547159608463569,2.677921786482993,-2.213645220273191,-1.5861219789582088,2.838262731550403,2.2941186890006584,2.621039723228293,-1.7087158624865217,0.02943221120792168,-2.2576961217110605,100.0,96.0,98.0,99.0,95.0,93.0,100.0,97.0,88.0,69.0,75.0,76.0,100.0,99.0,3.0,0.0,6.0,7.0,100.0,93.0,100.0,99.0,100.0,98.0,6.0,2.0,59.0,76.0,3.0,1.0,True,False,False,Manchester City
2024,52973,Lazio,True,0.0,Round of 16,6,6,1.6666666666666667,0.0,9.0,0.4444444444444444,0.12962962962962962,41.166666666666664,8.333333333333334,4.166666666666667,0.72,46.0,0.8722860791826309,522.0,0.10791826309067688,117.31166666666667,11.166666666666666,42.0,False,3.7612001156935624,-0.4607191544131637,0.35160828107588893,-6.993747673752626e-18,-0.3600962384939828,-0.39536693930297134,-0.5649191020220485,-0.34870667935767335,-0.5662813354187229,-0.3548466961011622,-0.5923330918018231,0.5366244256421728,0.4119556492590836,-0.737348106782704,-0.08107953968773245,0.043140690223778234,33.0,28.0,64.0,61.0,58.0,48.0,36.0,34.0,41.0,29.0,36.0,39.0,50.0,59.0,34.0,27.0,38.0,32.0,34.0,25.0,69.0,69.0,66.0,61.0,28.0,22.0,53.0,74.0,58.0,37.0,True,False,False,Lazio
2024,59324,Newcastle,False,,Group stage,6,6,0.8333333333333334,-0.16666666666666666,7.666666666666667,0.5652173913043478,0.13043478260869565,38.5,12.5,5.5,0.7878787878787878,46.333333333333336,0.8235040895393887,387.1666666666667,0.15497201894102453,114.005,11.166666666666666,17.0,True,2.8903717578961645,-1.8966854362649959,-0.7302633530037688,-0.1679842102263232,-0.9872026130141159,1.2918660719225121,-0.5479502663647489,-0.6147839071238855,1.0810825494357443,0.7396202219939899,-0.5429720008183375,-0.7763272157451364,-0.9734311847262574,1.001798429169419,-0.9759991877570662,0.043140690223778234,8.0,9.0,36.0,27.0,52.0,42.0,19.0,19.0,94.0,81.0,41.0,40.0,28.0,46.0,86.0,78.0,77.0,63.0,39.0,26.0,28.0,34.0,16.0,15.0,78.0,78.0,16.0,54.0,58.0,37.0,True,False,False,Newcastle
2024,77977,Union Berlin,False,,Group stage,6,6,0.3333333333333333,-0.6666666666666666,7.166666666666667,0.4186046511627907,0.13953488372093023,29.333333333333332,12.166666666666666,5.0,0.6666666666666666,35.833333333333336,0.7864609258337482,334.8333333333333,0.17421602787456447,123.75166666666668,13.5,17.0,False,2.8903717578961645,-1.8966854362649959,-1.3793863334515637,-0.6719368409052928,-1.222367503459166,-0.7563563277512138,-0.35616296102875855,-1.5294243775702407,0.9492934386473867,0.3291951277083078,-2.0978463667981235,-1.7733321133556852,-1.511146222886205,1.713073243894978,1.661848645866656,1.3316093049072886,8.0,9.0,8.0,8.0,28.0,31.0,6.0,14.0,22.0,17.0,50.0,46.0,3.0,16.0,81.0,76.0,66.0,55.0,3.0,1.0,3.0,19.0,3.0,4.0,97.0,92.0,94.0,92.0,91.0,70.0,True,False,False,Union Berlin
2025,2601306,Brest,True,0.0,Knockout play-off,8,8,1.625,-0.125,10.125,0.41975308641975306,0.12345679012345678,38.5,8.25,4.25,0.7058823529411765,45.875,0.8096147723654887,392.625,0.16746259153135945,117.76875,12.125,14.5,True,2.740840023925201,-1.7692482857601326,0.2722277718085066,-0.10363328037802001,0.1927859404605128,-1.0118621524881333,-0.7442647688446947,-0.3489926929937899,-0.5808234182297369,-0.37740659156417694,-0.6394887178108561,-1.4227460059630688,-0.95424778294959,1.7457204271007478,0.4024261796034513,0.8866885999752512,8.0,6.0,56.0,57.0,43.0,45.0,67.0,53.0,19.0,18.0,22.0,35.0,39.0,46.0,31.0,25.0,33.0,34.0,28.0,24.0,11.0,28.0,19.0,16.0,94.0,89.0,64.0,77.0,86.0,54.0,True,False,False,Brest
2025,2602798,Girona,False,,League phase,8,8,0.375,-1.0,7.0,0.5178571428571429,0.08928571428571429,34.625,11.5,5.5,0.7954545454545454,51.625,0.8767050013372559,467.375,0.11099224391548543,116.621125,14.375,14.5,True,2.740840023925201,-1.7692482857601326,-1.542624040248204,-0.8290662430241601,-1.0554683502910078,0.436307644972272,-1.3382659267251857,-0.677387166333646,0.7749140367902977,0.49353169666084634,0.2519197979254888,0.4579401032433974,-0.15757337546728287,-0.22312536977359612,0.27912901936067924,2.4027155466347843,8.0,6.0,11.0,10.0,21.0,23.0,21.0,13.0,67.0,60.0,8.0,19.0,28.0,31.0,75.0,69.0,71.0,63.0,58.0,58.0,67.0,71.0,50.0,40.0,53.0,25.0,47.0,71.0,96.0,80.0,True,False,False,Girona
2025,2603790,Leipzig,False,,League phase,8,8,0.375,-0.875,9.25,0.4864864864864865,0.10810810810810811,30.375,11.75,4.875,0.6666666666666666,47.625,0.848303934871099,460.625,0.09823609226594301,103.28625,11.125,97.0,False,4.584967478670572,0.8894028249624835,-1.542624040248204,-0.7254329626461401,-0.156725260949913,-0.026772463356245068,-1.0110733098560538,-1.037561749996714,0.8792015333303004,0.05806255254833468,-0.368190473891099,-0.33820401503093855,-0.22951387380180557,-0.6678702070168756,-1.1535273097471292,0.2128988459043475,82.0,73.0,11.0,10.0,26.0,25.0,50.0,39.0,47.0,46.0,19.0,26.0,14.0,19.0,78.0,72.0,58.0,52.0,36.0,33.0,36.0,50.0,47.0,37.0,31.0,14.0,11.0,3.0,71.0,35.0,True,False,False,Leipzig
2025,50023,Monaco,True,0.0,Knockout play-off,8,8,1.625,0.0,8.75,0.5142857142857142,0.18571428571428572,40.625,9.25,4.5,0.6388888888888888,50.75,0.8364101107639875,440.125,0.1297926725362113,98.84275,12.375,24.0,False,3.2188758248682006,-1.080071184756685,0.2722277718085066,0.0,-0.3564459474701563,0.38358775571640863,0.3379670181582134,-0.16890540116225589,-0.16367343206972623,-0.2032189339191723,0.1162706759656102,-0.67161396349009,-0.44799983170665236,0.4323539469314979,-1.630922740779707,1.055136038492977,22.0,14.0,56.0,57.0,47.0,48.0,39.0,30.0,64.0,58.0,69.0,74.0,53.0,55.0,54.0,43.0,43.0,40.0,53.0,52.0,28.0,42.0,33.0,30.0,67.0,49.0,6.0,1.0,89.0,58.0,True,False,False,Monaco
2025,50030,Salzburg,False,,League phase,8,8,0.375,-2.75,5.875,0.425531914893617,0.10638297872340426,40.125,12.75,7.125,0.5263157894736842,46.625,0.8584931887684182,449.625,0.09841534612176814,119.401375,11.5,50.0,False,3.9318256327243257,-0.052222055528313695,-1.542624040248204,-2.2799321683164404,-1.5048398949615553,-0.926557577280329,-1.0410615038735194,-0.21127888159320504,1.296351519490311,1.6257514713533765,-0.5232180418452459,-0.05257690417504817,-0.3467502414580648,-0.6616204987095089,0.5778301889630921,0.4655700036809364,40.0,35.0,11.0,10.0,3.0,2.0,6.0,5.0,22.0,22.0,17.0,25.0,47.0,52.0,90.0,81.0,94.0,87.0,31.0,27.0,39.0,58.0,36.0,33.0,33.0,14.0,94.0,85.0,79.0,43.0,True,False,False,Salzburg
2025,50031,Young Boys,False,,League phase,8,8,0.0,-2.625,7.0,0.32142857142857145,0.05357142857142857,30.75,12.0,6.625,0.5849056603773585,43.5,0.8163623595505618,356.0,0.17275280898876405,117.855375,14.5,34.5,False,3.56953269648137,-0.5745343907580323,-2.087079583865217,-2.17629888793842,-1.0554683502910078,-2.463286264100133,-1.959092943348667,-1.0057816396735022,0.9834890298703031,1.2773761560633672,-1.0076791917019552,-1.2335963535603813,-1.3445915979869076,1.9301645264431513,0.4117328926029328,2.4869392658936476,31.0,21.0,4.0,2.0,6.0,2.0,21.0,13.0,3.0,3.0,3.0,6.0,17.0,21.0,81.0,74.0,90.0,81.0,17.0,14.0,17.0,31.0,11.0,7.0,97.0,91.0,67.0,77.0,100.0,82.0,True,False,False,Young Boys
2025,50033,Sparta Praha,False,,League phase,8,8,0.5,-1.75,6.625,0.39622641509433965,0.1320754716981132,24.375,13.25,7.625,0.6721311475409836,36.875,0.7721568627450981,318.75,0.18196078431372548,102.5395,10.25,22.5,False,3.1570004211501135,-1.169276033585432,-1.361138859042533,-1.4508659252922802,-1.2052588651811904,-1.3591527344018932,-0.5944448785064868,-1.546043515168104,1.5049265125703164,1.9741267866433858,-2.0347368293981787,-2.4727732809128256,-1.741596570277422,2.251201748306769,-1.2337557418667588,-0.3766671889076932,19.0,12.0,17.0,15.0,11.0,10.0,15.0,10.0,14.0,12.0,26.0,41.0,8.0,5.0,97.0,84.0,97.0,90.0,3.0,2.0,3.0,16.0,3.0,2.0,100.0,95.0,8.0,3.0,39.0,21.0,True,False,False,Sparta Praha
2025,50037,Bayern München,True,1.0,Quarter-finals,8,8,1.875,1.0,16.125,0.5426356589147286,0.15503875968992248,65.0,5.375,2.75,0.45454545454545453,63.75,0.9010481435423698,703.625,0.07656777402735833,122.82900000000001,9.75,144.0,False,4.976733742420574,1.454206417893324,0.6351981342198487,0.8290662430241601,2.5894341787034327,0.8020774192668165,-0.19527045038350546,1.8968017698465165,-1.7801296284397674,-1.4225325374342048,2.13162905936952,1.1403317137841995,2.3603440662410122,-1.42333885721128,0.9460832584562937,-0.7135620659431451,97.0,96.0,72.0,72.0,79.0,78.0,100.0,97.0,72.0,69.0,44.0,55.0,94.0,97.0,3.0,3.0,8.0,8.0,97.0,91.0,92.0,89.0,100.0,95.0,6.0,1.0,100.0,91.0,22.0,15.0,True,False,False,Bayern München
2025,50043,Club Brugge,True,0.0,Round of 16,8,8,1.375,-0.5,8.5,0.4852941176470588,0.10294117647058823,32.125,8.0,3.125,0.6,40.125,0.8716178906681391,452.75,0.13224737713970183,117.939875,9.25,64.0,False,4.174387269895637,0.29747544744240445,-0.09074259060283553,-0.41453312151208005,-0.45630629073027795,-0.04437369824294027,-1.1008908909573842,-0.8892545684883919,-0.6851109147697395,-1.161251050966698,-1.530897233547201,0.31533724559880505,-0.3134444551920821,0.5179375327458677,0.4208113023975216,-1.0504569429785968,58.0,48.0,38.0,49.0,35.0,35.0,36.0,27.0,44.0,45.0,14.0,24.0,22.0,25.0,28.0,22.0,17.0,13.0,8.0,6.0,50.0,68.0,39.0,34.0,72.0,52.0,69.0,78.0,8.0,11.0,True,False,False,Club Brugge
2025,50050,Celtic,True,0.0,Knockout play-off,8,8,1.5,-0.125,8.25,0.5454545454545454,0.19696969696969696,41.875,10.25,5.25,0.6904761904761905,52.375,0.8771428571428571,525.0,0.08928571428571429,118.20375,10.0,32.0,False,3.4965075614664802,-0.6798136412883666,0.09074259060283553,-0.10363328037802001,-0.5561666339903997,0.8436886074039308,0.5336215930940981,-0.06297170008488294,0.2534765540902844,0.3193440390158417,0.368190473891099,0.47021416079320966,0.4565853232774389,-0.97992626494446,0.4491611886051779,-0.5451146274254192,28.0,19.0,46.0,53.0,43.0,45.0,32.0,25.0,76.0,71.0,75.0,79.0,61.0,62.0,61.0,56.0,67.0,59.0,64.0,62.0,69.0,73.0,67.0,62.0,14.0,6.0,78.0,80.0,33.0,18.0,True,False,False,Celtic
2025,50051,Real Madrid,True,1.0,Quarter-finals,8,8,1.875,1.0,12.375,0.5454545454545454,0.20202020202020202,47.375,11.375,6.25,0.76,51.875,0.9014665444546288,545.5,0.09899175068744272,109.03975,11.75,136.0,False,4.919980925828125,1.3723867266990484,0.6351981342198487,0.8290662430241601,1.0915290298016078,0.8436886074039308,0.6214153126166106,0.403136584655558,0.7227702885202963,1.0160946695958604,0.2906766899140255,1.1520604080489918,0.6750712811822857,-0.6415240807779755,-0.5353896676978582,0.6340174421986623,94.0,93.0,72.0,72.0,79.0,78.0,83.0,79.0,76.0,71.0,81.0,82.0,72.0,77.0,72.0,68.0,85.0,76.0,61.0,59.0,94.0,89.0,83.0,72.0,36.0,15.0,17.0,18.0,83.0,47.0,True,False,False,Real Madrid
2025,50058,Milan,True,0.0,Knockout play-off,8,8,1.875,0.375,11.125,0.5393258426966292,0.15730337078651685,45.125,12.125,6.25,0.78,54.125,0.8962759310172457,500.125,0.09522619345163709,114.8595,10.875,59.0,False,4.0943445622221,0.18207906683221695,0.6351981342198487,0.31089984113406005,0.5922273135009994,0.7532193388136881,-0.1559043613579943,0.21245592271628672,1.0356327781403043,1.0160946695958604,0.6394887178108561,1.0065561410408275,0.19147126460021627,-0.7728107090636076,0.08986566250397422,0.04445140738662159,53.0,43.0,72.0,72.0,56.0,62.0,72.0,65.0,69.0,67.0,53.0,57.0,64.0,71.0,83.0,75.0,85.0,76.0,81.0,70.0,86.0,86.0,58.0,52.0,25.0,11.0,31.0,60.0,64.0,33.0,True,False,False,Milan
2025,50062,PSV,True,0.0,Round of 16,8,8,1.75,0.5,13.0,0.5480769230769231,0.15384615384615385,48.875,10.125,4.75,0.6842105263157895,52.75,0.8734868264894374,526.625,0.11393306432470923,118.277375,10.375,54.0,False,4.007333185232471,0.05663605936344987,0.45371295301417763,0.41453312151208005,1.341179887951912,0.8823990155987959,-0.21600170436735439,0.5302570259484055,0.20133280582028307,-0.02903127627416765,0.42632581187390406,0.3677276114089033,0.4739043321357499,-0.12059329503858991,0.4570712231747237,-0.2924434696488302,44.0,38.0,64.0,65.0,61.0,65.0,90.0,84.0,82.0,72.0,42.0,54.0,75.0,81.0,58.0,53.0,53.0,48.0,69.0,63.0,61.0,69.0,69.0,63.0,61.0,29.0,81.0,81.0,44.0,23.0,True,False,False,PSV
2025,50069,Crvena Zvezda,False,,League phase,8,8,0.75,-1.125,8.875,0.43661971830985913,0.18309859154929578,39.625,12.75,6.0,0.5416666666666666,45.375,0.8408566721581548,379.375,0.14398682042833608,106.849375,9.75,40.0,False,3.713572066704308,-0.3668749740265157,-0.9981684966311909,-0.9326995234021801,-0.3065157758400955,-0.7628842021857147,0.2924979972224091,-0.25365236202415425,1.296351519490311,0.8419070119508556,-0.7170025017879296,-0.5469671054317674,-1.0954643167173568,0.9272347046650833,-0.7707165535418964,-0.7135620659431451,33.0,26.0,22.0,24.0,15.0,21.0,44.0,32.0,28.0,25.0,64.0,72.0,44.0,50.0,90.0,81.0,81.0,73.0,25.0,22.0,31.0,44.0,17.0,12.0,78.0,66.0,14.0,8.0,22.0,15.0,True,False,False,Crvena Zvezda
2025,50080,Barcelona,True,2.0,Semi-finals,8,8,2.375,1.875,11.625,0.5913978494623656,0.3010752688172043,51.75,6.375,3.125,0.56,58.5,0.8890058972198821,593.5,0.09477674810446504,116.86225,10.0,91.0,False,4.5217885770490405,0.7983187426025073,1.361138859042533,1.5544992056703002,0.7919480000212428,1.5218838592193207,2.343305037445243,0.7739045384263633,-1.3629796422797569,-1.161251050966698,1.317734327610249,0.8027611654428619,1.1866481582277806,-0.7884806778182477,0.3050347183159462,-0.5451146274254192,78.0,70.0,94.0,91.0,100.0,94.0,75.0,70.0,97.0,89.0,100.0,99.0,81.0,86.0,11.0,9.0,17.0,13.0,92.0,84.0,81.0,83.0,89.0,81.0,22.0,11.0,50.0,71.0,33.0,18.0,True,False,False,Barcelona
2025,50107,Stuttgart,False,,League phase,8,8,1.25,-0.5,11.875,0.49473684210526314,0.1368421052631579,54.75,7.25,4.0,0.46875,56.625,0.8659420289855072,552.0,0.0973731884057971,117.97625,11.375,14.5,True,2.740840023925201,-1.7692482857601326,-0.2722277718085066,-0.41453312151208005,0.8918083432813644,0.09501573031590185,-0.5115857414318135,1.0281454210120584,-0.9979734043897476,-0.5515942492091817,1.0270576376962235,0.15623040712318909,0.7443473166155298,-0.6979554590098588,0.4247193160812858,0.3813462844220734,8.0,6.0,31.0,43.0,35.0,35.0,78.0,75.0,58.0,49.0,33.0,44.0,86.0,90.0,21.0,16.0,29.0,28.0,89.0,79.0,44.0,64.0,86.0,73.0,28.0,13.0,72.0,79.0,75.0,42.0,True,False,False,Stuttgart
2025,50109,Leverkusen,True,0.0,Round of 16,8,8,2.0,1.0,12.75,0.5098039215686274,0.14705882352941177,56.375,7.75,3.125,0.72,55.125,0.9118499903344288,646.625,0.08254397834912043,118.45375,10.75,90.0,False,4.51085950651685,0.7825624642418088,0.8166833154255198,0.8290662430241601,1.2413195446917902,0.31742946331689587,-0.3339869292460251,1.165859232412643,-0.7893984113097422,-1.161251050966698,0.794516285765003,1.443131145638138,1.752846524749487,-1.2149777392631398,0.47602038918088274,-0.039772311872241374,75.0,69.0,83.0,77.0,79.0,78.0,86.0,82.0,61.0,56.0,39.0,50.0,89.0,91.0,25.0,20.0,17.0,13.0,86.0,74.0,97.0,95.0,92.0,90.0,8.0,3.0,83.0,81.0,58.0,30.0,True,False,False,Leverkusen
2025,50111,Sturm Graz,False,,League phase,8,8,0.75,-1.125,6.25,0.46,0.1,22.875,12.5,5.5,0.6818181818181818,40.25,0.7904587155963303,340.625,0.16293577981651375,122.218375,13.125,14.5,False,2.740840023925201,-1.7692482857601326,-0.9981684966311909,-0.9326995234021801,-1.355049380071373,-0.4177545609726913,-1.1520178217381414,-1.6731639564609517,1.1920640229503083,0.49353169666084634,-1.5115187875529326,-1.9597322471053877,-1.5084560664155429,1.5878925653237796,0.8804796610501333,1.5604783540461549,8.0,6.0,22.0,24.0,15.0,21.0,8.0,7.0,31.0,35.0,11.0,23.0,6.0,3.0,86.0,78.0,71.0,63.0,11.0,6.0,6.0,20.0,6.0,5.0,92.0,86.0,97.0,90.0,92.0,66.0,True,False,False,Sturm Graz
2025,50124,Atleti,True,0.0,Round of 16,8,8,2.25,1.0,9.375,0.49333333333333335,0.26666666666666666,46.75,8.75,4.5,0.6666666666666666,47.875,0.873435655253837,529.375,0.10649350649350649,118.88612499999999,9.75,89.0,False,4.499809670330265,0.7666320798341743,1.1796536778368618,0.8290662430241601,-0.10679508931985217,0.07429773874868638,1.7451749225047704,0.3501697341168715,-0.37224842514973155,-0.2032189339191723,-0.3294335819025622,0.36629316956156543,0.5032134240498147,-0.3799744177864462,0.5224733765765635,-0.7135620659431451,72.0,68.0,89.0,87.0,79.0,78.0,53.0,41.0,53.0,49.0,94.0,97.0,67.0,74.0,39.0,35.0,43.0,40.0,39.0,35.0,58.0,69.0,72.0,64.0,44.0,21.0,89.0,83.0,22.0,15.0,True,False,False,Atleti
2025,50138,Inter,True,3.0,Runner-up,8,8,2.375,1.25,9.875,0.3924050632911392,0.13924050632911392,38.375,9.0,2.875,1.0,50.625,0.8852344296710987,535.875,0.11080009330534173,68.087875,9.625,101.0,False,4.624972813284271,0.947077920592045,1.361138859042533,1.0363328037802002,0.09292559720039115,-1.4155618826861693,-0.46989396043538006,-0.3595860631015272,-0.2679609286097289,-1.3354387086117026,0.09689222997134184,0.697038666965404,0.5724894594830588,-0.22982472504800783,-4.9351281660026265,-0.7977857852020079,86.0,77.0,94.0,91.0,88.0,83.0,60.0,51.0,8.0,12.0,36.0,46.0,35.0,46.0,44.0,38.0,11.0,10.0,50.0,50.0,78.0,80.0,78.0,68.0,50.0,24.0,3.0,0.0,17.0,14.0,True,True,True,Inter
2025,50139,Juventus,True,0.0,Knockout play-off,8,8,1.5,0.25,8.25,0.3939393939393939,0.13636363636363635,41.75,8.5,4.5,0.8333333333333334,52.625,0.8924468345147886,511.375,0.11635296993400146,117.459125,10.0,80.0,False,4.394449154672439,0.6147353921843156,0.09074259060283553,0.20726656075604002,-0.5561666339903997,-1.392912754965968,-0.5199030411760518,-0.07356507019262024,-0.47653592168973424,-0.2032189339191723,0.4069473658796357,0.8992181767299201,0.31137209515775416,-0.03622298054900185,0.36916105969044116,-0.5451146274254192,67.0,59.0,46.0,53.0,53.0,56.0,32.0,25.0,11.0,12.0,31.0,43.0,57.0,61.0,36.0,30.0,43.0,40.0,67.0,63.0,83.0,84.0,64.0,57.0,64.0,31.0,61.0,75.0,33.0,18.0,True,False,False,Juventus
2025,50147,Benfica,True,0.0,Round of 16,8,8,1.625,0.5,8.875,0.647887323943662,0.22535211267605634,36.625,10.5,5.0,0.7,44.25,0.8260216346153846,416.0,0.1466346153846154,118.9575,9.5,79.0,False,4.382026634673881,0.596826029950619,0.2722277718085066,0.41453312151208005,-0.3065157758400955,2.3557571340765397,1.026997566185401,-0.5078932446098493,0.35776405063028704,0.145156381370837,-0.8914085157363448,-0.9628257105348342,-0.7051205016800391,1.0195504099997923,0.5301416783409276,-0.8820095044608709,64.0,58.0,56.0,57.0,61.0,65.0,44.0,32.0,100.0,98.0,83.0,90.0,31.0,39.0,65.0,59.0,64.0,55.0,19.0,17.0,19.0,36.0,28.0,23.0,81.0,70.0,92.0,83.0,14.0,13.0,True,False,False,Benfica
2025,50149,Sporting CP,True,0.0,Knockout play-off,8,8,1.375,0.125,9.5,0.47368421052631576,0.17105263157894737,38.375,9.25,4.875,0.717948717948718,50.125,0.8670718816067653,473.0,0.11046511627906977,113.65,11.5,54.5,False,4.0163830207523885,0.06968307257014135,-0.09074259060283553,0.10363328037802001,-0.05686491768979134,-0.2157541431923369,0.08310119028120529,-0.3595860631015272,-0.16367343206972623,0.05806255254833468,0.019378445994268367,0.18790265154412847,-0.09762296018851392,-0.24150374134716757,-0.04007914988128478,0.4655700036809364,47.0,38.0,38.0,49.0,50.0,51.0,56.0,43.0,39.0,41.0,61.0,67.0,35.0,46.0,54.0,43.0,58.0,52.0,47.0,48.0,47.0,65.0,53.0,42.0,47.0,24.0,25.0,51.0,79.0,43.0,True,False,False,Sporting CP
2025,50164,GNK Dinamo,False,,League phase,8,8,1.375,-0.875,6.625,0.4716981132075472,0.22641509433962265,31.25,10.5,5.625,0.5777777777777777,40.375,0.8104008667388949,346.125,0.15059588299024917,114.8545,10.5,50.0,False,3.9318256327243257,-0.052222055528313695,-0.09074259060283553,-0.7254329626461401,-1.2052588651811904,-0.24507205578745325,1.0454755427630862,-0.963408159242553,0.35776405063028704,0.5806255254833487,-1.4921403415586643,-1.4007100583854797,-1.4498378825874132,1.1576605050305198,0.08932847849246062,-0.2082197503899673,40.0,35.0,38.0,49.0,26.0,25.0,15.0,10.0,36.0,40.0,86.0,90.0,19.0,22.0,65.0,59.0,76.0,65.0,14.0,7.0,14.0,29.0,8.0,5.0,86.0,73.0,28.0,60.0,51.0,25.0,True,False,False,GNK Dinamo
2025,52280,Arsenal,True,2.0,Semi-finals,8,8,2.375,1.625,10.0,0.55,0.2,54.375,6.625,2.375,0.8947368421052632,53.625,0.875478438377137,489.875,0.08548099004848175,116.920625,11.125,72.0,False,4.290459441148391,0.46481496957306434,1.361138859042533,1.3472326449142602,0.14285576883045198,0.9107866482750291,0.586297824807606,0.9963653106888465,-1.2586921457397542,-1.6838140239017119,0.5619749338337826,0.4235568561369738,0.08222828564779287,-1.1125784556781946,0.3113063416503731,0.2128988459043475,61.0,54.0,94.0,91.0,94.0,89.0,64.0,53.0,89.0,73.0,78.0,80.0,83.0,89.0,14.0,10.0,4.0,4.0,75.0,68.0,64.0,71.0,56.0,49.0,11.0,4.0,53.0,72.0,71.0,35.0,True,False,False,Arsenal
2025,52683,Aston Villa,True,1.0,Quarter-finals,8,8,2.0,0.875,9.875,0.4936708860759494,0.16455696202531644,41.75,9.0,4.875,0.8461538461538461,53.25,0.8720483250961011,455.25,0.09912136188907193,113.192875,10.375,20.86,False,3.0846584827483925,-1.2735703297245884,0.8166833154255198,0.7254329626461401,0.09292559720039115,0.07928054684713084,-0.029814049917469432,-0.07356507019262024,-0.2679609286097289,0.05806255254833468,0.5038395958509776,0.3274032656735462,-0.2867998261792959,-0.6370051698746578,-0.08919119813396158,-0.2924434696488302,17.0,11.0,83.0,77.0,71.0,75.0,60.0,51.0,56.0,49.0,58.0,63.0,57.0,61.0,44.0,38.0,58.0,52.0,72.0,66.0,56.0,69.0,44.0,35.0,39.0,15.0,22.0,48.0,44.0,23.0,True,False,False,Aston Villa
2025,52707,Shakhtar,False,,League phase,8,8,0.875,-1.0,6.375,0.43137254901960786,0.1568627450980392,29.625,13.125,6.625,0.6981132075471698,46.75,0.8436595251881877,431.75,0.14215402431962942,118.0935,10.625,63.0,False,4.1588830833596715,0.2751232924172051,-0.8166833154255198,-0.8290662430241601,-1.3051192084413121,-0.8403406536745804,-0.16356382664350094,-1.1011219706431377,1.452782764300315,1.2773761560633672,-0.5038395958509776,-0.4683969940978472,-0.5372593388994861,0.863334037013794,0.4373162811512928,-0.12399603113110433,56.0,47.0,28.0,30.0,21.0,23.0,11.0,9.0,25.0,24.0,50.0,57.0,11.0,17.0,94.0,83.0,90.0,81.0,33.0,29.0,33.0,46.0,31.0,27.0,75.0,63.0,75.0,79.0,56.0,27.0,True,False,False,Shakhtar
2025,52747,Paris,True,4.0,Winner,8,8,1.625,0.625,13.25,0.46226415094339623,0.1320754716981132,65.5,6.0,3.5,0.75,59.75,0.8990091463414634,656.0,0.09051067073170732,117.420125,9.375,116.0,False,4.762173934797756,1.1448787359129051,0.2722277718085066,0.5181664018901001,1.4410402312120336,-0.38433214061425824,-0.5944448785064868,1.9391752502774657,-1.519410887089761,-0.899969564499191,1.5115187875529326,1.083174154908238,1.8527638835474354,-0.9372180038504629,0.36497102440063106,-0.9662332237197339,92.0,85.0,56.0,57.0,67.0,69.0,97.0,85.0,33.0,36.0,26.0,41.0,97.0,97.0,6.0,6.0,25.0,19.0,94.0,86.0,89.0,88.0,94.0,91.0,17.0,7.0,58.0,74.0,11.0,12.0,True,True,True,Paris Saint-Germain
2025,52749,Feyenoord,True,0.0,Round of 16,8,8,1.625,-0.375,8.875,0.49295774647887325,0.2535211267605634,34.0,10.625,5.625,0.6444444444444445,45.25,0.8335984727966911,392.875,0.13108495068405981,115.75412499999999,9.875,57.0,False,4.060443010546419,0.13320370423955094,0.2722277718085066,-0.31089984113406005,-0.3065157758400955,0.0687534874842201,1.5166639454940618,-0.7303540168723325,0.4099077989002884,0.5806255254833487,-0.736380947782198,-0.7504303358628409,-0.9515833200483114,0.4774093876575066,0.18598131176413293,-0.6293383466842821,50.0,41.0,56.0,57.0,39.0,37.0,44.0,32.0,50.0,48.0,92.0,95.0,25.0,29.0,69.0,61.0,76.0,65.0,22.0,22.0,25.0,39.0,22.0,16.0,69.0,50.0,39.0,66.0,28.0,16.0,True,False,False,Feyenoord
2025,52758,B. Dortmund,True,1.0,Quarter-finals,8,8,1.875,1.25,11.0,0.5681818181818182,0.25,47.125,9.125,4.5,0.6666666666666666,53.75,0.88183092013078,535.25,0.10625875758991125,117.27100000000002,10.875,97.0,False,4.584967478670572,0.8894028249624835,0.6351981342198487,1.0363328037802002,0.5422971418709386,1.179178811759417,1.4554556480804792,0.3819498444400834,-0.21581718033972758,-0.2032189339191723,0.581353379828051,0.6016308376416644,0.5658283022298622,-0.38815896793846993,0.3489495112572249,0.04445140738662159,82.0,73.0,72.0,72.0,88.0,83.0,69.0,64.0,94.0,82.0,89.0,94.0,69.0,76.0,50.0,40.0,43.0,40.0,78.0,69.0,75.0,77.0,75.0,67.0,42.0,20.0,56.0,74.0,64.0,33.0,True,False,False,Borussia Dortmund
2025,52797,S. Bratislava,False,,League phase,8,8,0.0,-2.5,5.625,0.37777777777777777,0.15555555555555556,22.625,15.5,8.25,0.6060606060606061,39.25,0.8019390581717452,361.0,0.1513157894736842,112.417125,9.0,30.5,False,3.449987545831587,-0.74688085560714,-2.087079583865217,-2.0726656075604004,-1.604700238221677,-1.6314835669520902,-0.1862869069905041,-1.6943506966764261,2.4435139814303404,2.4095959307558976,-1.6665463555070796,-1.6379130918957645,-1.2913023399613353,1.1827601354364645,-0.1725352975203739,-1.2189043814963227,25.0,17.0,4.0,2.0,8.0,3.0,3.0,3.0,6.0,9.0,47.0,56.0,3.0,3.0,100.0,94.0,100.0,93.0,6.0,5.0,8.0,25.0,14.0,7.0,89.0,74.0,19.0,42.0,6.0,9.0,True,False,False,S. Bratislava
2025,52816,Atalanta,True,0.0,Knockout play-off,8,8,1.875,1.75,13.125,0.47619047619047616,0.19047619047619047,58.25,6.25,2.375,0.6842105263157895,51.5,0.8720178926441352,503.0,0.11182902584493042,116.19775,10.5,81.0,False,4.406719247264253,0.6324250020938436,0.6351981342198487,1.4508659252922802,1.3911100595819728,-0.17875772967945136,0.42074395370801054,1.3247597840287026,-1.4151233905497582,-1.6838140239017119,0.2325413519312204,0.32655017736905695,0.2221125879649204,-0.19395086219140706,0.2336429631857224,-0.2082197503899673,69.0,61.0,72.0,72.0,97.0,91.0,94.0,85.0,42.0,42.0,72.0,77.0,92.0,94.0,8.0,7.0,4.0,4.0,56.0,57.0,53.0,68.0,61.0,54.0,56.0,26.0,42.0,69.0,51.0,25.0,True,False,False,Atalanta
2025,52919,Man City,True,0.0,Knockout play-off,8,8,1.375,0.5,12.25,0.5612244897959183,0.1836734693877551,73.375,8.375,4.0,0.5625,64.875,0.9296331138287864,664.375,0.0656632173095014,115.075875,7.625,148.0,False,5.003946305945459,1.4934383658017374,-0.09074259060283553,0.41453312151208005,1.041598858171547,1.0764777287934508,0.30249118863687163,2.606557567064915,-0.5286796699597356,-0.5515942492091817,2.306035073317936,1.9416310590639154,1.942023390740269,-1.803527603467472,0.11311230060224668,-2.1453652933438154,100.0,97.0,38.0,49.0,61.0,65.0,81.0,77.0,92.0,77.0,67.0,73.0,100.0,100.0,33.0,28.0,29.0,28.0,100.0,92.0,100.0,98.0,97.0,92.0,3.0,0.0,33.0,62.0,3.0,1.0,True,False,False,Manchester City
2025,52969,Bologna,False,,League phase,8,8,0.75,-0.625,8.125,0.4153846153846154,0.06153846153846154,40.375,7.25,4.375,0.8,49.375,0.8306208559373116,414.75,0.14737793851717904,116.53537500000002,14.375,14.5,True,2.740840023925201,-1.7692482857601326,-0.9981684966311909,-0.5181664018901001,-0.6060968056204604,-1.0763476390613045,-1.820600762717275,-0.19009214137773048,-0.9979734043897476,-0.2903127627416746,-0.09689222997134184,-0.8338994602316149,-0.7184428161864322,1.045466464833073,0.26991631356321355,2.4027155466347843,8.0,6.0,22.0,24.0,31.0,33.0,28.0,23.0,17.0,17.0,6.0,8.0,50.0,54.0,21.0,16.0,36.0,37.0,44.0,42.0,22.0,39.0,25.0,22.0,83.0,71.0,44.0,70.0,96.0,80.0,True,False,False,Bologna
2025,75797,Lille,True,0.0,Round of 16,8,8,2.0,0.875,7.75,0.5483870967741935,0.27419354838709675,39.375,9.0,4.625,0.7297297297297297,48.375,0.8598130841121495,454.75,0.11324903793293019,118.79825000000001,10.375,47.0,False,3.871201010907891,-0.13962367070119625,0.8166833154255198,0.7254329626461401,-0.7558873205106429,0.886977666030445,1.8760158851479984,-0.2748391022396288,-0.2679609286097289,-0.11612510509666997,-0.2519197979254888,-0.01557734586967378,-0.2921287519818531,-0.1444419615204431,0.5130323675742051,-0.2924434696488302,36.0,32.0,83.0,77.0,71.0,75.0,25.0,19.0,86.0,72.0,97.0,98.0,42.0,49.0,44.0,38.0,50.0,43.0,42.0,37.0,42.0,59.0,42.0,35.0,58.0,28.0,86.0,83.0,44.0,23.0,True,False,False,Lille
2025,7889,Liverpool,True,0.0,Round of 16,8,8,2.625,1.5,13.0,0.5480769230769231,0.16346153846153846,49.625,7.125,3.375,0.8518518518518519,54.625,0.8818181818181818,536.25,0.09324009324009325,115.433625,10.875,114.0,False,4.74493212836325,1.1200214801359212,1.7241092214538751,1.2435993645362402,1.341179887951912,0.8823990155987959,-0.048855969122571105,0.5938172465948293,-1.0501171526597488,-0.9870633933216932,0.7170025017879296,0.6012737548305711,0.5764861538349767,-0.8420563436091638,0.15154781662608136,0.04445140738662159,89.0,84.0,100.0,96.0,92.0,88.0,90.0,84.0,82.0,72.0,56.0,62.0,78.0,82.0,17.0,15.0,22.0,17.0,83.0,72.0,72.0,77.0,81.0,68.0,19.0,10.0,36.0,65.0,64.0,33.0,True,False,False,Liverpool
2026,1652,Tottenham,True,0.0,Round of 16,8,8,2.125,1.25,9.375,0.48,0.22666666666666666,44.875,8.625,3.75,0.8333333333333334,53.0,0.8622987229317046,450.25,0.12382009994447529,113.85300000000001,11.625,70.25,False,4.26619481914876,0.18477049993947767,1.1315954410374707,1.1753414291420001,-0.20543708243111727,-0.3366205120507498,1.0538830484958785,0.14637318694074963,-0.5076793059191961,-0.8188215471363025,0.5093652585743127,0.20992958287355856,-0.2839514989168484,-0.048007242182687766,-0.7630735915842244,0.13430100452816177,50.0,52.0,92.0,81.0,89.0,83.0,51.0,41.0,33.0,44.0,86.0,91.0,61.0,70.0,35.0,32.0,21.0,24.0,69.0,65.0,53.0,61.0,42.0,34.0,53.0,40.0,22.0,53.0,64.0,45.0,True,False,False,Tottenham
2026,2609532,Pafos,False,,League phase,8,8,1.125,-0.375,7.0,0.5,0.14285714285714285,25.125,13.625,5.75,0.7608695652173914,41.25,0.7906542056074767,334.375,0.18168224299065422,112.546125,11.125,11.125,False,2.495269436823547,-2.4879618372441072,-0.4581581541761466,-0.35260242874260006,-1.26997469139236,-0.047835912748418696,-0.5687435042908809,-1.9507821967342738,1.5930626496085107,0.5287247704365841,-1.4856486708417453,-1.5937168584990713,-1.6386376206971285,2.1312620657388353,-1.132964685008836,-0.08799031331155382,6.0,3.0,33.0,36.0,38.0,37.0,8.0,13.0,47.0,51.0,36.0,48.0,3.0,6.0,92.0,86.0,71.0,68.0,8.0,9.0,11.0,20.0,3.0,4.0,97.0,95.0,14.0,43.0,53.0,35.0,True,False,False,Pafos
2026,2610,Olympiacos,True,0.0,Knockout play-off,8,8,1.375,-0.5,9.0,0.4583333333333333,0.1388888888888889,47.875,8.75,3.75,0.5666666666666667,44.5,0.7761245674740485,361.25,0.18339100346020762,115.314625,12.0,56.5,False,4.051784947803305,-0.138823143404177,-0.06071975537274229,-0.47013657165680006,-0.3735219680565766,-0.6494704946282748,-0.6455724130402538,0.46492843509391774,-0.4551607570310034,-0.8188215471363025,-0.9338363073862399,-1.9594996300570522,-1.324443967857042,2.1956193302617777,-0.3493828641414736,0.3010194929079485,36.0,40.0,54.0,49.0,33.0,35.0,39.0,34.0,28.0,34.0,33.0,46.0,74.0,78.0,39.0,35.0,21.0,24.0,25.0,18.0,3.0,17.0,17.0,7.0,100.0,96.0,42.0,64.0,72.0,52.0,True,False,False,Olympiacos
2026,50023,Monaco,True,0.0,Knockout play-off,8,8,1.25,-0.75,11.125,0.4606741573033708,0.0898876404494382,42.0,10.875,4.0,0.6875,44.875,0.842229430846358,423.875,0.1235623709820112,115.239875,11.5,41.0,False,3.7376696182833684,-0.6128951778287405,-0.25943895477444445,-0.7052048574852001,0.5789590504876931,-0.6156707990170465,-1.5942799491701531,-0.15890892587270317,0.437654574068272,-0.6503782574396917,-0.8701656500644509,-0.2953136458132825,-0.5922996884482822,-0.05771412112099815,-0.3705397148222907,0.07872817506823288,22.0,27.0,46.0,43.0,26.0,28.0,75.0,65.0,31.0,36.0,8.0,20.0,53.0,62.0,72.0,63.0,31.0,28.0,28.0,20.0,31.0,44.0,31.0,25.0,50.0,40.0,36.0,63.0,60.0,43.0,True,False,False,Monaco
2026,50037,Bayern München,True,2.0,Semi-finals,8,8,2.625,1.75,13.625,0.5412844036697247,0.2018348623853211,57.5,8.5,4.0,0.8125,56.5,0.9071958308278212,623.625,0.09921828021647625,122.78087500000001,10.875,135.25,False,4.914491433543353,1.1631986949795265,1.9264722386442792,1.6454780007988004,1.6995249546574223,0.5482790858114381,0.5731173413420039,1.4869598562519988,-0.5601978548073887,-0.6503782574396917,1.1036247269110109,1.340211590613029,1.7429629033585008,-0.9745887310407484,1.7638256495124685,-0.19913597223141163,94.0,92.0,97.0,96.0,97.0,91.0,97.0,88.0,67.0,68.0,69.0,81.0,92.0,93.0,29.0,30.0,31.0,28.0,92.0,79.0,92.0,93.0,94.0,87.0,14.0,16.0,97.0,91.0,47.0,33.0,True,False,False,Bayern München
2026,50043,Club Brugge,True,0.0,Knockout play-off,8,8,1.25,-0.25,9.75,0.48717948717948717,0.19230769230769232,37.75,13.875,7.0,0.75,46.125,0.8669222343921139,456.5,0.13389923329682366,119.518125,10.125,71.75,False,4.287028906051602,0.21621391270925025,-0.25943895477444445,-0.23506828582840003,-0.0373521968056579,-0.23295424563452832,0.388662897047461,-0.6101955274230246,1.698099747384896,1.3709412189196382,-0.6579301256584872,0.32632620753743546,-0.21088320755868872,0.3316044487927207,0.8403538828391826,-0.5325729489909851,53.0,53.0,46.0,43.0,44.0,40.0,62.0,48.0,39.0,47.0,64.0,77.0,28.0,43.0,94.0,88.0,86.0,86.0,32.0,26.0,58.0,65.0,44.0,36.0,69.0,54.0,86.0,86.0,32.0,19.0,True,False,False,Club Brugge
2026,50051,Real Madrid,True,1.0,Quarter-finals,8,8,1.875,1.125,13.5,0.5185185185185185,0.19444444444444445,56.625,11.875,7.125,0.8070175438596491,56.375,0.8877054873813383,539.875,0.11553600370456124,108.710125,10.5,143.5,False,4.973279507552487,1.2519233741857445,0.7341570422340663,1.0578072862278003,1.6434966594489357,0.21955723475373903,0.43003230945096943,1.3940479088739914,0.8578029651738134,1.4551628637679437,1.0824011744704145,0.8495433593052384,0.7638477991591612,-0.36001222037896247,-2.2186861460336496,-0.3658544606111983,100.0,95.0,76.0,72.0,83.0,80.0,93.0,87.0,58.0,60.0,67.0,78.0,89.0,92.0,79.0,73.0,89.0,87.0,89.0,78.0,83.0,82.0,83.0,69.0,39.0,30.0,3.0,16.0,39.0,25.0,True,False,False,Real Madrid
2026,50062,PSV,False,,League phase,8,8,1.0,0.0,8.625,0.4492753623188406,0.2318840579710145,44.5,12.0,5.875,0.6382978723404256,51.375,0.8484927916120577,476.875,0.1292267365661861,117.6775,10.125,69.25,False,4.2520603082138555,0.16343828299627014,-0.6568773535778487,0.0,-0.541606853682036,-0.7802606211238954,1.15489636156462,0.10655378092160361,0.910321514062006,0.6129464152848895,0.23345907684655998,-0.13763391290416152,0.02731942226891177,0.15562360569958705,0.31939296933584527,-0.5325729489909851,47.0,51.0,21.0,33.0,57.0,48.0,29.0,28.0,22.0,31.0,89.0,92.0,57.0,69.0,83.0,74.0,75.0,72.0,57.0,56.0,39.0,50.0,54.0,44.0,67.0,49.0,58.0,76.0,32.0,19.0,True,False,False,PSV
2026,50067,Galatasaray,True,0.0,Round of 16,8,8,1.25,-0.25,9.5,0.4868421052631579,0.11842105263157894,39.375,9.0,3.875,0.7419354838709677,51.75,0.8586927040954706,460.875,0.14130729590452942,110.90775,11.875,38.25,False,3.6699514442284173,-0.7150974249804822,-0.25943895477444445,-0.23506828582840003,-0.14940878722263082,-0.23782578071047822,-1.0418478371159678,-0.4376447680067253,-0.350123659254618,-0.7345999022879971,0.2971297341683491,0.11914827420673739,-0.15973540360797697,0.6106152600454225,-1.5966818118874964,0.24544666344801958,19.0,25.0,46.0,43.0,44.0,40.0,56.0,43.0,36.0,46.0,17.0,31.0,33.0,49.0,44.0,38.0,25.0,26.0,61.0,58.0,47.0,59.0,47.0,37.0,78.0,62.0,8.0,32.0,69.0,50.0,True,False,False,Galatasaray
2026,50072,Frankfurt,False,,League phase,8,8,0.5,-1.375,4.625,0.6486486486486487,0.2702702702702703,28.75,12.5,7.25,0.6551724137931034,41.0,0.8235644153525736,420.125,0.1249628086878905,118.968125,9.0,74.0,False,4.31748811353631,0.2621838387275186,-1.4517541511846574,-1.2928755720562002,-2.3345123003536026,2.0985361090932297,1.8980874036619635,-1.565861271882529,1.1203957096147767,1.539384508616249,-1.528095775722938,-0.7652042952425692,-0.636140663263178,-0.004969256354356263,0.6846847473950625,-1.0327284141303452,56.0,55.0,11.0,15.0,14.0,15.0,3.0,1.0,100.0,98.0,100.0,98.0,8.0,14.0,88.0,78.0,92.0,88.0,6.0,9.0,22.0,34.0,28.0,24.0,56.0,42.0,78.0,84.0,14.0,9.0,True,False,False,Frankfurt
2026,50080,Barcelona,True,1.0,Quarter-finals,8,8,2.0,1.0,12.75,0.5490196078431373,0.21568627450980393,52.875,7.125,4.0,0.625,61.5,0.8928498258553575,610.125,0.08133579184593322,113.72625,10.25,103.25,False,4.646791860678911,0.759178676865835,0.9328762416357685,0.9402731433136001,1.307326888198017,0.6599694776984713,0.8412929386387902,0.9958538486825314,-1.1379018925775082,-0.6503782574396917,1.9525668245348653,0.9790517729063931,1.5851353940248758,-1.6480991819773132,-0.7989482514343057,-0.47700011953105614,78.0,78.0,85.0,77.0,79.0,78.0,86.0,82.0,69.0,73.0,78.0,87.0,83.0,87.0,18.0,15.0,31.0,28.0,97.0,89.0,86.0,84.0,92.0,84.0,6.0,2.0,19.0,52.0,36.0,21.0,True,False,False,Barcelona
2026,50109,Leverkusen,True,0.0,Round of 16,8,8,1.5,-0.125,8.625,0.5217391304347826,0.18840579710144928,40.25,9.5,4.625,0.6486486486486487,50.625,0.8870967741935484,550.25,0.09972739663789187,119.51075,8.875,95.25,False,4.566948973167894,0.6386774578564742,0.13799944402895986,-0.11753414291420002,-0.541606853682036,0.2660603908410711,0.3131187526584452,-0.3447328206287179,-0.14004946370184737,-0.22927003319816466,0.10611776220298182,0.8342190411860273,0.8851411628137063,-0.9554138140235124,0.8382665012502738,-1.088301243590274,72.0,72.0,58.0,53.0,51.0,45.0,29.0,28.0,61.0,61.0,61.0,76.0,38.0,53.0,56.0,46.0,50.0,43.0,49.0,50.0,81.0,81.0,86.0,73.0,17.0,16.0,83.0,86.0,11.0,8.0,True,False,False,Leverkusen
2026,50124,Atleti,True,2.0,Semi-finals,8,8,1.625,0.25,12.25,0.5102040816326531,0.17346938775510204,47.875,9.125,4.25,0.5882352941176471,51.125,0.8796886058032555,529.875,0.12149091766926162,119.61824999999999,10.875,93.5,False,4.548599834499697,0.610984401577862,0.33671864343066205,0.23506828582840003,1.0832137073640713,0.09950316852828085,0.0239366489185687,0.46492843509391774,-0.2976051103664254,-0.4819349677430809,0.19101197196536726,0.6477188447540739,0.6469385329861057,-0.13573153267218727,0.868692741359803,-0.19913597223141163,69.0,71.0,64.0,57.0,62.0,56.0,82.0,77.0,50.0,56.0,50.0,67.0,74.0,78.0,50.0,40.0,36.0,34.0,53.0,54.0,69.0,75.0,75.0,65.0,47.0,38.0,89.0,86.0,47.0,33.0,True,False,False,Atleti
2026,50125,Athletic Club,False,,League phase,8,8,1.0,-0.625,7.75,0.41935483870967744,0.14516129032258066,36.625,8.875,4.875,0.6410256410256411,43.5,0.7860415932322876,354.625,0.15826577370461756,117.27875,17.625,26.75,False,3.3232358401924436,-1.238370746353495,-0.6568773535778487,-0.5876707145710001,-0.9338049201414412,-1.2122899421933007,-0.5241331701783414,-0.7296537454804627,-0.4026422081428107,-0.06082674350155384,-1.1036247269110109,-1.7098390993439783,-1.4018963566966913,1.2493245824655352,0.2065328461388597,2.801796818604749,11.0,16.0,21.0,33.0,31.0,33.0,17.0,19.0,14.0,18.0,39.0,49.0,25.0,39.0,42.0,37.0,60.0,52.0,17.0,14.0,8.0,19.0,11.0,6.0,89.0,83.0,56.0,74.0,100.0,98.0,True,False,False,Athletic Club
2026,50136,Napoli,False,,League phase,8,8,1.0,-0.75,8.25,0.42424242424242425,0.13636363636363635,44.5,8.5,4.875,0.6666666666666666,51.375,0.884411196911197,518.0,0.10810810810810811,119.155,13.75,61.0,False,4.127134385045092,-0.025103570849241506,-0.6568773535778487,-0.7052048574852001,-0.7096917393074954,-1.1417169707117927,-0.6944635367898552,0.10655378092160361,-0.5601978548073887,-0.06082674350155384,0.23345907684655998,0.7666097936224838,0.5081087794056024,-0.6397700040282273,0.7375768740970992,1.079039105346953,42.0,44.0,21.0,33.0,26.0,28.0,24.0,25.0,17.0,21.0,28.0,43.0,57.0,69.0,29.0,30.0,60.0,52.0,57.0,56.0,75.0,80.0,64.0,59.0,28.0,23.0,81.0,84.0,86.0,74.0,True,False,False,Napoli
2026,50138,Inter,True,0.0,Knockout play-off,8,8,1.875,1.0,11.75,0.4574468085106383,0.1595744680851064,49.625,7.125,3.5,0.75,54.75,0.8849104859335039,537.625,0.10206928621250871,117.74924999999999,11.25,116.25,False,4.764308407326388,0.9365380831477972,0.7341570422340663,0.9402731433136001,0.8591005265301254,-0.6622712304129524,-0.24508129296373446,0.6507523298499325,-1.1379018925775082,-0.9872648368329133,0.8064949927426618,0.7791793649160531,0.7375432142702237,-0.8672109268882959,0.33970071564150855,-0.03241748385162493,86.0,85.0,76.0,72.0,79.0,78.0,78.0,73.0,25.0,34.0,44.0,60.0,78.0,82.0,18.0,15.0,17.0,19.0,83.0,73.0,78.0,80.0,81.0,69.0,25.0,18.0,64.0,76.0,56.0,39.0,True,False,False,Inter
2026,50139,Juventus,True,0.0,Knockout play-off,8,8,1.625,0.5,10.875,0.5747126436781609,0.16091954022988506,47.25,9.125,4.875,0.7692307692307693,48.5,0.8677462887989204,463.125,0.1252361673414305,120.023375,15.375,74.25,False,4.3208159036289855,0.26720623678043626,0.33671864343066205,0.47013657165680006,0.46690246007072017,1.0309571306223568,-0.21903950584545853,0.39856275839534105,-0.2976051103664254,-0.06082674350155384,-0.25468262928715635,0.3470717279742275,-0.1334308187190395,0.005326285641712578,0.9833572113539873,1.8014858883260287,58.0,55.0,64.0,57.0,67.0,65.0,72.0,64.0,86.0,84.0,47.0,61.0,69.0,76.0,50.0,40.0,60.0,52.0,42.0,38.0,61.0,65.0,50.0,38.0,58.0,42.0,92.0,86.0,94.0,90.0,True,False,False,Juventus
2026,50143,Ajax,False,,League phase,8,8,0.75,-1.625,7.375,0.4406779661016949,0.13559322033898305,36.0,9.875,5.75,0.5434782608695652,53.25,0.8814201183431952,528.125,0.11242603550295859,115.726125,11.75,67.25,False,4.223177434065069,0.11984740531236257,-1.054315752381253,-1.5279438578846003,-1.1018898057669004,-0.9044004022044847,-0.7093794728490553,-0.7960194221790394,0.01750618296273064,0.5287247704365841,0.5518123634555054,0.6913095694528123,0.626479411405821,-0.4771433512628562,-0.2329140473501025,0.18987383398809066,44.0,50.0,14.0,24.0,10.0,12.0,11.0,16.0,19.0,27.0,25.0,43.0,19.0,37.0,58.0,51.0,71.0,68.0,75.0,66.0,72.0,76.0,72.0,63.0,33.0,27.0,44.0,66.0,67.0,47.0,True,False,False,Ajax
2026,50147,Benfica,True,0.0,Knockout play-off,8,8,1.125,-0.25,9.125,0.4931506849315068,0.136986301369863,46.875,8.625,4.5,0.75,46.125,0.8437591776798825,425.625,0.13627019089574155,117.185875,9.875,87.75,False,4.485823428355525,0.5162404149659593,-0.4581581541761466,-0.23506828582840003,-0.31749367284809016,-0.14673474812592965,-0.6824081912077617,0.35874335237619503,-0.5076793059191961,-0.3134916780464701,-0.6579301256584872,-0.2568023607138097,-0.5718405668679974,0.4209021286519234,0.18024598985818016,-0.6437186079108428,67.0,67.0,33.0,36.0,44.0,40.0,46.0,36.0,43.0,48.0,31.0,44.0,67.0,75.0,35.0,32.0,43.0,40.0,32.0,26.0,33.0,46.0,33.0,25.0,72.0,57.0,53.0,73.0,24.0,16.0,True,False,False,Benfica
2026,50149,Sporting CP,True,1.0,Quarter-finals,8,8,2.0,0.75,8.75,0.5714285714285714,0.24285714285714285,35.625,10.625,4.625,0.7297297297297297,49.75,0.8690786048932847,480.25,0.11192087454450807,114.93875,9.875,59.0,False,4.0943445622221,-0.07459092964154727,0.9328762416357685,0.7052048574852001,-0.4855785584735495,0.9835376561884766,1.367344996193321,-0.8358388281981854,0.33261747629188665,-0.22927003319816466,-0.04244710488119272,0.38061270601597796,0.06677629960231798,-0.49616929317158975,-0.4557685664779466,-0.6437186079108428,39.0,43.0,85.0,77.0,71.0,71.0,33.0,30.0,82.0,83.0,94.0,93.0,17.0,35.0,65.0,61.0,50.0,43.0,44.0,45.0,67.0,67.0,58.0,45.0,31.0,26.0,31.0,61.0,24.0,16.0,True,False,False,Sporting CP
2026,52280,Arsenal,True,3.0,Runner-up,8,8,3.0,2.375,12.875,0.5631067961165048,0.22330097087378642,50.125,7.0,2.75,0.8181818181818182,54.625,0.8588888888888889,450.0,0.11416666666666667,118.46000000000001,13.875,98.0,False,4.59511985013459,0.6811937685871099,2.5226298368493856,2.2331487153698,1.3633551834065034,0.8633776287395178,0.9887201992886439,0.7038448712087938,-1.1904204414657007,-1.4925947059227458,0.7852714403020654,0.12408721465488129,-0.2868742305711748,-0.41158573670209986,0.5408676938540755,1.134611934806882,75.0,74.0,100.0,99.0,100.0,97.0,89.0,82.0,75.0,78.0,83.0,89.0,81.0,83.0,14.0,13.0,3.0,8.0,81.0,72.0,50.0,59.0,39.0,34.0,36.0,29.0,75.0,82.0,89.0,76.0,True,True,True,Arsenal
2026,52498,Slavia Praha,False,,League phase,8,8,0.375,-1.75,9.0,0.4027777777777778,0.06944444444444445,40.625,11.75,7.625,0.7213114754098361,43.875,0.7783375314861462,347.375,0.1644476430370637,120.35925,16.0,51.0,False,3.9512437185814275,-0.29056290457281037,-1.6504733505863596,-1.6454780007988004,-0.3735219680565766,-1.4516499371347489,-1.990078316154283,-0.3049134146095719,0.8052844162856206,1.7920494431611653,-1.0399540695892218,-1.903788393323576,-1.4866555746721564,1.482153119269459,1.0784215220217952,2.0793500356256733,33.0,36.0,8.0,10.0,6.0,10.0,39.0,34.0,11.0,14.0,6.0,11.0,43.0,55.0,75.0,72.0,94.0,90.0,19.0,15.0,6.0,18.0,8.0,6.0,94.0,87.0,94.0,88.0,97.0,93.0,True,False,False,Slavia Praha
2026,52709,Copenhagen,False,,League phase,8,8,1.0,-1.125,8.25,0.5757575757575758,0.18181818181818182,33.25,11.875,6.125,0.6122448979591837,41.875,0.7911590671771668,359.125,0.15384615384615385,117.97387499999999,14.125,44.875,False,3.8259203063747345,-0.4797046604898337,-0.6568773535778487,-1.0578072862278003,-0.7096917393074954,1.0460451452149562,0.18557669070296418,-1.0880283996527769,0.8578029651738134,0.7813897049815003,-1.3795309086387635,-1.5810069986582065,-1.3492871869188163,1.0828678734123702,0.403277405730847,1.2457575937267398,25.0,30.0,21.0,33.0,18.0,21.0,24.0,25.0,89.0,85.0,56.0,72.0,14.0,28.0,79.0,73.0,81.0,74.0,11.0,10.0,17.0,21.0,14.0,7.0,83.0,77.0,69.0,78.0,92.0,78.0,True,False,False,Copenhagen
2026,52747,Paris,True,4.0,Winner,8,8,1.75,1.25,14.875,0.5126050420168067,0.17647058823529413,62.625,6.875,3.0,0.625,64.0,0.9143548687395271,671.375,0.08620368646434556,114.45712499999999,8.25,118.5,False,4.783316371371566,0.9652254579376168,0.5354378428323642,1.1753414291420001,2.259807906742287,0.1341711876522093,0.0820425462920444,2.0311584051803275,-1.2429389903538934,-1.324151416226135,2.3770378733467927,1.520439942137334,2.3012046493348404,-1.464759043198908,-0.5920851980384485,-1.3661653908899185,89.0,86.0,71.0,65.0,89.0,83.0,100.0,93.0,56.0,57.0,53.0,68.0,97.0,96.0,11.0,12.0,10.0,11.0,100.0,91.0,97.0,95.0,100.0,93.0,8.0,5.0,28.0,57.0,8.0,3.0,True,True,True,Paris Saint-Germain
2026,52748,Marseille,False,,League phase,8,8,1.125,-0.375,10.5,0.5119047619047619,0.13095238095238096,40.25,10.75,6.125,0.7346938775510204,53.25,0.8679821470519145,532.125,0.1014799154334038,112.35725,12.375,48.0,False,3.8918202981106265,-0.38024646722514166,-0.4581581541761466,-0.35260242874260006,0.2988175744452608,0.12405968207439665,-0.799230230539,-0.3447328206287179,0.38513602518007933,0.7813897049815003,0.5518123634555054,0.3530094453958692,0.6732431178750432,-0.8894084740628635,-1.1864228812943085,0.4677379812877352,28.0,33.0,33.0,36.0,38.0,37.0,69.0,59.0,53.0,57.0,19.0,40.0,38.0,53.0,69.0,62.0,81.0,74.0,75.0,66.0,64.0,66.0,78.0,66.0,19.0,17.0,11.0,41.0,78.0,58.0,True,False,False,Marseille
2026,52758,B. Dortmund,True,0.0,Knockout play-off,8,8,1.375,0.25,9.0,0.5555555555555556,0.2638888888888889,45.125,9.125,4.875,0.5897435897435898,53.25,0.8667944417824629,521.75,0.1274556780067082,118.108375,11.5,106.75,False,4.6798137289838575,0.8090162454803669,-0.06071975537274229,0.23506828582840003,-0.3735219680565766,0.7543435297580561,1.7745382125649984,0.1729194576201803,-0.2976051103664254,-0.06082674350155384,0.5518123634555054,0.323109036227764,0.5519497542204982,0.0889200002330285,0.4413455852167283,0.07872817506823288,81.0,80.0,54.0,49.0,62.0,56.0,39.0,34.0,72.0,76.0,97.0,97.0,64.0,71.0,50.0,40.0,60.0,52.0,75.0,66.0,56.0,64.0,67.0,60.0,64.0,45.0,72.0,80.0,60.0,43.0,True,False,False,Borussia Dortmund
2026,52816,Atalanta,True,0.0,Round of 16,8,8,1.625,0.0,9.375,0.36,0.13333333333333333,41.75,8.375,4.625,0.7297297297297297,52.875,0.8517874875868917,503.5,0.1256206554121152,115.2405,9.5,82.0,False,4.418840607796598,0.4151479847989988,0.33671864343066205,0.0,-0.20543708243111727,-2.0693281078647345,-0.7531328852893763,-0.18545519655213386,-0.6127164036955814,-0.22927003319816466,0.4881417061337163,-0.054690138665005265,0.3385903434546719,0.019807309115668633,-0.370362818077468,-0.8104370962906295,62.0,62.0,64.0,57.0,57.0,48.0,51.0,41.0,3.0,6.0,22.0,42.0,50.0,61.0,24.0,28.0,50.0,43.0,65.0,64.0,42.0,53.0,61.0,54.0,61.0,42.0,39.0,64.0,17.0,13.0,True,False,False,Atalanta
2026,52914,Chelsea,True,0.0,Round of 16,8,8,2.0,0.875,9.75,0.5256410256410257,0.21794871794871795,53.5,5.625,3.125,0.56,55.0,0.9081335424602286,557.875,0.09724400627380686,110.14399999999999,13.375,109.0,False,4.700480365792417,0.8402069376746023,0.9328762416357685,0.8227390003994002,-0.0373521968056579,0.32240075302380056,0.8850958458895639,1.062219525381108,-1.7681244792358202,-1.2399297713778297,0.8489420976238545,1.3638184249109189,0.974284478270661,-1.04894606352418,-1.8128496340610374,0.9123206169671664,83.0,81.0,85.0,77.0,75.0,75.0,62.0,48.0,64.0,62.0,81.0,88.0,86.0,88.0,3.0,4.0,14.0,13.0,86.0,74.0,94.0,93.0,89.0,75.0,11.0,13.0,6.0,25.0,83.0,69.0,True,False,False,Chelsea
2026,52919,Man City,True,0.0,Round of 16,8,8,2.0,0.75,12.25,0.5714285714285714,0.15306122448979592,62.875,6.375,2.875,0.6521739130434783,59.0,0.9163672654690619,626.25,0.06766467065868263,117.708,10.0,137.75,False,4.932673752626544,1.1906399822656268,0.9328762416357685,0.7052048574852001,1.0832137073640713,0.9835376561884766,-0.3711834532210642,2.0577046758597586,-1.4530131859066642,-1.4083730610744405,1.528095775722938,1.5711019095203973,1.7736515857289277,-2.162996371050892,0.32802553048320204,-0.5881457784509139,97.0,93.0,85.0,77.0,71.0,71.0,82.0,77.0,82.0,83.0,42.0,54.0,100.0,96.0,6.0,9.0,6.0,10.0,94.0,85.0,100.0,96.0,97.0,88.0,3.0,1.0,61.0,76.0,28.0,18.0,True,False,False,Manchester City
2026,59324,Newcastle,True,0.0,Round of 16,8,8,1.75,1.25,9.875,0.5822784810126582,0.21518987341772153,40.625,10.625,5.0,0.85,47.625,0.8265845070422535,426.0,0.12001173708920188,117.871125,9.625,23.039,False,3.1796775114640434,-1.4550331711478361,0.5354378428323642,1.1753414291420001,0.018676098402828554,1.140201995773828,0.8316821741787048,-0.3049134146095719,0.33261747629188665,0.02339490134675157,-0.4032474963713309,-0.6891736674687942,-0.5674564693865078,-0.19144210039908785,0.37419558088197197,-0.7548642668307006,8.0,13.0,71.0,65.0,89.0,83.0,67.0,51.0,92.0,87.0,72.0,86.0,43.0,55.0,65.0,61.0,67.0,55.0,36.0,33.0,25.0,36.0,36.0,25.0,44.0,36.0,67.0,78.0,19.0,14.0,True,False,False,Newcastle
2026,59333,Bodø/Glimt,True,0.0,Round of 16,8,8,1.125,-0.125,8.125,0.5846153846153846,0.2153846153846154,41.125,14.5,7.875,0.7777777777777778,50.625,0.855307994757536,476.875,0.11769331585845347,127.189,8.125,49.0,False,3.912023005428146,-0.3497559509757823,-0.4581581541761466,-0.11753414291420002,-0.7657200345159818,1.1739450842999044,0.8354525510053538,-0.2518208732507105,1.9606924918258595,1.9604927328577761,0.10611776220298182,0.03393841893171398,0.02731942226891177,-0.27876109629198714,3.0114783907481284,-1.4217382203498474,31.0,34.0,33.0,36.0,51.0,45.0,19.0,23.0,94.0,87.0,75.0,87.0,47.0,58.0,97.0,90.0,97.0,92.0,49.0,50.0,44.0,56.0,54.0,44.0,42.0,33.0,100.0,92.0,6.0,2.0,True,False,False,Bodø/Glimt
2026,60609,Qarabağ,True,0.0,Knockout play-off,8,8,1.25,-1.0,6.75,0.5925925925925926,0.24074074074074073,36.125,12.5,6.125,0.6122448979591837,48.375,0.8362735995047973,403.875,0.1392757660167131,114.242875,6.25,32.0,False,3.4965075614664802,-0.9768640012412193,-0.25943895477444445,-0.9402731433136001,-1.3820312818093328,1.2891298247623715,1.326369578193655,-0.7827462868393241,1.1203957096147767,0.7813897049815003,-0.2759061817277527,-0.4452513438510489,-0.8261182207943931,0.5341014895632258,-0.6527254021637244,-2.255330662248781,14.0,19.0,46.0,43.0,22.0,23.0,6.0,11.0,97.0,90.0,92.0,93.0,22.0,37.0,88.0,78.0,81.0,74.0,39.0,37.0,28.0,42.0,25.0,19.0,75.0,59.0,25.0,56.0,3.0,0.0,True,False,False,Qarabağ
2026,64125,Union SG,False,,League phase,8,8,1.125,-1.125,9.125,0.4931506849315068,0.1095890410958904,29.875,10.125,4.375,0.5142857142857142,38.125,0.7983781791374862,339.125,0.1632878732030962,117.12074999999999,12.125,36.0,False,3.6109179126442243,-0.8041925559317682,-0.4581581541761466,-1.0578072862278003,-0.31749367284809016,-0.14673474812592965,-1.2128433968198717,-1.446403053825091,0.12254328073911598,-0.3977133228947755,-2.0162374818566544,-1.3992662865507424,-1.5831057192649272,1.4384725594014731,0.1618133490476351,0.35659232236787736,17.0,23.0,33.0,36.0,18.0,21.0,46.0,36.0,43.0,48.0,11.0,27.0,11.0,18.0,61.0,53.0,39.0,37.0,3.0,3.0,19.0,23.0,6.0,5.0,92.0,87.0,50.0,73.0,75.0,54.0,True,False,False,Union SG
2026,70691,Villarreal,False,,League phase,8,8,0.125,-1.625,9.625,0.36363636363636365,0.06493506493506493,38.375,8.375,4.5,0.5555555555555556,44.125,0.8462017434620175,401.5,0.15255292652552926,115.9765,12.75,82.0,False,4.418840607796598,0.4151479847989988,-2.047911749389764,-1.5279438578846003,-0.09338049201414436,-2.016821817082492,-2.0773838942785705,-0.543829850724448,-0.6127164036955814,-0.3134916780464701,-0.997506964708029,-0.19531091314317345,-0.8538841715104938,1.034160887123364,-0.16204921137406136,0.6344564696675219,62.0,62.0,4.0,3.0,10.0,12.0,58.0,45.0,6.0,6.0,3.0,9.0,31.0,46.0,24.0,28.0,43.0,40.0,22.0,16.0,36.0,48.0,22.0,18.0,81.0,76.0,47.0,67.0,81.0,62.0,True,False,False,Villarreal
2026,7889,Liverpool,True,1.0,Quarter-finals,8,8,2.25,1.5,13.5,0.5648148148148148,0.18518518518518517,60.5,6.625,3.0,0.625,52.875,0.8943360304616849,525.25,0.10185625892432175,113.01475,10.875,125.5,False,4.840242308167575,1.051139745246207,1.3303146404391728,1.4104097149704002,1.6434966594489357,0.8880401035091342,0.25076485570243195,1.805515104405167,-1.3479760881302787,-1.324151416226135,0.4881417061337163,1.0164668850387402,0.5928679973810675,-0.8752342009402975,-1.000327505740651,-0.19913597223141163,92.0,88.0,94.0,87.0,94.0,88.0,93.0,87.0,78.0,80.0,58.0,74.0,94.0,94.0,8.0,10.0,10.0,11.0,65.0,64.0,89.0,85.0,69.0,63.0,22.0,18.0,17.0,46.0,47.0,33.0,True,False,False,Liverpool
2026,79970,Kairat Almaty,False,,League phase,8,8,0.125,-1.875,7.5,0.36666666666666664,0.11666666666666667,27.25,15.375,8.5,0.6911764705882353,43.25,0.790785736825497,396.125,0.15714736509940044,115.11362500000001,10.625,5.5,False,1.8718021769015913,-3.4289168449478953,-2.047911749389764,-1.7630121437130004,-1.0458615105584141,-1.9730665747639577,-1.0758143020367432,-1.7251388959591132,2.328322334043208,2.381600957099303,-1.1460718317922036,-1.5904055679471623,-0.916722902078511,1.2072018158559439,-0.40627285727650503,-0.31028163115126944,3.0,1.0,4.0,3.0,3.0,7.0,14.0,17.0,8.0,7.0,14.0,30.0,6.0,10.0,100.0,94.0,100.0,95.0,14.0,13.0,14.0,20.0,19.0,17.0,86.0,81.0,33.0,62.0,42.0,27.0,True,False,False,Kairat Almaty
