season,match_id,team_id,opp_id,gf,ga,points,has_stats,goals,attempts_on_target,attempts_off_target,ball_possession,passes_attempted,passes_completed,passes_long_attempted,attacks,distance_covered,fouls_committed,saves,opp_attempts_on_target,opp_attempts_off_target
2012,2007569,52914,50109,2,0,3,True,2.0,11.0,10.0,58.0,528.0,418.0,75.0,37.0,113.497,17.0,2.0,2.0,6.0
2012,2007569,50109,52914,0,2,0,True,0.0,2.0,6.0,42.0,359.0,254.0,60.0,23.0,119.688,24.0,9.0,11.0,10.0
2012,2007570,61582,52268,0,0,1,True,0.0,3.0,4.0,36.0,236.0,143.0,58.0,27.0,111.132,18.0,5.0,5.0,14.0
2012,2007570,52268,61582,0,0,1,True,0.0,5.0,14.0,64.0,516.0,420.0,88.0,50.0,111.598,18.0,3.0,3.0,4.0
2012,2007571,2610,52748,0,1,0,True,0.0,2.0,6.0,54.0,342.0,246.0,69.0,43.0,108.39,21.0,3.0,4.0,7.0
2012,2007571,52748,2610,1,0,3,True,1.0,4.0,7.0,46.0,342.0,240.0,53.0,43.0,106.234,21.0,2.0,2.0,6.0
2012,2007572,52758,52280,1,1,1,True,1.0,6.0,8.0,53.0,513.0,372.0,72.0,65.0,124.991,13.0,2.0,3.0,1.0
2012,2007572,52280,52758,1,1,1,True,1.0,3.0,1.0,47.0,436.0,290.0,78.0,32.0,114.693,7.0,4.0,6.0,8.0
2012,2007573,50064,52707,2,1,3,True,2.0,6.0,17.0,60.0,618.0,480.0,76.0,63.0,105.068,17.0,2.0,4.0,3.0
2012,2007573,52707,50064,1,2,0,True,1.0,4.0,3.0,40.0,375.0,231.0,93.0,23.0,98.921,15.0,4.0,6.0,17.0
2012,2007574,50118,52826,2,1,3,True,2.0,5.0,4.0,55.0,503.0,381.0,59.0,33.0,109.294,16.0,,3.0,10.0
2012,2007574,52826,50118,1,2,0,True,1.0,3.0,10.0,45.0,403.0,287.0,62.0,51.0,107.368,13.0,,5.0,4.0
2012,2007575,50080,50058,2,2,1,True,2.0,7.0,10.0,69.0,783.0,691.0,57.0,62.0,102.611,10.0,1.0,3.0,2.0
2012,2007575,50058,50080,2,2,1,True,2.0,3.0,2.0,31.0,271.0,167.0,49.0,15.0,97.186,11.0,5.0,7.0,10.0
2012,2007576,64388,66168,1,1,1,True,1.0,4.0,8.0,52.0,250.0,169.0,78.0,40.0,111.564,16.0,3.0,4.0,10.0
2012,2007576,66168,64388,1,1,1,True,1.0,4.0,10.0,48.0,277.0,185.0,81.0,39.0,115.449,12.0,3.0,4.0,8.0
2012,2007577,52919,50136,1,1,1,True,1.0,4.0,13.0,62.0,661.0,533.0,84.0,46.0,110.278,12.0,,2.0,9.0
2012,2007577,50136,52919,1,1,1,True,1.0,2.0,9.0,38.0,373.0,239.0,77.0,28.0,111.364,13.0,3.0,4.0,13.0
2012,2007578,70691,50037,0,2,0,True,0.0,2.0,2.0,43.0,453.0,340.0,49.0,30.0,102.45,16.0,6.0,7.0,5.0
2012,2007578,50037,70691,2,0,3,True,2.0,7.0,5.0,57.0,516.0,427.0,62.0,53.0,108.948,24.0,2.0,2.0,2.0
2012,2007579,75797,54266,2,2,1,True,2.0,11.0,10.0,60.0,599.0,505.0,73.0,53.0,118.765,11.0,,2.0,6.0
2012,2007579,54266,75797,2,2,1,True,2.0,2.0,6.0,40.0,353.0,255.0,62.0,37.0,118.934,19.0,9.0,11.0,10.0
2012,2007580,50138,52731,0,1,0,True,0.0,8.0,8.0,52.0,531.0,414.0,49.0,55.0,101.555,14.0,,1.0,4.0
2012,2007580,52731,50138,1,0,3,True,1.0,1.0,4.0,48.0,499.0,369.0,57.0,39.0,106.827,15.0,7.0,8.0,8.0
2012,2007581,59856,50151,2,1,3,True,2.0,4.0,2.0,63.0,568.0,442.0,112.0,35.0,118.331,15.0,4.0,5.0,6.0
2012,2007581,50151,59856,1,2,0,True,1.0,5.0,6.0,37.0,332.0,204.0,81.0,26.0,120.816,19.0,2.0,4.0,2.0
2012,2007582,50147,52682,1,1,1,True,1.0,7.0,7.0,39.0,376.0,285.0,61.0,36.0,115.09,13.0,1.0,2.0,2.0
2012,2007582,52682,50147,1,1,1,True,1.0,2.0,2.0,61.0,595.0,492.0,102.0,38.0,108.791,8.0,6.0,7.0,7.0
2012,2007583,50164,50051,0,1,0,True,0.0,2.0,7.0,44.0,429.0,293.0,67.0,48.0,117.235,14.0,10.0,11.0,10.0
2012,2007583,50051,50164,1,0,3,True,1.0,11.0,10.0,56.0,588.0,455.0,89.0,61.0,109.006,11.0,2.0,2.0,7.0
2012,2007584,50143,5312,0,0,1,True,0.0,4.0,7.0,58.0,605.0,490.0,64.0,50.0,114.517,7.0,,1.0,10.0
2012,2007584,5312,50143,0,0,1,True,0.0,1.0,10.0,42.0,432.0,322.0,75.0,38.0,111.545,11.0,,4.0,7.0
2012,2007588,54266,50138,2,3,0,True,2.0,6.0,6.0,57.0,529.0,395.0,102.0,35.0,116.82,10.0,6.0,9.0,4.0
2012,2007588,50138,54266,3,2,3,True,3.0,9.0,4.0,43.0,375.0,237.0,101.0,20.0,115.5,6.0,4.0,6.0,6.0
2012,2007585,50037,52919,2,0,3,True,2.0,9.0,8.0,54.0,552.0,451.0,99.0,48.0,112.081,11.0,5.0,5.0,1.0
2012,2007585,52919,50037,0,2,0,True,0.0,5.0,1.0,46.0,540.0,431.0,53.0,33.0,109.527,20.0,7.0,9.0,8.0
2012,2007586,50136,70691,2,0,3,True,2.0,2.0,4.0,48.0,390.0,255.0,82.0,29.0,105.525,17.0,2.0,2.0,9.0
2012,2007586,70691,50136,0,2,0,True,0.0,2.0,9.0,52.0,473.0,339.0,40.0,39.0,102.284,20.0,,2.0,4.0
2012,2007587,52731,75797,1,1,1,True,1.0,2.0,4.0,55.0,499.0,388.0,58.0,32.0,109.734,19.0,2.0,3.0,3.0
2012,2007587,75797,52731,1,1,1,True,1.0,3.0,3.0,45.0,385.0,268.0,57.0,57.0,109.662,20.0,1.0,2.0,4.0
2012,2007589,52682,59856,3,3,1,True,3.0,9.0,4.0,50.0,620.0,482.0,65.0,37.0,109.97,4.0,2.0,5.0,8.0
2012,2007589,59856,52682,3,3,1,True,3.0,5.0,8.0,50.0,483.0,342.0,65.0,16.0,121.813,12.0,6.0,9.0,4.0
2012,2007590,50151,50147,0,1,0,True,0.0,2.0,5.0,35.0,343.0,188.0,45.0,31.0,123.199,18.0,6.0,7.0,6.0
2012,2007590,50147,50151,1,0,3,True,1.0,7.0,6.0,65.0,639.0,501.0,83.0,52.0,114.489,14.0,2.0,2.0,5.0
2012,2007591,5312,50164,2,0,3,True,2.0,5.0,10.0,54.0,522.0,404.0,88.0,44.0,109.517,17.0,4.0,4.0,2.0
2012,2007591,50164,5312,0,2,0,True,0.0,4.0,2.0,46.0,413.0,296.0,66.0,25.0,107.904,17.0,3.0,5.0,10.0
2012,2007592,50051,50143,3,0,3,True,3.0,8.0,5.0,48.0,608.0,523.0,65.0,34.0,113.136,8.0,6.0,6.0,6.0
2012,2007592,50143,50051,0,3,0,True,0.0,6.0,6.0,52.0,591.0,503.0,78.0,42.0,116.731,9.0,5.0,8.0,5.0
2012,2007597,52826,50064,3,1,3,True,3.0,5.0,12.0,54.0,524.0,357.0,82.0,40.0,116.205,18.0,,4.0,4.0
2012,2007597,50064,52826,1,3,0,True,1.0,4.0,4.0,46.0,424.0,268.0,81.0,29.0,105.349,13.0,,5.0,12.0
2012,2007593,52268,52914,1,1,1,True,1.0,8.0,7.0,56.0,594.0,464.0,77.0,47.0,115.609,9.0,8.0,8.0,1.0
2012,2007593,52914,52268,1,1,1,True,1.0,8.0,1.0,44.0,457.0,327.0,58.0,35.0,113.007,10.0,7.0,8.0,7.0
2012,2007594,50109,61582,2,0,3,True,2.0,5.0,11.0,62.0,576.0,453.0,67.0,43.0,114.336,15.0,5.0,5.0,4.0
2012,2007594,61582,50109,0,2,0,True,0.0,5.0,4.0,38.0,415.0,294.0,78.0,28.0,111.461,18.0,3.0,5.0,11.0
2012,2007595,52280,2610,2,1,3,True,2.0,5.0,2.0,54.0,554.0,432.0,78.0,24.0,112.273,15.0,5.0,7.0,6.0
2012,2007595,2610,52280,1,2,0,True,1.0,7.0,6.0,46.0,416.0,297.0,68.0,21.0,115.208,15.0,3.0,5.0,2.0
2012,2007596,52748,52758,3,0,3,True,3.0,5.0,2.0,47.0,360.0,220.0,52.0,24.0,105.914,10.0,4.0,4.0,8.0
2012,2007596,52758,52748,0,3,0,True,0.0,4.0,8.0,53.0,512.0,359.0,75.0,46.0,116.37,9.0,2.0,5.0,2.0
2012,2007598,52707,50118,1,1,1,True,1.0,8.0,15.0,62.0,498.0,387.0,83.0,62.0,113.643,11.0,2.0,3.0,0.0
2012,2007598,50118,52707,1,1,1,True,1.0,3.0,0.0,38.0,346.0,215.0,72.0,24.0,117.664,11.0,7.0,8.0,15.0
2012,2007599,66168,50080,0,5,0,True,0.0,0.0,4.0,34.0,347.0,226.0,72.0,17.0,119.267,11.0,8.0,12.0,10.0
2012,2007599,50080,66168,5,0,3,True,5.0,12.0,10.0,66.0,808.0,702.0,83.0,60.0,114.82,12.0,,0.0,4.0
2012,2007600,50058,64388,2,0,3,True,2.0,7.0,6.0,58.0,613.0,491.0,103.0,44.0,99.387,14.0,3.0,3.0,8.0
2012,2007600,64388,50058,0,2,0,True,0.0,3.0,8.0,42.0,400.0,277.0,71.0,34.0,108.746,15.0,5.0,7.0,6.0
2012,2007603,54266,52731,3,0,3,True,3.0,4.0,7.0,44.0,390.0,390.0,97.0,21.0,112.976,14.0,2.0,2.0,11.0
2012,2007603,52731,54266,0,3,0,True,0.0,2.0,11.0,56.0,520.0,520.0,90.0,15.0,110.999,17.0,1.0,4.0,7.0
2012,2007601,50136,50037,1,1,1,True,1.0,0.0,2.0,46.0,403.0,403.0,80.0,31.0,109.922,15.0,3.0,4.0,5.0
2012,2007601,50037,50136,1,1,1,True,1.0,4.0,5.0,54.0,525.0,525.0,89.0,35.0,108.434,24.0,,0.0,2.0
2012,2007602,52919,70691,2,1,3,True,2.0,7.0,8.0,58.0,687.0,687.0,69.0,46.0,116.389,8.0,4.0,5.0,8.0
2012,2007602,70691,52919,1,2,0,True,1.0,5.0,8.0,42.0,431.0,431.0,53.0,24.0,114.472,13.0,6.0,7.0,8.0
2012,2007604,75797,50138,0,1,0,True,0.0,7.0,7.0,59.0,517.0,517.0,82.0,55.0,114.534,16.0,2.0,3.0,2.0
2012,2007604,50138,75797,1,0,3,True,1.0,3.0,2.0,41.0,349.0,349.0,70.0,23.0,115.047,18.0,7.0,7.0,7.0
2012,2007605,50151,52682,0,2,0,True,0.0,4.0,6.0,37.0,316.0,316.0,50.0,30.0,120.618,20.0,4.0,6.0,4.0
2012,2007605,52682,50151,2,0,3,True,2.0,6.0,4.0,63.0,619.0,619.0,88.0,52.0,105.061,11.0,4.0,4.0,6.0
2012,2007606,59856,50147,0,2,0,True,0.0,7.0,5.0,56.0,561.0,561.0,92.0,50.0,116.406,12.0,3.0,5.0,2.0
2012,2007606,50147,59856,2,0,3,True,2.0,5.0,2.0,44.0,436.0,436.0,73.0,30.0,116.337,19.0,7.0,7.0,5.0
2012,2007607,50051,5312,4,0,3,True,4.0,7.0,9.0,62.0,692.0,692.0,80.0,52.0,109.804,9.0,1.0,1.0,4.0
2012,2007607,5312,50051,0,4,0,True,0.0,1.0,4.0,38.0,381.0,381.0,75.0,19.0,109.119,9.0,4.0,7.0,9.0
2012,2007608,50164,50143,0,2,0,True,0.0,6.0,4.0,44.0,388.0,388.0,73.0,54.0,119.587,16.0,7.0,9.0,9.0
2012,2007608,50143,50164,2,0,3,True,2.0,9.0,9.0,56.0,504.0,504.0,109.0,62.0,121.373,12.0,6.0,6.0,4.0
2012,2007609,50109,52268,2,1,3,True,2.0,7.0,3.0,40.0,434.0,434.0,65.0,32.0,119.493,15.0,6.0,7.0,4.0
2012,2007609,52268,50109,1,2,0,True,1.0,7.0,4.0,60.0,654.0,654.0,99.0,41.0,114.269,15.0,5.0,7.0,3.0
2012,2007610,52914,61582,5,0,3,True,5.0,13.0,12.0,61.0,773.0,773.0,76.0,46.0,118.542,9.0,,0.0,2.0
2012,2007610,61582,52914,0,5,0,True,0.0,0.0,2.0,39.0,422.0,422.0,51.0,13.0,116.043,10.0,8.0,13.0,12.0
2012,2007611,52748,52280,0,1,0,True,0.0,2.0,5.0,46.0,438.0,438.0,49.0,43.0,105.065,13.0,3.0,5.0,1.0
2012,2007611,52280,52748,1,0,3,True,1.0,5.0,1.0,54.0,522.0,522.0,67.0,38.0,106.019,13.0,2.0,2.0,5.0
2012,2007612,2610,52758,3,1,3,True,3.0,4.0,5.0,45.0,330.0,330.0,75.0,27.0,113.055,11.0,3.0,4.0,4.0
2012,2007612,52758,2610,1,3,0,True,1.0,4.0,4.0,55.0,474.0,474.0,99.0,28.0,119.736,13.0,1.0,4.0,5.0
2012,2007613,52707,52826,2,2,1,True,2.0,6.0,6.0,53.0,381.0,381.0,74.0,43.0,106.746,14.0,,8.0,12.0
2012,2007613,52826,52707,2,2,1,True,2.0,8.0,12.0,47.0,343.0,343.0,65.0,43.0,112.457,17.0,,6.0,6.0
2012,2007614,50064,50118,1,1,1,True,1.0,9.0,10.0,63.0,483.0,483.0,81.0,45.0,102.887,24.0,4.0,5.0,1.0
2012,2007614,50118,50064,1,1,1,True,1.0,5.0,1.0,37.0,286.0,286.0,51.0,24.0,109.062,21.0,8.0,9.0,10.0
2012,2007615,50058,66168,2,0,3,True,2.0,5.0,14.0,56.0,570.0,570.0,95.0,55.0,103.423,22.0,3.0,3.0,7.0
2012,2007615,66168,50058,0,2,0,True,0.0,3.0,7.0,44.0,410.0,410.0,75.0,22.0,116.459,18.0,3.0,5.0,14.0
2012,2007616,50080,64388,2,0,3,True,2.0,4.0,13.0,71.0,946.0,946.0,60.0,63.0,107.09,4.0,,0.0,0.0
2012,2007616,64388,50080,0,2,0,True,0.0,0.0,0.0,29.0,293.0,293.0,59.0,18.0,113.92,12.0,2.0,4.0,13.0
2012,2007621,52826,52707,1,0,3,True,1.0,9.0,7.0,52.0,468.0,468.0,65.0,46.0,115.03,18.0,,1.0,2.0
2012,2007621,52707,52826,0,1,0,True,0.0,1.0,2.0,48.0,441.0,441.0,88.0,29.0,112.819,24.0,,9.0,7.0
2012,2007623,66168,50058,1,1,1,True,1.0,7.0,5.0,41.0,360.0,360.0,78.0,33.0,119.561,13.0,8.0,9.0,9.0
2012,2007623,50058,66168,1,1,1,True,1.0,9.0,9.0,59.0,635.0,635.0,83.0,56.0,107.086,11.0,6.0,7.0,5.0
2012,2007617,52268,50109,3,1,3,True,3.0,5.0,4.0,60.0,534.0,534.0,82.0,39.0,112.535,16.0,3.0,4.0,1.0
2012,2007617,50109,52268,1,3,0,True,1.0,4.0,1.0,40.0,396.0,396.0,71.0,27.0,110.989,17.0,2.0,5.0,4.0
2012,2007618,61582,52914,1,1,1,True,1.0,5.0,4.0,44.0,404.0,404.0,76.0,31.0,117.593,9.0,5.0,6.0,10.0
2012,2007618,52914,61582,1,1,1,True,1.0,6.0,10.0,56.0,562.0,562.0,86.0,52.0,119.04,9.0,4.0,5.0,4.0
2012,2007619,52280,52748,0,0,1,True,0.0,7.0,3.0,53.0,545.0,545.0,64.0,26.0,114.517,10.0,1.0,1.0,9.0
2012,2007619,52748,52280,0,0,1,True,0.0,1.0,9.0,47.0,494.0,494.0,65.0,24.0,112.979,12.0,7.0,7.0,3.0
2012,2007620,52758,2610,1,0,3,True,1.0,3.0,3.0,49.0,469.0,469.0,63.0,43.0,122.496,17.0,2.0,2.0,7.0
2012,2007620,2610,52758,0,1,0,True,0.0,2.0,7.0,51.0,462.0,462.0,98.0,30.0,113.918,19.0,2.0,3.0,3.0
2012,2007622,50118,50064,2,1,3,True,2.0,2.0,2.0,46.0,382.0,382.0,67.0,37.0,117.076,13.0,5.0,6.0,9.0
2012,2007622,50064,50118,1,2,0,True,1.0,6.0,9.0,54.0,478.0,478.0,87.0,53.0,113.166,14.0,,2.0,2.0
2012,2007624,64388,50080,0,4,0,True,0.0,1.0,2.0,29.0,179.0,179.0,48.0,21.0,104.647,17.0,8.0,12.0,7.0
2012,2007624,50080,64388,4,0,3,True,4.0,12.0,7.0,71.0,551.0,551.0,86.0,55.0,110.314,11.0,1.0,1.0,2.0
2012,2007625,50037,50136,3,2,3,True,3.0,12.0,1.0,61.0,594.0,594.0,98.0,46.0,113.67,16.0,1.0,3.0,3.0
2012,2007625,50136,50037,2,3,0,True,2.0,3.0,3.0,39.0,345.0,345.0,65.0,32.0,112.214,18.0,9.0,12.0,1.0
2012,2007626,70691,52919,0,3,0,True,0.0,3.0,2.0,38.0,392.0,392.0,61.0,16.0,110.26,15.0,1.0,4.0,4.0
2012,2007626,52919,70691,3,0,3,True,3.0,4.0,4.0,62.0,754.0,754.0,79.0,31.0,112.151,7.0,3.0,3.0,2.0
2012,2007627,52731,54266,0,0,1,True,0.0,2.0,4.0,48.0,316.0,316.0,62.0,42.0,108.829,13.0,4.0,5.0,6.0
2012,2007627,54266,52731,0,0,1,True,0.0,5.0,6.0,52.0,331.0,331.0,64.0,37.0,106.896,14.0,2.0,2.0,4.0
2012,2007628,50138,75797,2,1,3,True,2.0,7.0,5.0,49.0,411.0,411.0,69.0,32.0,102.974,11.0,4.0,5.0,9.0
2012,2007628,75797,50138,1,2,0,True,1.0,5.0,9.0,51.0,435.0,435.0,62.0,42.0,108.718,22.0,5.0,7.0,5.0
2012,2007629,52682,50151,2,0,3,True,2.0,7.0,8.0,61.0,709.0,709.0,98.0,33.0,109.428,10.0,3.0,3.0,6.0
2012,2007629,50151,52682,0,2,0,True,0.0,3.0,6.0,39.0,429.0,429.0,64.0,16.0,124.829,13.0,5.0,7.0,8.0
2012,2007630,50147,59856,1,1,1,True,1.0,3.0,10.0,44.0,427.0,427.0,79.0,41.0,119.067,18.0,,1.0,6.0
2012,2007630,59856,50147,1,1,1,True,1.0,1.0,6.0,56.0,541.0,541.0,94.0,23.0,119.419,6.0,2.0,3.0,10.0
2012,2007631,5312,50051,0,2,0,True,0.0,7.0,6.0,48.0,408.0,408.0,82.0,29.0,116.33,14.0,10.0,13.0,6.0
2012,2007631,50051,5312,2,0,3,True,2.0,13.0,6.0,52.0,489.0,489.0,81.0,48.0,113.716,18.0,7.0,7.0,6.0
2012,2007632,50143,50164,4,0,3,True,4.0,6.0,8.0,59.0,668.0,668.0,90.0,49.0,114.815,17.0,1.0,1.0,6.0
2012,2007632,50164,50143,0,4,0,True,0.0,1.0,6.0,41.0,486.0,486.0,74.0,28.0,109.347,11.0,2.0,6.0,8.0
2012,2007635,54266,75797,0,2,0,True,0.0,3.0,3.0,44.0,383.0,383.0,66.0,16.0,115.331,14.0,4.0,5.0,6.0
2012,2007635,75797,54266,2,0,3,True,2.0,5.0,6.0,56.0,456.0,456.0,78.0,23.0,120.064,13.0,3.0,3.0,3.0
2012,2007633,50136,52919,2,1,3,True,2.0,6.0,6.0,38.0,361.0,361.0,75.0,25.0,114.776,10.0,7.0,8.0,8.0
2012,2007633,52919,50136,1,2,0,True,1.0,8.0,8.0,62.0,712.0,712.0,88.0,43.0,112.216,11.0,4.0,6.0,6.0
2012,2007634,50037,70691,3,1,3,True,3.0,7.0,8.0,64.0,781.0,781.0,84.0,67.0,115.487,10.0,3.0,4.0,3.0
2012,2007634,70691,50037,1,3,0,True,1.0,4.0,3.0,36.0,424.0,424.0,52.0,21.0,112.721,12.0,4.0,7.0,8.0
2012,2007636,52731,50138,1,1,1,True,1.0,6.0,10.0,50.0,491.0,491.0,61.0,30.0,111.3,17.0,2.0,3.0,3.0
2012,2007636,50138,52731,1,1,1,True,1.0,3.0,3.0,50.0,495.0,495.0,91.0,31.0,109.729,13.0,5.0,6.0,10.0
2012,2007637,50151,59856,2,3,0,True,2.0,5.0,5.0,53.0,517.0,517.0,63.0,51.0,125.334,20.0,,3.0,5.0
2012,2007637,59856,50151,3,2,3,True,3.0,3.0,5.0,47.0,446.0,446.0,82.0,27.0,119.704,17.0,3.0,5.0,5.0
2012,2007638,52682,50147,2,2,1,True,2.0,7.0,5.0,62.0,643.0,643.0,78.0,20.0,104.856,13.0,3.0,4.0,6.0
2012,2007638,50147,52682,2,2,1,True,2.0,4.0,6.0,38.0,369.0,369.0,45.0,12.0,115.51,18.0,5.0,7.0,5.0
2012,2007639,50051,50164,6,2,3,True,6.0,12.0,5.0,64.0,774.0,774.0,86.0,37.0,112.453,13.0,1.0,3.0,1.0
2012,2007639,50164,50051,2,6,0,True,2.0,3.0,1.0,36.0,401.0,401.0,48.0,16.0,111.191,9.0,6.0,12.0,5.0
2012,2007640,5312,50143,0,0,1,True,0.0,7.0,7.0,54.0,596.0,596.0,94.0,42.0,120.807,13.0,3.0,3.0,8.0
2012,2007640,50143,5312,0,0,1,True,0.0,3.0,8.0,46.0,521.0,521.0,73.0,36.0,124.385,13.0,7.0,7.0,7.0
2012,2007646,52826,50118,0,0,1,True,0.0,7.0,11.0,63.0,629.0,629.0,85.0,55.0,122.651,13.0,,0.0,1.0
2012,2007646,50118,52826,0,0,1,True,0.0,0.0,1.0,37.0,338.0,338.0,65.0,17.0,121.407,15.0,,7.0,11.0
2012,2007648,66168,64388,0,1,0,True,0.0,4.0,11.0,60.0,555.0,555.0,110.0,43.0,104.329,13.0,7.0,8.0,7.0
2012,2007648,64388,66168,1,0,3,True,1.0,8.0,7.0,40.0,317.0,317.0,66.0,34.0,103.73,12.0,4.0,4.0,11.0
2012,2007641,50109,52914,2,1,3,True,2.0,5.0,3.0,51.0,526.0,526.0,63.0,40.0,112.559,15.0,7.0,8.0,4.0
2012,2007641,52914,50109,1,2,0,True,1.0,8.0,4.0,49.0,519.0,519.0,90.0,37.0,108.287,8.0,3.0,5.0,3.0
2012,2007642,52268,61582,7,0,3,True,7.0,17.0,4.0,57.0,560.0,560.0,72.0,48.0,113.63,11.0,4.0,4.0,4.0
2012,2007642,61582,52268,0,7,0,True,0.0,4.0,4.0,43.0,391.0,391.0,52.0,37.0,105.165,11.0,10.0,17.0,4.0
2012,2007643,52748,2610,0,1,0,True,0.0,4.0,8.0,56.0,439.0,439.0,87.0,16.0,103.589,13.0,4.0,6.0,2.0
2012,2007643,2610,52748,1,0,3,True,1.0,6.0,2.0,44.0,285.0,285.0,73.0,22.0,109.666,19.0,5.0,4.0,8.0
2012,2007644,52280,52758,2,1,3,True,2.0,3.0,1.0,58.0,569.0,569.0,75.0,11.0,110.216,12.0,3.0,4.0,4.0
2012,2007644,52758,52280,1,2,0,True,1.0,4.0,4.0,42.0,404.0,404.0,61.0,12.0,119.459,23.0,1.0,3.0,1.0
2012,2007645,52707,50064,0,2,0,True,0.0,6.0,5.0,60.0,445.0,445.0,74.0,39.0,110.132,15.0,7.0,8.0,5.0
2012,2007645,50064,52707,2,0,3,True,2.0,8.0,5.0,40.0,322.0,322.0,76.0,44.0,109.217,17.0,6.0,6.0,5.0
2012,2007647,50058,50080,2,3,0,True,2.0,3.0,5.0,40.0,374.0,374.0,78.0,30.0,100.802,25.0,4.0,6.0,7.0
2012,2007647,50080,50058,3,2,3,True,3.0,6.0,7.0,60.0,502.0,502.0,50.0,34.0,108.404,18.0,1.0,3.0,5.0
2012,2007649,52914,52268,3,0,3,True,3.0,6.0,5.0,34.0,361.0,361.0,59.0,10.0,114.906,8.0,5.0,5.0,3.0
2012,2007649,52268,52914,0,3,0,True,0.0,5.0,3.0,66.0,700.0,700.0,73.0,14.0,114.026,11.0,3.0,6.0,5.0
2012,2007650,61582,50109,1,1,1,True,1.0,5.0,1.0,42.0,337.0,337.0,86.0,22.0,115.279,7.0,7.0,8.0,8.0
2012,2007650,50109,61582,1,1,1,True,1.0,8.0,8.0,58.0,556.0,556.0,97.0,53.0,120.55,5.0,4.0,5.0,1.0
2012,2007651,2610,52280,3,1,3,True,3.0,7.0,12.0,47.0,365.0,365.0,74.0,31.0,113.53,12.0,3.0,4.0,4.0
2012,2007651,52280,2610,1,3,0,True,1.0,4.0,4.0,53.0,520.0,520.0,75.0,21.0,105.555,13.0,4.0,7.0,12.0
2012,2007652,52758,52748,2,3,0,True,2.0,5.0,6.0,55.0,522.0,522.0,84.0,45.0,128.737,13.0,1.0,4.0,3.0
2012,2007652,52748,52758,3,2,3,True,3.0,4.0,3.0,45.0,395.0,395.0,84.0,29.0,119.039,16.0,3.0,5.0,6.0
2012,2007653,50064,52826,0,0,1,True,0.0,9.0,9.0,58.0,512.0,512.0,93.0,48.0,110.168,16.0,,0.0,1.0
2012,2007653,52826,50064,0,0,1,True,0.0,0.0,1.0,42.0,402.0,402.0,88.0,16.0,115.265,11.0,,9.0,9.0
2012,2007654,50118,52707,0,2,0,True,0.0,2.0,2.0,41.0,385.0,385.0,70.0,23.0,110.359,13.0,6.0,8.0,7.0
2012,2007654,52707,50118,2,0,3,True,2.0,8.0,7.0,59.0,550.0,550.0,86.0,42.0,113.076,17.0,2.0,2.0,2.0
2012,2007655,50080,66168,4,0,3,True,4.0,9.0,10.0,70.0,933.0,933.0,91.0,67.0,116.641,6.0,,0.0,2.0
2012,2007655,66168,50080,0,4,0,True,0.0,0.0,2.0,30.0,316.0,316.0,56.0,11.0,115.097,16.0,5.0,9.0,10.0
2012,2007656,64388,50058,2,2,1,True,2.0,5.0,13.0,44.0,323.0,323.0,64.0,51.0,,18.0,5.0,7.0,5.0
2012,2007656,50058,64388,2,2,1,True,2.0,7.0,5.0,56.0,492.0,492.0,114.0,39.0,,9.0,3.0,5.0,13.0
2012,2007657,52919,50037,2,0,3,True,2.0,8.0,8.0,53.0,592.0,592.0,86.0,23.0,113.82,15.0,3.0,3.0,6.0
2012,2007657,50037,52919,0,2,0,True,0.0,3.0,6.0,47.0,530.0,530.0,78.0,14.0,116.949,13.0,5.0,8.0,8.0
2012,2007658,70691,50136,0,2,0,True,0.0,2.0,4.0,51.0,458.0,458.0,64.0,22.0,114.378,20.0,3.0,5.0,5.0
2012,2007658,50136,70691,2,0,3,True,2.0,5.0,5.0,49.0,423.0,423.0,67.0,31.0,111.517,17.0,2.0,2.0,4.0
2012,2007659,75797,52731,0,0,1,True,0.0,5.0,9.0,62.0,590.0,590.0,69.0,50.0,112.419,12.0,2.0,2.0,4.0
2012,2007659,52731,75797,0,0,1,True,0.0,2.0,4.0,38.0,351.0,351.0,65.0,17.0,110.523,13.0,5.0,5.0,9.0
2012,2007660,50138,54266,1,2,0,True,1.0,8.0,3.0,49.0,480.0,480.0,62.0,21.0,105.856,10.0,3.0,5.0,4.0
2012,2007660,54266,50138,2,1,3,True,2.0,5.0,4.0,51.0,449.0,449.0,82.0,23.0,106.599,10.0,7.0,8.0,3.0
2012,2007661,59856,52682,2,1,3,True,2.0,5.0,4.0,48.0,446.0,446.0,83.0,25.0,119.367,13.0,6.0,7.0,9.0
2012,2007661,52682,59856,1,2,0,True,1.0,7.0,9.0,52.0,494.0,494.0,61.0,45.0,112.601,17.0,3.0,5.0,4.0
2012,2007662,50147,50151,1,0,3,True,1.0,3.0,6.0,58.0,596.0,596.0,78.0,39.0,117.729,19.0,5.0,5.0,2.0
2012,2007662,50151,50147,0,1,0,True,0.0,5.0,2.0,42.0,404.0,404.0,60.0,27.0,124.269,17.0,2.0,3.0,6.0
2012,2007663,50164,5312,1,7,0,True,1.0,6.0,2.0,36.0,337.0,337.0,51.0,30.0,107.489,10.0,6.0,13.0,6.0
2012,2007663,5312,50164,7,1,3,True,7.0,13.0,6.0,64.0,810.0,810.0,89.0,68.0,115.403,19.0,5.0,6.0,2.0
2012,2007664,50143,50051,0,3,0,True,0.0,8.0,5.0,55.0,637.0,637.0,61.0,64.0,117.526,10.0,2.0,5.0,3.0
2012,2007664,50051,50143,3,0,3,True,3.0,5.0,3.0,45.0,526.0,526.0,100.0,32.0,115.844,9.0,8.0,8.0,5.0
2013,2009496,50164,50064,0,2,0,True,0.0,2.0,4.0,40.0,408.0,254.0,62.0,24.0,115.141,6.0,6.0,8.0,7.0
2013,2009496,50064,50164,2,0,3,True,2.0,8.0,7.0,60.0,573.0,422.0,70.0,55.0,114.065,15.0,3.0,2.0,4.0
2013,2009497,52747,52723,4,1,3,True,4.0,10.0,4.0,49.0,575.0,434.0,43.0,37.0,108.708,17.0,3.0,2.0,5.0
2013,2009497,52723,52747,1,4,0,True,1.0,2.0,5.0,51.0,575.0,428.0,55.0,26.0,112.885,10.0,6.0,10.0,4.0
2013,2009498,50128,52280,1,2,0,True,1.0,10.0,8.0,50.0,521.0,374.0,68.0,47.0,113.737,13.0,3.0,5.0,1.0
2013,2009498,52280,50128,2,1,3,True,2.0,5.0,1.0,50.0,509.0,375.0,55.0,30.0,114.474,11.0,9.0,10.0,8.0
2013,2009499,2610,57388,1,2,0,True,1.0,5.0,8.0,52.0,470.0,312.0,81.0,35.0,108.974,13.0,5.0,7.0,8.0
2013,2009499,57388,2610,2,1,3,True,2.0,7.0,8.0,48.0,477.0,324.0,68.0,44.0,108.928,14.0,5.0,5.0,8.0
2013,2009500,74069,52826,3,0,3,True,3.0,9.0,7.0,45.0,344.0,219.0,50.0,35.0,111.649,12.0,8.0,7.0,8.0
2013,2009500,52826,74069,0,3,0,True,0.0,7.0,8.0,55.0,514.0,379.0,62.0,44.0,109.589,10.0,7.0,9.0,7.0
2013,2009501,50058,50074,0,0,1,True,0.0,11.0,8.0,51.0,448.0,315.0,63.0,47.0,111.602,11.0,6.0,6.0,6.0
2013,2009501,50074,50058,0,0,1,True,0.0,6.0,6.0,49.0,398.0,276.0,66.0,32.0,109.121,13.0,10.0,11.0,8.0
2013,2009502,52758,50143,1,0,3,True,1.0,13.0,7.0,45.0,564.0,399.0,79.0,47.0,123.146,8.0,4.0,4.0,3.0
2013,2009502,50143,52758,0,1,0,True,0.0,4.0,3.0,55.0,626.0,466.0,117.0,26.0,125.059,10.0,13.0,13.0,7.0
2013,2009503,50051,52919,3,2,3,True,3.0,17.0,13.0,56.0,545.0,421.0,95.0,41.0,108.136,9.0,3.0,5.0,3.0
2013,2009503,52919,50051,2,3,0,True,2.0,5.0,3.0,44.0,396.0,282.0,59.0,25.0,112.967,10.0,14.0,17.0,13.0
2013,2009488,52707,79940,2,0,3,True,2.0,13.0,7.0,44.0,426.0,296.0,78.0,29.0,112.951,18.0,3.0,3.0,0.0
2013,2009488,79940,52707,0,2,0,True,0.0,3.0,0.0,56.0,614.0,483.0,78.0,11.0,116.799,9.0,12.0,13.0,7.0
2013,2009489,52914,50139,2,2,1,True,2.0,5.0,5.0,50.0,494.0,362.0,84.0,45.0,109.0,12.0,,2.0,10.0
2013,2009489,50139,52914,2,2,1,True,2.0,2.0,10.0,50.0,521.0,379.0,57.0,43.0,119.533,13.0,6.0,5.0,5.0
2013,2009490,75797,66168,1,3,0,True,1.0,15.0,9.0,54.0,601.0,456.0,99.0,45.0,118.02,15.0,2.0,5.0,1.0
2013,2009490,66168,75797,3,1,3,True,3.0,5.0,1.0,46.0,490.0,345.0,73.0,27.0,123.99,17.0,14.0,15.0,9.0
2013,2009491,50037,52268,2,1,3,True,2.0,10.0,7.0,61.0,610.0,493.0,88.0,55.0,114.202,17.0,1.0,2.0,2.0
2013,2009491,52268,50037,1,2,0,True,1.0,2.0,2.0,39.0,400.0,273.0,67.0,19.0,119.215,20.0,9.0,10.0,7.0
2013,2009492,50080,50068,3,2,3,True,3.0,10.0,8.0,66.0,731.0,627.0,61.0,41.0,104.484,4.0,2.0,3.0,2.0
2013,2009492,50068,50080,2,3,0,True,2.0,3.0,2.0,34.0,340.0,228.0,61.0,16.0,111.821,17.0,7.0,10.0,8.0
2013,2009493,50050,50147,0,0,1,True,0.0,3.0,4.0,52.0,434.0,259.0,72.0,29.0,109.283,15.0,7.0,7.0,5.0
2013,2009493,50147,50050,0,0,1,True,0.0,7.0,5.0,48.0,420.0,247.0,55.0,31.0,113.1,20.0,3.0,3.0,4.0
2013,2009494,52682,50067,1,0,3,True,1.0,10.0,8.0,48.0,423.0,296.0,59.0,43.0,111.951,21.0,5.0,5.0,8.0
2013,2009494,50067,52682,0,1,0,True,0.0,5.0,8.0,52.0,450.0,305.0,69.0,38.0,115.089,11.0,9.0,10.0,8.0
2013,2009495,52336,88131,0,2,0,True,0.0,23.0,12.0,65.0,669.0,523.0,84.0,51.0,112.633,8.0,3.0,4.0,6.0
2013,2009495,88131,52336,2,0,3,True,2.0,4.0,6.0,35.0,358.0,190.0,85.0,15.0,114.41,19.0,24.0,23.0,12.0
2013,2009517,50068,50050,2,3,0,True,2.0,4.0,5.0,56.0,533.0,388.0,77.0,49.0,115.29,13.0,6.0,8.0,5.0
2013,2009517,50050,50068,3,2,3,True,3.0,8.0,5.0,44.0,414.0,262.0,69.0,40.0,110.529,15.0,2.0,4.0,5.0
2013,2009512,50139,52707,1,1,1,True,1.0,9.0,7.0,42.0,473.0,323.0,62.0,36.0,116.005,19.0,4.0,5.0,7.0
2013,2009512,52707,50139,1,1,1,True,1.0,5.0,7.0,58.0,610.0,451.0,100.0,28.0,105.287,13.0,8.0,9.0,7.0
2013,2009513,79940,52914,0,4,0,True,0.0,6.0,4.0,48.0,585.0,453.0,79.0,27.0,123.217,13.0,3.0,7.0,5.0
2013,2009513,52914,79940,4,0,3,True,4.0,7.0,5.0,52.0,643.0,515.0,85.0,37.0,118.176,14.0,6.0,6.0,4.0
2013,2009514,52268,75797,2,0,3,True,2.0,3.0,4.0,59.0,645.0,490.0,89.0,43.0,111.086,15.0,7.0,6.0,6.0
2013,2009514,75797,52268,0,2,0,True,0.0,6.0,6.0,41.0,451.0,288.0,61.0,28.0,108.623,15.0,1.0,3.0,4.0
2013,2009515,66168,50037,3,1,3,True,3.0,6.0,5.0,37.0,410.0,262.0,73.0,11.0,121.69,16.0,9.0,10.0,6.0
2013,2009515,50037,66168,1,3,0,True,1.0,10.0,6.0,63.0,639.0,508.0,122.0,45.0,115.434,10.0,3.0,6.0,5.0
2013,2009516,50147,50080,0,2,0,True,0.0,8.0,4.0,25.0,306.0,176.0,48.0,16.0,115.992,23.0,5.0,7.0,3.0
2013,2009516,50080,50147,2,0,3,True,2.0,7.0,3.0,75.0,896.0,773.0,86.0,30.0,108.01,13.0,8.0,8.0,4.0
2013,2009518,88131,52682,1,2,0,True,1.0,7.0,5.0,31.0,341.0,209.0,74.0,21.0,111.641,12.0,5.0,7.0,7.0
2013,2009518,52682,88131,2,1,3,True,2.0,7.0,7.0,69.0,796.0,669.0,92.0,21.0,105.489,8.0,6.0,7.0,5.0
2013,2009519,50067,52336,0,2,0,True,0.0,3.0,10.0,61.0,568.0,438.0,78.0,52.0,106.657,15.0,5.0,6.0,3.0
2013,2009519,52336,50067,2,0,3,True,2.0,6.0,3.0,39.0,363.0,225.0,74.0,30.0,110.906,26.0,3.0,3.0,10.0
2013,2009509,52826,50058,2,3,0,True,2.0,11.0,8.0,51.0,445.0,310.0,61.0,54.0,114.318,17.0,5.0,7.0,7.0
2013,2009509,50058,52826,3,2,3,True,3.0,7.0,7.0,49.0,457.0,320.0,53.0,41.0,114.722,13.0,9.0,11.0,8.0
2013,2009504,52723,50164,2,0,3,True,2.0,11.0,3.0,49.0,456.0,337.0,74.0,26.0,121.839,11.0,3.0,3.0,0.0
2013,2009504,50164,52723,0,2,0,True,0.0,3.0,0.0,51.0,493.0,362.0,65.0,21.0,116.607,10.0,10.0,11.0,3.0
2013,2009505,50064,52747,1,0,3,True,1.0,13.0,7.0,48.0,530.0,405.0,68.0,54.0,110.136,16.0,2.0,2.0,4.0
2013,2009505,52747,50064,0,1,0,True,0.0,2.0,4.0,52.0,584.0,442.0,90.0,43.0,107.216,11.0,12.0,13.0,7.0
2013,2009506,57388,50128,2,2,1,True,2.0,9.0,10.0,55.0,627.0,515.0,59.0,63.0,117.184,12.0,1.0,3.0,1.0
2013,2009506,50128,57388,2,2,1,True,2.0,3.0,1.0,45.0,501.0,379.0,65.0,36.0,110.724,11.0,7.0,9.0,10.0
2013,2009507,52280,2610,3,1,3,True,3.0,6.0,3.0,60.0,648.0,521.0,77.0,37.0,112.469,19.0,7.0,8.0,5.0
2013,2009507,2610,52280,1,3,0,True,1.0,8.0,5.0,40.0,374.0,233.0,55.0,14.0,114.244,9.0,3.0,6.0,3.0
2013,2009508,50074,74069,0,3,0,True,0.0,4.0,6.0,52.0,501.0,363.0,71.0,24.0,110.165,15.0,8.0,10.0,5.0
2013,2009508,74069,50074,3,0,3,True,3.0,10.0,5.0,48.0,495.0,354.0,73.0,29.0,111.237,10.0,4.0,4.0,6.0
2013,2009510,52919,52758,1,1,1,True,1.0,10.0,2.0,61.0,686.0,523.0,95.0,28.0,110.502,12.0,11.0,12.0,8.0
2013,2009510,52758,52919,1,1,1,True,1.0,12.0,8.0,39.0,469.0,311.0,63.0,32.0,118.413,12.0,8.0,10.0,2.0
2013,2009511,50143,50051,1,4,0,True,1.0,4.0,7.0,47.0,509.0,379.0,58.0,31.0,120.681,9.0,12.0,16.0,6.0
2013,2009511,50051,50143,4,1,3,True,4.0,16.0,6.0,53.0,600.0,472.0,83.0,49.0,113.931,8.0,3.0,4.0,7.0
2013,2009532,50068,50147,2,1,3,True,2.0,8.0,6.0,55.0,600.0,402.0,93.0,29.0,124.297,13.0,5.0,6.0,8.0
2013,2009532,50147,50068,1,2,0,True,1.0,6.0,8.0,45.0,503.0,288.0,82.0,36.0,121.761,9.0,7.0,8.0,6.0
2013,2009528,79940,50139,1,1,1,True,1.0,5.0,3.0,47.0,386.0,249.0,66.0,12.0,124.035,10.0,14.0,15.0,15.0
2013,2009528,50139,79940,1,1,1,True,1.0,15.0,15.0,53.0,427.0,319.0,67.0,35.0,124.125,11.0,4.0,5.0,3.0
2013,2009529,52707,52914,2,1,3,True,2.0,17.0,6.0,51.0,448.0,336.0,71.0,31.0,113.336,11.0,11.0,11.0,4.0
2013,2009529,52914,52707,1,2,0,True,1.0,11.0,4.0,49.0,464.0,335.0,59.0,34.0,113.289,14.0,15.0,17.0,6.0
2013,2009530,66168,52268,0,3,0,True,0.0,4.0,3.0,46.0,513.0,373.0,71.0,35.0,119.114,14.0,6.0,9.0,5.0
2013,2009530,52268,66168,3,0,3,True,3.0,9.0,5.0,54.0,541.0,419.0,85.0,55.0,120.338,16.0,4.0,4.0,3.0
2013,2009531,75797,50037,0,1,0,True,0.0,2.0,6.0,52.0,527.0,362.0,82.0,20.0,114.6,21.0,1.0,2.0,5.0
2013,2009531,50037,75797,1,0,3,True,1.0,2.0,5.0,48.0,484.0,324.0,88.0,26.0,113.583,14.0,2.0,2.0,6.0
2013,2009533,50080,50050,2,1,3,True,2.0,13.0,13.0,73.0,995.0,883.0,63.0,37.0,108.874,10.0,1.0,2.0,2.0
2013,2009533,50050,50080,1,2,0,True,1.0,2.0,2.0,27.0,337.0,182.0,70.0,9.0,107.095,11.0,11.0,13.0,13.0
2013,2009534,50067,88131,1,1,1,True,1.0,7.0,16.0,59.0,571.0,344.0,110.0,43.0,99.326,15.0,1.0,1.0,3.0
2013,2009534,88131,50067,1,1,1,True,1.0,1.0,3.0,41.0,351.0,98.0,77.0,8.0,95.679,15.0,7.0,7.0,16.0
2013,2009535,52682,52336,3,2,3,True,3.0,9.0,3.0,53.0,589.0,448.0,61.0,38.0,114.844,10.0,2.0,4.0,5.0
2013,2009535,52336,52682,2,3,0,True,2.0,4.0,5.0,47.0,491.0,341.0,75.0,21.0,115.021,10.0,6.0,9.0,3.0
2013,2009524,52826,50074,1,0,3,True,1.0,4.0,10.0,48.0,492.0,328.0,81.0,41.0,115.47,14.0,2.0,2.0,9.0
2013,2009524,50074,52826,0,1,0,True,0.0,2.0,9.0,52.0,534.0,372.0,75.0,44.0,118.15,12.0,3.0,4.0,10.0
2013,2009520,50064,52723,3,2,3,True,3.0,5.0,1.0,56.0,607.0,453.0,100.0,24.0,111.006,17.0,3.0,5.0,1.0
2013,2009520,52723,50064,2,3,0,True,2.0,5.0,1.0,44.0,448.0,290.0,85.0,23.0,110.603,17.0,2.0,5.0,1.0
2013,2009521,50164,52747,0,2,0,True,0.0,8.0,5.0,38.0,410.0,259.0,47.0,27.0,119.226,7.0,8.0,9.0,8.0
2013,2009521,52747,50164,2,0,3,True,2.0,9.0,8.0,62.0,743.0,588.0,77.0,52.0,113.548,13.0,8.0,8.0,5.0
2013,2009522,52280,57388,0,2,0,True,0.0,1.0,5.0,54.0,613.0,462.0,87.0,37.0,112.784,13.0,1.0,3.0,4.0
2013,2009522,57388,52280,2,0,3,True,2.0,3.0,4.0,46.0,501.0,354.0,78.0,27.0,116.617,13.0,3.0,1.0,5.0
2013,2009523,50128,2610,1,2,0,True,1.0,9.0,9.0,59.0,541.0,394.0,73.0,35.0,103.448,13.0,,2.0,3.0
2013,2009523,2610,50128,2,1,3,True,2.0,2.0,3.0,41.0,368.0,194.0,68.0,18.0,111.249,12.0,8.0,9.0,9.0
2013,2009525,74069,50058,1,0,3,True,1.0,2.0,7.0,54.0,582.0,422.0,60.0,37.0,106.962,17.0,6.0,6.0,7.0
2013,2009525,50058,74069,0,1,0,True,0.0,6.0,7.0,46.0,449.0,282.0,92.0,24.0,105.09,14.0,1.0,2.0,7.0
2013,2009526,50143,52919,3,1,3,True,3.0,8.0,6.0,50.0,633.0,484.0,92.0,35.0,125.626,8.0,8.0,9.0,5.0
2013,2009526,52919,50143,1,3,0,True,1.0,9.0,5.0,50.0,563.0,432.0,89.0,37.0,118.449,9.0,5.0,8.0,6.0
2013,2009527,52758,50051,2,1,3,True,2.0,10.0,5.0,44.0,547.0,338.0,75.0,28.0,123.609,13.0,4.0,5.0,9.0
2013,2009527,50051,52758,1,2,0,True,1.0,5.0,9.0,56.0,630.0,439.0,101.0,41.0,113.416,14.0,8.0,10.0,5.0
2013,2009544,52723,50064,0,0,1,True,0.0,5.0,4.0,42.0,360.0,188.0,74.0,26.0,114.214,17.0,6.0,5.0,5.0
2013,2009544,50064,52723,0,0,1,True,0.0,5.0,5.0,58.0,517.0,340.0,97.0,37.0,114.472,18.0,6.0,5.0,4.0
2013,2009545,52747,50164,4,0,3,True,4.0,8.0,8.0,51.0,662.0,517.0,65.0,36.0,110.085,6.0,3.0,3.0,3.0
2013,2009545,50164,52747,0,4,0,True,0.0,3.0,3.0,49.0,620.0,473.0,63.0,21.0,112.944,11.0,4.0,8.0,8.0
2013,2009546,57388,52280,2,2,1,True,2.0,11.0,9.0,57.0,573.0,426.0,91.0,43.0,116.283,14.0,4.0,7.0,1.0
2013,2009546,52280,57388,2,2,1,True,2.0,7.0,1.0,43.0,477.0,308.0,76.0,23.0,116.494,6.0,9.0,11.0,9.0
2013,2009547,2610,50128,3,1,3,True,3.0,5.0,5.0,43.0,407.0,237.0,73.0,21.0,110.273,20.0,5.0,5.0,5.0
2013,2009547,50128,2610,1,3,0,True,1.0,5.0,5.0,57.0,548.0,377.0,87.0,26.0,108.16,13.0,2.0,5.0,5.0
2013,2009548,50074,52826,1,0,3,True,1.0,4.0,4.0,49.0,556.0,386.0,76.0,47.0,112.5,10.0,4.0,2.0,2.0
2013,2009548,52826,50074,0,1,0,True,0.0,2.0,2.0,51.0,580.0,416.0,84.0,31.0,114.59,17.0,2.0,4.0,4.0
2013,2009549,50058,74069,1,1,1,True,1.0,13.0,6.0,55.0,568.0,383.0,83.0,41.0,107.59,12.0,2.0,3.0,1.0
2013,2009549,74069,50058,1,1,1,True,1.0,3.0,1.0,45.0,474.0,282.0,64.0,30.0,107.362,15.0,12.0,13.0,6.0
2013,2009550,52919,50143,2,2,1,True,2.0,6.0,7.0,52.0,558.0,392.0,71.0,30.0,116.353,11.0,3.0,5.0,8.0
2013,2009550,50143,52919,2,2,1,True,2.0,5.0,8.0,48.0,486.0,321.0,82.0,23.0,122.174,11.0,4.0,6.0,7.0
2013,2009551,50051,52758,2,2,1,True,2.0,11.0,9.0,60.0,702.0,531.0,112.0,46.0,109.051,13.0,4.0,5.0,2.0
2013,2009551,52758,50051,2,2,1,True,2.0,5.0,2.0,40.0,483.0,284.0,78.0,21.0,120.46,17.0,9.0,11.0,9.0
2013,2009536,50139,79940,4,0,3,True,4.0,11.0,8.0,53.0,663.0,518.0,87.0,60.0,121.045,13.0,1.0,1.0,2.0
2013,2009536,79940,50139,0,4,0,True,0.0,1.0,2.0,47.0,620.0,484.0,76.0,24.0,116.214,11.0,7.0,11.0,8.0
2013,2009537,52914,52707,3,2,3,True,3.0,9.0,4.0,43.0,348.0,236.0,36.0,33.0,114.219,10.0,8.0,8.0,7.0
2013,2009537,52707,52914,2,3,0,True,2.0,8.0,7.0,57.0,436.0,315.0,59.0,31.0,112.391,14.0,6.0,9.0,4.0
2013,2009538,52268,66168,4,2,3,True,4.0,8.0,7.0,52.0,541.0,385.0,79.0,35.0,114.226,12.0,5.0,6.0,3.0
2013,2009538,66168,52268,2,4,0,True,2.0,6.0,3.0,48.0,467.0,311.0,67.0,21.0,114.665,27.0,4.0,8.0,7.0
2013,2009539,50037,75797,6,1,3,True,6.0,15.0,3.0,61.0,703.0,558.0,67.0,31.0,111.25,11.0,4.0,5.0,5.0
2013,2009539,75797,50037,1,6,0,True,1.0,5.0,5.0,39.0,473.0,327.0,57.0,21.0,109.395,10.0,9.0,15.0,3.0
2013,2009540,50147,50068,2,0,3,True,2.0,5.0,19.0,55.0,495.0,327.0,83.0,43.0,121.005,11.0,5.0,5.0,2.0
2013,2009540,50068,50147,0,2,0,True,0.0,5.0,2.0,45.0,417.0,247.0,73.0,23.0,117.779,25.0,3.0,5.0,19.0
2013,2009541,50050,50080,2,1,3,True,2.0,4.0,1.0,27.0,303.0,134.0,78.0,,111.978,11.0,12.0,14.0,10.0
2013,2009541,50080,50050,1,2,0,True,1.0,14.0,10.0,73.0,999.0,865.0,81.0,,108.431,8.0,3.0,4.0,1.0
2013,2009542,88131,50067,1,3,0,True,1.0,3.0,7.0,36.0,364.0,207.0,67.0,20.0,114.499,21.0,4.0,7.0,3.0
2013,2009542,50067,88131,3,1,3,True,3.0,7.0,3.0,64.0,629.0,480.0,85.0,28.0,110.974,20.0,2.0,3.0,7.0
2013,2009543,52336,52682,1,3,0,True,1.0,7.0,7.0,43.0,457.0,322.0,70.0,31.0,113.784,13.0,6.0,8.0,1.0
2013,2009543,52682,52336,3,1,3,True,3.0,8.0,1.0,57.0,645.0,499.0,80.0,30.0,108.356,11.0,8.0,7.0,7.0
2013,2009562,66168,75797,0,2,0,True,0.0,6.0,4.0,57.0,666.0,489.0,15.0,30.0,,14.0,2.0,4.0,2.0
2013,2009562,75797,66168,2,0,3,True,2.0,4.0,2.0,43.0,500.0,320.0,40.0,17.0,91.338,18.0,6.0,6.0,4.0
2013,2009564,50068,50080,0,3,0,True,0.0,2.0,7.0,35.0,393.0,269.0,52.0,28.0,121.514,12.0,7.0,10.0,3.0
2013,2009564,50080,50068,3,0,3,True,3.0,10.0,3.0,65.0,806.0,686.0,73.0,43.0,116.235,7.0,2.0,2.0,7.0
2013,2009560,79940,52707,2,5,0,True,2.0,2.0,4.0,47.0,494.0,356.0,82.0,24.0,120.245,15.0,5.0,10.0,6.0
2013,2009560,52707,79940,5,2,3,True,5.0,10.0,6.0,53.0,546.0,418.0,104.0,27.0,115.627,11.0,,2.0,4.0
2013,2009561,50139,52914,3,0,3,True,3.0,15.0,11.0,47.0,514.0,379.0,84.0,45.0,122.554,20.0,6.0,6.0,6.0
2013,2009561,52914,50139,0,3,0,True,0.0,6.0,6.0,53.0,558.0,399.0,82.0,19.0,112.434,9.0,12.0,15.0,11.0
2013,2009563,52268,50037,1,1,1,True,1.0,5.0,4.0,37.0,379.0,236.0,72.0,17.0,112.888,14.0,8.0,8.0,9.0
2013,2009563,50037,52268,1,1,1,True,1.0,8.0,9.0,63.0,653.0,530.0,77.0,46.0,115.376,10.0,4.0,5.0,4.0
2013,2009565,50147,50050,2,1,3,True,2.0,18.0,13.0,60.0,532.0,367.0,89.0,26.0,114.439,9.0,4.0,5.0,3.0
2013,2009565,50050,50147,1,2,0,True,1.0,5.0,3.0,40.0,331.0,158.0,93.0,8.0,109.11,16.0,17.0,18.0,13.0
2013,2009566,50067,52682,1,0,3,True,1.0,13.0,7.0,51.0,510.0,353.0,80.0,41.0,108.036,17.0,6.0,5.0,4.0
2013,2009566,52682,50067,0,1,0,True,0.0,5.0,4.0,49.0,600.0,435.0,70.0,29.0,105.91,15.0,12.0,13.0,7.0
2013,2009567,88131,52336,3,1,3,True,3.0,7.0,7.0,36.0,375.0,213.0,84.0,21.0,117.124,22.0,8.0,9.0,7.0
2013,2009567,52336,88131,1,3,0,True,1.0,9.0,7.0,64.0,652.0,504.0,76.0,39.0,105.54,17.0,4.0,7.0,7.0
2013,2009556,52826,74069,2,2,1,True,2.0,9.0,7.0,56.0,607.0,437.0,69.0,56.0,113.762,20.0,4.0,6.0,4.0
2013,2009556,74069,52826,2,2,1,True,2.0,6.0,4.0,44.0,484.0,304.0,61.0,31.0,113.107,17.0,6.0,9.0,7.0
2013,2009552,50064,50164,3,0,3,True,3.0,12.0,9.0,57.0,749.0,600.0,57.0,33.0,113.266,12.0,3.0,3.0,2.0
2013,2009552,50164,50064,0,3,0,True,0.0,3.0,2.0,43.0,538.0,383.0,58.0,25.0,109.223,11.0,10.0,12.0,9.0
2013,2009553,52723,52747,0,2,0,True,0.0,9.0,8.0,52.0,509.0,355.0,78.0,28.0,111.105,15.0,1.0,3.0,2.0
2013,2009553,52747,52723,2,0,3,True,2.0,3.0,2.0,48.0,517.0,352.0,73.0,18.0,111.018,15.0,9.0,9.0,8.0
2013,2009554,52280,50128,2,0,3,True,2.0,7.0,4.0,54.0,615.0,455.0,77.0,30.0,111.512,17.0,6.0,5.0,6.0
2013,2009554,50128,52280,0,2,0,True,0.0,5.0,6.0,46.0,545.0,385.0,81.0,26.0,113.17,13.0,5.0,7.0,4.0
2013,2009555,57388,2610,1,0,3,True,1.0,17.0,10.0,55.0,613.0,443.0,105.0,47.0,111.983,11.0,5.0,5.0,1.0
2013,2009555,2610,57388,0,1,0,True,0.0,5.0,1.0,45.0,456.0,262.0,82.0,22.0,113.04,10.0,15.0,17.0,10.0
2013,2009557,50074,50058,1,3,0,True,1.0,2.0,6.0,60.0,530.0,379.0,83.0,35.0,106.159,14.0,1.0,4.0,0.0
2013,2009557,50058,50074,3,1,3,True,3.0,4.0,0.0,40.0,397.0,246.0,80.0,26.0,109.062,14.0,1.0,2.0,6.0
2013,2009558,50143,52758,1,4,0,True,1.0,10.0,3.0,64.0,840.0,670.0,116.0,35.0,123.581,12.0,1.0,5.0,1.0
2013,2009558,52758,50143,4,1,3,True,4.0,5.0,1.0,36.0,459.0,268.0,82.0,15.0,127.106,9.0,9.0,10.0,3.0
2013,2009559,52919,50051,1,1,1,True,1.0,7.0,4.0,57.0,618.0,458.0,67.0,44.0,107.478,22.0,9.0,10.0,5.0
2013,2009559,50051,52919,1,1,1,True,1.0,10.0,5.0,43.0,422.0,264.0,62.0,31.0,105.872,12.0,6.0,7.0,4.0
2013,2009576,50164,52723,1,1,1,True,1.0,9.0,7.0,53.0,426.0,250.0,34.0,49.0,96.157,18.0,2.0,3.0,2.0
2013,2009576,52723,50164,1,1,1,True,1.0,3.0,2.0,47.0,338.0,149.0,25.0,25.0,85.143,14.0,8.0,9.0,7.0
2013,2009577,52747,50064,2,1,3,True,2.0,11.0,7.0,50.0,486.0,349.0,82.0,29.0,108.208,20.0,6.0,7.0,4.0
2013,2009577,50064,52747,1,2,0,True,1.0,7.0,4.0,50.0,544.0,393.0,51.0,29.0,112.668,20.0,9.0,11.0,7.0
2013,2009578,50128,57388,1,1,1,True,1.0,9.0,9.0,52.0,458.0,280.0,72.0,43.0,110.966,12.0,,1.0,4.0
2013,2009578,57388,50128,1,1,1,True,1.0,1.0,4.0,48.0,444.0,261.0,73.0,34.0,116.452,8.0,9.0,9.0,9.0
2013,2009579,2610,52280,2,1,3,True,2.0,10.0,5.0,55.0,534.0,392.0,94.0,23.0,104.512,15.0,4.0,5.0,2.0
2013,2009579,52280,2610,1,2,0,True,1.0,5.0,2.0,45.0,484.0,332.0,96.0,26.0,102.649,19.0,8.0,10.0,5.0
2013,2009580,74069,50074,2,2,1,True,2.0,8.0,5.0,49.0,505.0,353.0,62.0,33.0,109.611,10.0,7.0,9.0,1.0
2013,2009580,50074,74069,2,2,1,True,2.0,9.0,1.0,51.0,497.0,351.0,69.0,26.0,110.158,17.0,6.0,8.0,5.0
2013,2009581,50058,52826,0,1,0,True,0.0,5.0,13.0,57.0,598.0,442.0,99.0,51.0,117.102,14.0,3.0,4.0,2.0
2013,2009581,52826,50058,1,0,3,True,1.0,4.0,2.0,43.0,467.0,296.0,79.0,22.0,118.101,20.0,5.0,5.0,13.0
2013,2009582,52758,52919,1,0,3,True,1.0,10.0,8.0,49.0,609.0,452.0,97.0,26.0,124.392,6.0,4.0,4.0,2.0
2013,2009582,52919,52758,0,1,0,True,0.0,4.0,2.0,51.0,628.0,483.0,79.0,31.0,117.656,10.0,9.0,10.0,8.0
2013,2009583,50051,50143,4,1,3,True,4.0,15.0,4.0,45.0,383.0,260.0,77.0,35.0,114.401,9.0,6.0,7.0,4.0
2013,2009583,50143,50051,1,4,0,True,1.0,7.0,4.0,55.0,555.0,436.0,89.0,34.0,118.576,14.0,11.0,15.0,4.0
2013,2009568,52707,50139,0,1,0,True,0.0,6.0,4.0,51.0,536.0,381.0,90.0,29.0,118.884,15.0,4.0,4.0,11.0
2013,2009568,50139,52707,1,0,3,True,1.0,4.0,11.0,49.0,526.0,369.0,92.0,38.0,124.238,12.0,6.0,6.0,4.0
2013,2009569,52914,79940,6,1,3,True,6.0,19.0,8.0,55.0,581.0,440.0,64.0,59.0,117.137,7.0,3.0,3.0,1.0
2013,2009569,79940,52914,1,6,0,True,1.0,3.0,1.0,45.0,458.0,304.0,61.0,13.0,115.999,14.0,15.0,19.0,8.0
2013,2009570,75797,52268,0,1,0,True,0.0,8.0,10.0,46.0,435.0,286.0,68.0,23.0,110.746,19.0,3.0,4.0,2.0
2013,2009570,52268,75797,1,0,3,True,1.0,4.0,2.0,54.0,488.0,339.0,87.0,21.0,112.639,19.0,8.0,8.0,10.0
2013,2009571,50037,66168,4,1,3,True,4.0,9.0,8.0,57.0,725.0,596.0,106.0,46.0,111.209,12.0,5.0,6.0,4.0
2013,2009571,66168,50037,1,4,0,True,1.0,6.0,4.0,43.0,487.0,355.0,73.0,24.0,115.624,11.0,5.0,9.0,8.0
2013,2009572,50080,50147,0,0,1,True,0.0,7.0,2.0,64.0,653.0,501.0,70.0,29.0,115.027,4.0,11.0,11.0,7.0
2013,2009572,50147,50080,0,0,1,True,0.0,11.0,7.0,36.0,377.0,231.0,63.0,33.0,120.491,23.0,6.0,7.0,2.0
2013,2009573,50050,50068,2,1,3,True,2.0,8.0,3.0,40.0,343.0,201.0,70.0,35.0,114.56,14.0,4.0,5.0,4.0
2013,2009573,50068,50050,1,2,0,True,1.0,5.0,4.0,60.0,520.0,387.0,78.0,34.0,113.925,29.0,7.0,8.0,3.0
2013,2009574,52682,88131,0,1,0,True,0.0,11.0,13.0,60.0,598.0,426.0,98.0,43.0,,8.0,4.0,4.0,5.0
2013,2009574,88131,52682,1,0,3,True,1.0,4.0,5.0,40.0,405.0,221.0,85.0,25.0,,12.0,13.0,11.0,13.0
2013,2009575,52336,50067,1,2,0,True,1.0,8.0,8.0,53.0,544.0,391.0,89.0,42.0,108.587,18.0,6.0,8.0,2.0
2013,2009575,50067,52336,2,1,3,True,2.0,8.0,2.0,47.0,497.0,344.0,69.0,31.0,107.951,12.0,7.0,8.0,8.0
2014,2011767,52682,50109,4,2,3,True,4.0,10.0,6.0,56.0,682.0,545.0,85.0,45.0,113.637,10.0,6.0,8.0,4.0
2014,2011767,50109,52682,2,4,0,True,2.0,8.0,4.0,44.0,506.0,357.0,72.0,30.0,116.724,9.0,6.0,10.0,6.0
2014,2011768,50123,52707,0,2,0,True,0.0,9.0,6.0,49.0,503.0,364.0,69.0,34.0,112.503,16.0,2.0,4.0,2.0
2014,2011768,52707,50123,2,0,3,True,2.0,4.0,2.0,51.0,460.0,314.0,73.0,33.0,113.318,21.0,9.0,9.0,6.0
2014,2011769,50067,50051,1,6,0,True,1.0,6.0,5.0,50.0,547.0,409.0,74.0,26.0,104.86,8.0,7.0,13.0,4.0
2014,2011769,50051,50067,6,1,3,True,6.0,13.0,4.0,50.0,525.0,404.0,84.0,17.0,110.483,12.0,5.0,6.0,5.0
2014,2011770,52709,50139,1,1,1,True,1.0,6.0,2.0,44.0,512.0,371.0,88.0,33.0,125.884,17.0,12.0,13.0,12.0
2014,2011770,50139,52709,1,1,1,True,1.0,13.0,12.0,56.0,629.0,504.0,122.0,49.0,124.353,10.0,5.0,6.0,2.0
2014,2011771,50147,50074,2,0,3,True,2.0,7.0,2.0,49.0,513.0,351.0,99.0,33.0,118.862,22.0,5.0,5.0,2.0
2014,2011771,50074,50147,0,2,0,True,0.0,5.0,2.0,51.0,524.0,370.0,98.0,24.0,112.593,14.0,5.0,7.0,2.0
2014,2011772,2610,52747,1,4,0,True,1.0,5.0,7.0,42.0,444.0,329.0,65.0,27.0,104.649,14.0,6.0,10.0,2.0
2014,2011772,52747,2610,4,1,3,True,4.0,10.0,2.0,58.0,655.0,533.0,71.0,43.0,102.358,16.0,4.0,5.0,7.0
2014,2011773,50037,54266,3,0,3,True,3.0,13.0,7.0,65.0,862.0,753.0,86.0,77.0,122.125,14.0,5.0,5.0,3.0
2014,2011773,54266,50037,0,3,0,True,0.0,5.0,3.0,35.0,426.0,305.0,71.0,25.0,118.898,12.0,10.0,13.0,7.0
2014,2011774,64388,52919,0,3,0,True,0.0,4.0,6.0,45.0,444.0,306.0,78.0,32.0,113.861,5.0,8.0,11.0,7.0
2014,2011774,52919,64388,3,0,3,True,3.0,11.0,7.0,55.0,609.0,473.0,68.0,48.0,115.381,12.0,4.0,4.0,6.0
2014,2011759,57388,50065,3,0,3,True,3.0,8.0,5.0,56.0,706.0,552.0,108.0,38.0,110.352,11.0,6.0,6.0,4.0
2014,2011759,50065,57388,0,3,0,True,0.0,6.0,4.0,44.0,518.0,366.0,81.0,25.0,112.9,17.0,5.0,8.0,5.0
2014,2011760,52914,59856,1,2,0,True,1.0,5.0,7.0,56.0,645.0,509.0,115.0,43.0,117.884,11.0,3.0,5.0,2.0
2014,2011760,59856,52914,2,1,3,True,2.0,5.0,2.0,44.0,523.0,382.0,68.0,34.0,125.066,13.0,6.0,5.0,7.0
2014,2011761,52748,52280,1,2,0,True,1.0,9.0,7.0,48.0,551.0,420.0,66.0,46.0,106.493,10.0,5.0,7.0,3.0
2014,2011761,52280,52748,2,1,3,True,2.0,7.0,3.0,52.0,606.0,464.0,63.0,34.0,113.108,9.0,8.0,9.0,7.0
2014,2011762,50136,52758,2,1,3,True,2.0,9.0,5.0,56.0,606.0,465.0,81.0,,109.481,14.0,8.0,8.0,5.0
2014,2011762,52758,50136,1,2,0,True,1.0,8.0,5.0,44.0,469.0,327.0,69.0,,105.965,14.0,7.0,9.0,5.0
2014,2011763,50110,50064,0,1,0,True,0.0,4.0,9.0,35.0,381.0,235.0,57.0,20.0,116.447,15.0,2.0,3.0,6.0
2014,2011763,50064,50110,1,0,3,True,1.0,3.0,6.0,65.0,647.0,497.0,109.0,31.0,112.371,20.0,4.0,4.0,9.0
2014,2011764,50124,52826,3,1,3,True,3.0,11.0,8.0,46.0,500.0,361.0,57.0,32.0,106.88,21.0,4.0,5.0,5.0
2014,2011764,52826,50124,1,3,0,True,1.0,5.0,5.0,54.0,585.0,447.0,90.0,15.0,103.263,13.0,8.0,11.0,8.0
2014,2011765,50058,50050,2,0,3,True,2.0,13.0,7.0,53.0,569.0,428.0,94.0,30.0,102.627,10.0,5.0,5.0,6.0
2014,2011765,50050,50058,0,2,0,True,0.0,5.0,6.0,47.0,454.0,312.0,80.0,24.0,107.205,17.0,12.0,13.0,7.0
2014,2011766,50080,50143,4,0,3,True,4.0,9.0,6.0,56.0,689.0,585.0,65.0,48.0,109.786,11.0,7.0,6.0,1.0
2014,2011766,50143,50080,0,4,0,True,0.0,6.0,1.0,44.0,559.0,444.0,70.0,20.0,118.243,14.0,5.0,9.0,6.0
2014,2011787,52826,50110,0,0,1,True,0.0,7.0,9.0,56.0,642.0,493.0,85.0,52.0,112.985,9.0,9.0,9.0,9.0
2014,2011787,50110,52826,0,0,1,True,0.0,9.0,9.0,44.0,520.0,360.0,87.0,40.0,120.538,17.0,7.0,7.0,9.0
2014,2011783,59856,57388,0,1,0,True,0.0,2.0,7.0,56.0,600.0,458.0,100.0,36.0,121.994,18.0,1.0,2.0,6.0
2014,2011783,57388,59856,1,0,3,True,1.0,2.0,6.0,44.0,460.0,322.0,91.0,30.0,122.025,15.0,2.0,2.0,7.0
2014,2011784,50065,52914,0,4,0,True,0.0,8.0,2.0,45.0,548.0,406.0,63.0,28.0,119.121,14.0,11.0,14.0,6.0
2014,2011784,52914,50065,4,0,3,True,4.0,14.0,6.0,55.0,654.0,534.0,97.0,42.0,113.329,14.0,8.0,8.0,2.0
2014,2011785,52758,52748,3,0,3,True,3.0,13.0,5.0,48.0,381.0,238.0,111.0,36.0,126.344,22.0,4.0,4.0,3.0
2014,2011785,52748,52758,0,3,0,True,0.0,4.0,3.0,52.0,407.0,269.0,90.0,17.0,110.254,9.0,10.0,13.0,5.0
2014,2011786,52280,50136,2,0,3,True,2.0,8.0,0.0,57.0,748.0,637.0,78.0,41.0,113.847,16.0,4.0,4.0,8.0
2014,2011786,50136,52280,0,2,0,True,0.0,4.0,8.0,43.0,470.0,375.0,51.0,32.0,118.418,17.0,6.0,8.0,0.0
2014,2011788,50064,50124,1,2,0,True,1.0,7.0,8.0,58.0,620.0,455.0,92.0,,110.868,20.0,4.0,6.0,5.0
2014,2011788,50124,50064,2,1,3,True,2.0,6.0,5.0,42.0,469.0,294.0,77.0,,114.398,10.0,6.0,7.0,8.0
2014,2011789,50143,50058,1,1,1,True,1.0,7.0,2.0,59.0,645.0,517.0,108.0,,118.946,16.0,6.0,7.0,0.0
2014,2011789,50058,50143,1,1,1,True,1.0,7.0,0.0,41.0,489.0,370.0,84.0,,107.897,9.0,6.0,7.0,2.0
2014,2011790,50050,50080,0,1,0,True,0.0,3.0,2.0,29.0,287.0,156.0,69.0,24.0,106.636,18.0,7.0,8.0,6.0
2014,2011790,50080,50050,1,0,3,True,1.0,8.0,6.0,71.0,917.0,806.0,70.0,67.0,111.509,10.0,3.0,3.0,2.0
2014,2011782,54266,64388,3,2,3,True,3.0,7.0,7.0,47.0,574.0,451.0,74.0,49.0,119.089,7.0,5.0,7.0,3.0
2014,2011782,64388,54266,2,3,0,True,2.0,7.0,3.0,53.0,607.0,465.0,86.0,46.0,122.476,19.0,4.0,7.0,7.0
2014,2011775,52707,52682,1,1,1,True,1.0,5.0,2.0,56.0,688.0,563.0,82.0,34.0,113.664,9.0,1.0,2.0,2.0
2014,2011775,52682,52707,1,1,1,True,1.0,2.0,2.0,44.0,559.0,425.0,76.0,19.0,112.123,17.0,3.0,5.0,2.0
2014,2011776,50109,50123,2,1,3,True,2.0,15.0,10.0,46.0,461.0,327.0,62.0,42.0,117.453,11.0,8.0,8.0,3.0
2014,2011776,50123,50109,1,2,0,True,1.0,8.0,3.0,54.0,542.0,387.0,108.0,40.0,113.304,8.0,14.0,15.0,10.0
2014,2011777,50139,50067,2,2,1,True,2.0,13.0,14.0,57.0,645.0,497.0,82.0,48.0,117.865,8.0,3.0,5.0,2.0
2014,2011777,50067,50139,2,2,1,True,2.0,5.0,2.0,43.0,456.0,304.0,100.0,9.0,115.487,16.0,10.0,13.0,14.0
2014,2011778,50051,52709,4,0,3,True,4.0,11.0,11.0,58.0,674.0,558.0,90.0,49.0,111.388,12.0,5.0,3.0,6.0
2014,2011778,52709,50051,0,4,0,True,0.0,3.0,6.0,42.0,491.0,369.0,83.0,25.0,114.689,14.0,8.0,11.0,11.0
2014,2011779,52747,50147,3,0,3,True,3.0,9.0,3.0,65.0,930.0,828.0,94.0,41.0,106.859,8.0,4.0,4.0,5.0
2014,2011779,50147,52747,0,3,0,True,0.0,4.0,5.0,35.0,425.0,333.0,54.0,35.0,117.656,12.0,6.0,9.0,3.0
2014,2011780,50074,2610,0,3,0,True,0.0,7.0,11.0,55.0,533.0,380.0,59.0,46.0,108.478,13.0,2.0,5.0,3.0
2014,2011780,2610,50074,3,0,3,True,3.0,5.0,3.0,45.0,389.0,239.0,68.0,16.0,112.073,22.0,7.0,7.0,11.0
2014,2011781,52919,50037,1,3,0,True,1.0,3.0,6.0,40.0,355.0,228.0,84.0,15.0,111.183,16.0,11.0,13.0,7.0
2014,2011781,50037,52919,3,1,3,True,3.0,13.0,7.0,60.0,596.0,471.0,104.0,39.0,114.613,13.0,2.0,3.0,6.0
2014,2011799,50065,59856,1,1,1,True,1.0,7.0,8.0,48.0,543.0,370.0,105.0,36.0,116.911,17.0,8.0,8.0,6.0
2014,2011799,59856,50065,1,1,1,True,1.0,8.0,6.0,52.0,622.0,457.0,100.0,46.0,118.834,17.0,7.0,7.0,8.0
2014,2011800,57388,52914,0,3,0,True,0.0,7.0,6.0,55.0,795.0,670.0,74.0,50.0,115.368,7.0,1.0,4.0,6.0
2014,2011800,52914,57388,3,0,3,True,3.0,4.0,6.0,45.0,553.0,420.0,88.0,25.0,113.185,9.0,7.0,7.0,6.0
2014,2011801,52280,52758,1,2,0,True,1.0,5.0,3.0,55.0,676.0,526.0,85.0,42.0,106.282,14.0,1.0,3.0,4.0
2014,2011801,52758,52280,2,1,3,True,2.0,3.0,4.0,45.0,561.0,398.0,68.0,45.0,117.888,13.0,4.0,5.0,3.0
2014,2011802,52748,50136,1,2,0,True,1.0,4.0,6.0,51.0,561.0,406.0,83.0,30.0,109.008,15.0,3.0,5.0,5.0
2014,2011802,50136,52748,2,1,3,True,2.0,5.0,5.0,49.0,537.0,384.0,89.0,30.0,115.366,9.0,3.0,4.0,6.0
2014,2011803,50064,52826,0,1,0,True,0.0,11.0,11.0,48.0,432.0,312.0,92.0,,105.953,12.0,8.0,9.0,4.0
2014,2011803,52826,50064,1,0,3,True,1.0,9.0,4.0,52.0,562.0,437.0,63.0,,112.317,11.0,11.0,11.0,11.0
2014,2011804,50110,50124,0,3,0,True,0.0,2.0,3.0,50.0,626.0,452.0,123.0,42.0,118.602,12.0,5.0,8.0,3.0
2014,2011804,50124,50110,3,0,3,True,3.0,8.0,3.0,50.0,681.0,520.0,86.0,39.0,119.576,12.0,2.0,2.0,3.0
2014,2011805,50050,50143,2,1,3,True,2.0,7.0,3.0,41.0,385.0,249.0,78.0,26.0,110.326,16.0,8.0,9.0,6.0
2014,2011805,50143,50050,1,2,0,True,1.0,9.0,6.0,59.0,682.0,551.0,73.0,32.0,116.534,3.0,5.0,7.0,3.0
2014,2011806,50058,50080,1,1,1,True,1.0,3.0,3.0,36.0,406.0,291.0,67.0,19.0,102.599,17.0,8.0,9.0,6.0
2014,2011806,50080,50058,1,1,1,True,1.0,9.0,6.0,64.0,853.0,734.0,58.0,45.0,101.659,9.0,2.0,3.0,3.0
2014,2011797,54266,52919,1,2,0,True,1.0,8.0,1.0,44.0,488.0,343.0,72.0,36.0,113.964,14.0,8.0,10.0,7.0
2014,2011797,52919,54266,2,1,3,True,2.0,10.0,7.0,56.0,621.0,489.0,66.0,37.0,113.578,15.0,7.0,8.0,1.0
2014,2011791,50109,52707,4,0,3,True,4.0,8.0,4.0,52.0,594.0,477.0,74.0,41.0,113.403,12.0,5.0,5.0,6.0
2014,2011791,52707,50109,0,4,0,True,0.0,5.0,6.0,48.0,546.0,420.0,85.0,37.0,109.281,13.0,4.0,8.0,4.0
2014,2011792,52682,50123,1,0,3,True,1.0,10.0,7.0,52.0,567.0,417.0,76.0,40.0,113.216,18.0,4.0,6.0,6.0
2014,2011792,50123,52682,0,1,0,True,0.0,6.0,6.0,48.0,500.0,342.0,83.0,23.0,117.101,15.0,9.0,10.0,7.0
2014,2011793,50051,50139,2,1,3,True,2.0,7.0,6.0,52.0,660.0,548.0,82.0,29.0,109.539,13.0,6.0,7.0,6.0
2014,2011793,50139,50051,1,2,0,True,1.0,7.0,6.0,48.0,541.0,417.0,66.0,23.0,110.575,16.0,5.0,7.0,6.0
2014,2011794,50067,52709,3,1,3,True,3.0,7.0,2.0,56.0,616.0,473.0,92.0,32.0,112.26,12.0,3.0,4.0,4.0
2014,2011794,52709,50067,1,3,0,True,1.0,4.0,4.0,44.0,580.0,447.0,60.0,31.0,114.25,17.0,4.0,7.0,2.0
2014,2011795,50074,52747,0,5,0,True,0.0,11.0,5.0,35.0,450.0,323.0,57.0,40.0,111.601,12.0,7.0,12.0,2.0
2014,2011795,52747,50074,5,0,3,True,5.0,12.0,2.0,65.0,893.0,774.0,71.0,45.0,110.169,11.0,11.0,11.0,5.0
2014,2011796,50147,2610,1,1,1,True,1.0,4.0,4.0,53.0,480.0,336.0,71.0,39.0,108.858,25.0,5.0,6.0,4.0
2014,2011796,2610,50147,1,1,1,True,1.0,6.0,4.0,47.0,388.0,256.0,82.0,28.0,103.639,16.0,3.0,4.0,4.0
2014,2011798,50037,64388,5,0,3,True,5.0,22.0,13.0,70.0,836.0,735.0,79.0,63.0,116.148,6.0,,0.0,1.0
2014,2011798,64388,50037,0,5,0,True,0.0,0.0,1.0,30.0,323.0,185.0,71.0,9.0,114.949,14.0,17.0,22.0,13.0
2014,2011815,52707,50109,0,0,1,True,0.0,11.0,9.0,55.0,546.0,369.0,103.0,46.0,114.415,14.0,8.0,8.0,3.0
2014,2011815,50109,52707,0,0,1,True,0.0,8.0,3.0,45.0,521.0,320.0,85.0,30.0,116.263,11.0,11.0,11.0,9.0
2014,2011816,50123,52682,0,0,1,True,0.0,0.0,10.0,46.0,467.0,310.0,106.0,32.0,115.861,8.0,2.0,2.0,4.0
2014,2011816,52682,50123,0,0,1,True,0.0,2.0,4.0,54.0,557.0,398.0,98.0,38.0,112.143,16.0,,0.0,10.0
2014,2011817,50139,50051,2,2,1,True,2.0,13.0,7.0,51.0,595.0,477.0,82.0,57.0,116.462,10.0,5.0,7.0,9.0
2014,2011817,50051,50139,2,2,1,True,2.0,7.0,9.0,49.0,698.0,566.0,82.0,47.0,110.694,8.0,11.0,13.0,7.0
2014,2011818,52709,50067,1,0,3,True,1.0,5.0,3.0,44.0,530.0,372.0,79.0,29.0,122.168,14.0,10.0,10.0,5.0
2014,2011818,50067,52709,0,1,0,True,0.0,10.0,5.0,56.0,691.0,527.0,95.0,53.0,116.761,12.0,4.0,5.0,3.0
2014,2011819,52747,50074,1,1,1,True,1.0,10.0,8.0,62.0,775.0,660.0,68.0,41.0,104.147,14.0,3.0,4.0,3.0
2014,2011819,50074,52747,1,1,1,True,1.0,4.0,3.0,38.0,399.0,268.0,63.0,25.0,111.598,19.0,9.0,10.0,8.0
2014,2011820,2610,50147,1,0,3,True,1.0,2.0,4.0,45.0,379.0,232.0,71.0,21.0,109.695,17.0,9.0,9.0,4.0
2014,2011820,50147,2610,0,1,0,True,0.0,9.0,4.0,55.0,657.0,512.0,70.0,55.0,112.427,18.0,1.0,2.0,4.0
2014,2011821,52919,54266,5,2,3,True,5.0,10.0,5.0,57.0,743.0,624.0,68.0,32.0,108.924,15.0,6.0,8.0,3.0
2014,2011821,54266,52919,2,5,0,True,2.0,8.0,3.0,43.0,575.0,448.0,62.0,23.0,108.037,5.0,5.0,10.0,5.0
2014,2011822,64388,50037,0,1,0,True,0.0,5.0,5.0,36.0,365.0,222.0,66.0,30.0,122.843,22.0,15.0,16.0,5.0
2014,2011822,50037,64388,1,0,3,True,1.0,16.0,5.0,64.0,807.0,668.0,84.0,51.0,122.474,6.0,5.0,5.0,5.0
2014,2011811,52826,50064,1,1,1,True,1.0,6.0,7.0,43.0,520.0,356.0,69.0,44.0,117.12,13.0,10.0,11.0,10.0
2014,2011811,50064,52826,1,1,1,True,1.0,11.0,10.0,57.0,629.0,471.0,71.0,66.0,116.624,20.0,6.0,6.0,7.0
2014,2011807,59856,50065,1,1,1,True,1.0,5.0,4.0,55.0,632.0,451.0,124.0,28.0,120.1,18.0,4.0,5.0,2.0
2014,2011807,50065,59856,1,1,1,True,1.0,5.0,2.0,45.0,517.0,338.0,99.0,22.0,121.388,13.0,4.0,5.0,4.0
2014,2011808,52914,57388,3,0,3,True,3.0,9.0,1.0,56.0,695.0,572.0,82.0,27.0,111.128,13.0,4.0,4.0,3.0
2014,2011808,57388,52914,0,3,0,True,0.0,4.0,3.0,44.0,534.0,417.0,74.0,21.0,115.655,17.0,6.0,9.0,1.0
2014,2011809,52758,52280,0,1,0,True,0.0,5.0,9.0,54.0,623.0,457.0,72.0,46.0,121.527,11.0,2.0,3.0,2.0
2014,2011809,52280,52758,1,0,3,True,1.0,3.0,2.0,46.0,603.0,433.0,78.0,26.0,114.117,13.0,5.0,5.0,9.0
2014,2011810,50136,52748,3,2,3,True,3.0,7.0,4.0,48.0,649.0,491.0,109.0,54.0,114.175,11.0,5.0,7.0,8.0
2014,2011810,52748,50136,2,3,0,True,2.0,7.0,8.0,52.0,574.0,431.0,69.0,47.0,108.15,10.0,4.0,7.0,4.0
2014,2011812,50124,50110,4,0,3,True,4.0,15.0,8.0,64.0,733.0,573.0,126.0,41.0,108.32,7.0,4.0,4.0,3.0
2014,2011812,50110,50124,0,4,0,True,0.0,4.0,3.0,36.0,437.0,276.0,81.0,24.0,113.253,16.0,11.0,15.0,8.0
2014,2011813,50143,50050,1,0,3,True,1.0,11.0,4.0,56.0,631.0,471.0,76.0,33.0,122.845,16.0,3.0,3.0,5.0
2014,2011813,50050,50143,0,1,0,True,0.0,3.0,5.0,44.0,463.0,320.0,86.0,21.0,111.515,15.0,10.0,11.0,4.0
2014,2011814,50080,50058,3,1,3,True,3.0,9.0,8.0,59.0,745.0,649.0,59.0,56.0,105.838,12.0,1.0,1.0,3.0
2014,2011814,50058,50080,1,3,0,True,1.0,1.0,3.0,41.0,526.0,389.0,73.0,29.0,106.216,12.0,6.0,9.0,8.0
2014,2011836,52826,50124,1,1,1,True,1.0,9.0,3.0,66.0,717.0,538.0,38.0,71.0,114.267,17.0,3.0,4.0,6.0
2014,2011836,50124,52826,1,1,1,True,1.0,4.0,6.0,34.0,506.0,321.0,31.0,45.0,116.809,16.0,9.0,9.0,3.0
2014,2011831,50065,57388,0,0,1,True,0.0,4.0,4.0,53.0,631.0,458.0,96.0,24.0,115.788,14.0,7.0,7.0,9.0
2014,2011831,57388,50065,0,0,1,True,0.0,7.0,9.0,47.0,603.0,443.0,77.0,34.0,118.252,10.0,4.0,4.0,4.0
2014,2011832,59856,52914,1,0,3,True,1.0,10.0,6.0,51.0,556.0,417.0,108.0,34.0,119.317,16.0,1.0,1.0,0.0
2014,2011832,52914,59856,0,1,0,True,0.0,1.0,0.0,49.0,536.0,387.0,99.0,23.0,116.435,22.0,8.0,10.0,6.0
2014,2011833,52280,52748,2,0,3,True,2.0,8.0,5.0,61.0,887.0,764.0,87.0,60.0,111.478,5.0,4.0,4.0,2.0
2014,2011833,52748,52280,0,2,0,True,0.0,4.0,2.0,39.0,470.0,343.0,72.0,38.0,108.827,10.0,6.0,8.0,5.0
2014,2011834,52758,50136,3,1,3,True,3.0,12.0,6.0,45.0,462.0,306.0,68.0,36.0,121.262,25.0,11.0,12.0,2.0
2014,2011834,50136,52758,1,3,0,True,1.0,12.0,2.0,55.0,554.0,392.0,95.0,32.0,115.219,16.0,9.0,12.0,6.0
2014,2011835,50064,50110,1,1,1,True,1.0,13.0,10.0,61.0,706.0,536.0,100.0,62.0,116.347,15.0,1.0,2.0,1.0
2014,2011835,50110,50064,1,1,1,True,1.0,2.0,1.0,39.0,459.0,253.0,91.0,22.0,119.71,14.0,12.0,13.0,10.0
2014,2011837,50050,50058,0,3,0,True,0.0,11.0,9.0,53.0,555.0,414.0,85.0,39.0,107.585,19.0,1.0,4.0,5.0
2014,2011837,50058,50050,3,0,3,True,3.0,4.0,5.0,47.0,530.0,375.0,83.0,20.0,110.352,12.0,11.0,11.0,9.0
2014,2011838,50143,50080,2,1,3,True,2.0,6.0,3.0,40.0,433.0,292.0,87.0,20.0,119.441,21.0,7.0,8.0,1.0
2014,2011838,50080,50143,1,2,0,True,1.0,8.0,1.0,60.0,712.0,568.0,66.0,32.0,114.202,17.0,4.0,6.0,3.0
2014,2011829,54266,50037,1,3,0,True,1.0,10.0,4.0,37.0,484.0,340.0,72.0,22.0,115.963,5.0,2.0,5.0,3.0
2014,2011829,50037,54266,3,1,3,True,3.0,5.0,3.0,63.0,788.0,641.0,86.0,33.0,121.069,10.0,10.0,10.0,4.0
2014,2011823,50109,52682,0,5,0,True,0.0,4.0,8.0,52.0,580.0,440.0,69.0,45.0,117.455,15.0,10.0,14.0,5.0
2014,2011823,52682,50109,5,0,3,True,5.0,14.0,5.0,48.0,573.0,446.0,80.0,46.0,112.545,14.0,4.0,4.0,8.0
2014,2011824,52707,50123,4,0,3,True,4.0,9.0,5.0,47.0,497.0,346.0,79.0,29.0,116.258,17.0,9.0,10.0,5.0
2014,2011824,50123,52707,0,4,0,True,0.0,10.0,5.0,53.0,638.0,485.0,88.0,24.0,111.376,17.0,5.0,9.0,5.0
2014,2011825,50051,50067,4,1,3,True,4.0,5.0,4.0,50.0,624.0,490.0,105.0,35.0,108.138,7.0,4.0,5.0,5.0
2014,2011825,50067,50051,1,4,0,True,1.0,5.0,5.0,50.0,575.0,453.0,78.0,52.0,110.876,16.0,1.0,5.0,4.0
2014,2011826,50139,52709,3,1,3,True,3.0,13.0,7.0,53.0,641.0,521.0,108.0,45.0,118.12,12.0,2.0,3.0,1.0
2014,2011826,52709,50139,1,3,0,True,1.0,3.0,1.0,47.0,588.0,444.0,82.0,22.0,119.784,11.0,10.0,13.0,7.0
2014,2011827,50074,50147,2,3,0,True,2.0,4.0,4.0,48.0,470.0,316.0,89.0,42.0,113.465,18.0,4.0,6.0,4.0
2014,2011827,50147,50074,3,2,3,True,3.0,6.0,4.0,52.0,568.0,406.0,63.0,34.0,118.361,13.0,2.0,4.0,4.0
2014,2011828,52747,2610,2,1,3,True,2.0,6.0,3.0,55.0,663.0,545.0,71.0,30.0,100.439,15.0,5.0,6.0,5.0
2014,2011828,2610,52747,1,2,0,True,1.0,6.0,5.0,45.0,491.0,370.0,75.0,25.0,104.308,13.0,4.0,6.0,3.0
2014,2011830,52919,64388,4,2,3,True,4.0,9.0,11.0,53.0,513.0,375.0,76.0,38.0,107.82,12.0,9.0,9.0,7.0
2014,2011830,64388,52919,2,4,0,True,2.0,9.0,7.0,47.0,428.0,294.0,83.0,32.0,114.544,14.0,4.0,9.0,11.0
2014,2011847,52682,52707,1,0,3,True,1.0,3.0,7.0,54.0,627.0,487.0,92.0,33.0,114.31,9.0,10.0,10.0,6.0
2014,2011847,52707,52682,0,1,0,True,0.0,10.0,6.0,46.0,483.0,355.0,82.0,30.0,116.315,15.0,2.0,3.0,7.0
2014,2011848,50123,50109,0,1,0,True,0.0,10.0,7.0,48.0,548.0,386.0,95.0,,118.316,12.0,9.0,10.0,12.0
2014,2011848,50109,50123,1,0,3,True,1.0,10.0,12.0,52.0,589.0,440.0,76.0,,122.06,11.0,10.0,10.0,7.0
2014,2011850,52709,50051,0,2,0,True,0.0,6.0,5.0,41.0,484.0,338.0,71.0,22.0,112.37,21.0,9.0,11.0,4.0
2014,2011850,50051,52709,2,0,3,True,2.0,11.0,4.0,59.0,723.0,595.0,84.0,40.0,107.893,11.0,6.0,6.0,5.0
2014,2011851,50147,52747,2,1,3,True,2.0,12.0,7.0,46.0,532.0,415.0,56.0,42.0,117.643,16.0,4.0,5.0,3.0
2014,2011851,52747,50147,1,2,0,True,1.0,5.0,3.0,54.0,633.0,503.0,60.0,25.0,109.357,14.0,10.0,12.0,7.0
2014,2011852,2610,50074,3,1,3,True,3.0,17.0,7.0,59.0,580.0,450.0,91.0,58.0,111.465,10.0,4.0,5.0,1.0
2014,2011852,50074,2610,1,3,0,True,1.0,5.0,1.0,41.0,410.0,266.0,73.0,25.0,106.963,24.0,14.0,17.0,7.0
2014,2011853,50037,52919,2,3,0,True,2.0,9.0,2.0,58.0,658.0,525.0,93.0,37.0,114.476,12.0,3.0,7.0,2.0
2014,2011853,52919,50037,3,2,3,True,3.0,7.0,2.0,42.0,483.0,342.0,90.0,15.0,112.722,16.0,4.0,9.0,2.0
2014,2011854,64388,54266,2,1,3,True,2.0,12.0,9.0,54.0,569.0,428.0,96.0,60.0,119.599,17.0,6.0,7.0,5.0
2014,2011854,54266,64388,1,2,0,True,1.0,7.0,5.0,46.0,526.0,374.0,87.0,38.0,110.421,7.0,10.0,12.0,9.0
2014,2011849,50067,50139,1,0,3,True,1.0,3.0,10.0,51.0,475.0,307.0,90.0,18.0,104.577,16.0,7.0,7.0,6.0
2014,2011849,50139,50067,0,1,0,True,0.0,7.0,6.0,49.0,493.0,306.0,85.0,20.0,106.608,17.0,2.0,3.0,10.0
2014,2011839,57388,59856,2,0,3,True,2.0,14.0,7.0,53.0,590.0,441.0,105.0,31.0,116.892,17.0,3.0,3.0,4.0
2014,2011839,59856,57388,0,2,0,True,0.0,3.0,4.0,47.0,530.0,359.0,84.0,15.0,109.599,9.0,12.0,14.0,7.0
2014,2011840,52914,50065,1,0,3,True,1.0,8.0,8.0,64.0,800.0,655.0,110.0,39.0,112.44,10.0,4.0,4.0,5.0
2014,2011840,50065,52914,0,1,0,True,0.0,4.0,5.0,36.0,437.0,275.0,61.0,21.0,119.377,15.0,7.0,8.0,8.0
2014,2011841,52748,52758,1,2,0,True,1.0,4.0,3.0,38.0,425.0,280.0,74.0,12.0,107.026,16.0,2.0,11.0,7.0
2014,2011841,52758,52748,2,1,3,True,2.0,11.0,7.0,62.0,760.0,620.0,85.0,49.0,122.683,15.0,1.0,4.0,3.0
2014,2011842,50136,52280,2,0,3,True,2.0,7.0,6.0,49.0,609.0,417.0,90.0,31.0,116.006,16.0,2.0,2.0,1.0
2014,2011842,52280,50136,0,2,0,True,0.0,2.0,1.0,51.0,636.0,463.0,99.0,11.0,110.046,16.0,5.0,7.0,6.0
2014,2011843,50110,52826,4,1,3,True,4.0,10.0,2.0,36.0,396.0,244.0,65.0,26.0,121.96,24.0,9.0,9.0,10.0
2014,2011843,52826,50110,1,4,0,True,1.0,9.0,10.0,64.0,712.0,564.0,97.0,49.0,112.642,17.0,6.0,10.0,2.0
2014,2011844,50124,50064,2,0,3,True,2.0,7.0,2.0,38.0,370.0,217.0,65.0,25.0,113.535,20.0,8.0,7.0,12.0
2014,2011844,50064,50124,0,2,0,True,0.0,7.0,12.0,62.0,681.0,524.0,103.0,68.0,109.098,19.0,4.0,7.0,2.0
2014,2011845,50058,50143,0,0,1,True,0.0,2.0,1.0,36.0,368.0,228.0,76.0,18.0,103.795,16.0,11.0,11.0,12.0
2014,2011845,50143,50058,0,0,1,True,0.0,11.0,12.0,64.0,709.0,578.0,100.0,52.0,120.097,17.0,2.0,2.0,1.0
2014,2011846,50080,50050,6,1,3,True,6.0,18.0,1.0,68.0,900.0,787.0,70.0,40.0,108.736,11.0,4.0,5.0,1.0
2014,2011846,50050,50080,1,6,0,True,1.0,5.0,1.0,32.0,364.0,250.0,57.0,17.0,105.599,8.0,12.0,18.0,1.0
2015,2014315,2610,50124,3,2,3,True,3.0,4.0,2.0,44.0,328.0,280.0,48.0,19.0,111.267,12.0,10.0,5.0,9.0
2015,2014315,50124,2610,2,3,0,True,2.0,5.0,9.0,56.0,504.0,439.0,56.0,21.0,110.341,15.0,3.0,4.0,2.0
2015,2014316,50139,50152,2,0,3,True,2.0,8.0,9.0,65.0,574.0,519.0,68.0,74.0,110.513,9.0,3.0,1.0,1.0
2015,2014316,50152,50139,0,2,0,True,0.0,1.0,1.0,35.0,173.0,143.0,21.0,12.0,110.406,15.0,11.0,8.0,9.0
2015,2014317,7889,2603104,2,1,3,True,2.0,8.0,7.0,58.0,565.0,489.0,64.0,56.0,119.593,22.0,2.0,2.0,8.0
2015,2014317,2603104,7889,1,2,0,True,1.0,2.0,8.0,42.0,314.0,252.0,49.0,32.0,120.848,16.0,13.0,8.0,7.0
2015,2014318,50051,59856,5,1,3,True,5.0,9.0,8.0,52.0,585.0,529.0,81.0,57.0,108.718,8.0,7.0,5.0,8.0
2015,2014318,59856,50051,1,5,0,True,1.0,5.0,8.0,48.0,534.0,470.0,62.0,36.0,114.182,8.0,10.0,9.0,8.0
2015,2014319,50023,50109,1,0,3,True,1.0,1.0,3.0,48.0,282.0,234.0,40.0,34.0,112.844,16.0,5.0,2.0,8.0
2015,2014319,50109,50023,0,1,0,True,0.0,2.0,8.0,52.0,318.0,271.0,21.0,35.0,118.434,19.0,0.0,1.0,3.0
2015,2014320,50147,52826,0,2,0,True,0.0,5.0,4.0,44.0,391.0,335.0,31.0,46.0,107.608,11.0,12.0,7.0,4.0
2015,2014320,52826,50147,2,0,3,True,2.0,7.0,4.0,56.0,577.0,522.0,70.0,40.0,113.828,16.0,12.0,5.0,4.0
2015,2014321,50067,50074,1,1,1,True,1.0,3.0,2.0,55.0,471.0,405.0,53.0,61.0,108.551,14.0,5.0,4.0,5.0
2015,2014321,50074,50067,1,1,1,True,1.0,4.0,5.0,45.0,372.0,311.0,49.0,40.0,110.839,19.0,11.0,3.0,2.0
2015,2014322,52758,52280,2,0,3,True,2.0,7.0,13.0,46.0,362.0,300.0,45.0,50.0,119.813,10.0,2.0,1.0,2.0
2015,2014322,52280,52758,0,2,0,True,0.0,1.0,2.0,54.0,464.0,399.0,42.0,29.0,108.457,16.0,9.0,7.0,13.0
2015,2014307,50137,54266,5,1,3,True,5.0,8.0,1.0,64.0,720.0,681.0,62.0,51.0,109.275,9.0,9.0,6.0,9.0
2015,2014307,54266,50137,1,5,0,True,1.0,6.0,9.0,36.0,323.0,288.0,24.0,37.0,108.102,5.0,9.0,8.0,1.0
2015,2014308,50037,52919,1,0,3,True,1.0,9.0,10.0,58.0,612.0,542.0,68.0,74.0,115.205,8.0,2.0,2.0,6.0
2015,2014308,52919,50037,0,1,0,True,0.0,2.0,6.0,42.0,436.0,375.0,61.0,25.0,109.979,16.0,10.0,9.0,10.0
2015,2014309,50080,50118,1,0,3,True,1.0,6.0,5.0,67.0,760.0,700.0,56.0,96.0,114.445,15.0,2.0,1.0,2.0
2015,2014309,50118,50080,0,1,0,True,0.0,1.0,2.0,33.0,282.0,213.0,42.0,18.0,118.967,12.0,11.0,6.0,5.0
2015,2014310,50143,52747,1,1,1,True,1.0,3.0,5.0,54.0,512.0,465.0,38.0,45.0,111.209,14.0,8.0,5.0,5.0
2015,2014310,52747,50143,1,1,1,True,1.0,5.0,5.0,46.0,496.0,442.0,43.0,45.0,104.558,9.0,6.0,3.0,5.0
2015,2014311,52914,57388,1,1,1,True,1.0,5.0,6.0,51.0,455.0,413.0,41.0,50.0,117.389,16.0,9.0,5.0,3.0
2015,2014311,57388,52914,1,1,1,True,1.0,5.0,3.0,49.0,447.0,415.0,34.0,22.0,119.97,11.0,12.0,5.0,6.0
2015,2014312,57490,50149,1,1,1,True,1.0,6.0,5.0,41.0,265.0,211.0,38.0,19.0,115.762,12.0,17.0,11.0,9.0
2015,2014312,50149,57490,1,1,1,True,1.0,11.0,9.0,59.0,463.0,398.0,54.0,67.0,116.839,15.0,8.0,6.0,5.0
2015,2014313,50064,66168,6,0,3,True,6.0,12.0,4.0,64.0,620.0,550.0,72.0,54.0,117.532,11.0,3.0,2.0,4.0
2015,2014313,66168,50064,0,6,0,True,0.0,2.0,4.0,36.0,295.0,226.0,42.0,24.0,118.559,15.0,10.0,12.0,4.0
2015,2014314,50125,52707,0,0,1,True,0.0,3.0,4.0,45.0,352.0,295.0,45.0,36.0,120.133,12.0,4.0,3.0,3.0
2015,2014314,52707,50125,0,0,1,True,0.0,3.0,3.0,55.0,420.0,373.0,68.0,39.0,114.103,14.0,6.0,3.0,4.0
2015,2014332,54266,50037,0,1,0,True,0.0,3.0,6.0,27.0,238.0,191.0,44.0,19.0,116.885,5.0,16.0,8.0,4.0
2015,2014332,50037,54266,1,0,3,True,1.0,8.0,4.0,73.0,926.0,865.0,57.0,88.0,115.356,8.0,5.0,3.0,6.0
2015,2014331,52919,50137,1,1,1,True,1.0,2.0,8.0,59.0,581.0,527.0,44.0,50.0,105.226,13.0,5.0,4.0,4.0
2015,2014331,50137,52919,1,1,1,True,1.0,4.0,4.0,41.0,351.0,310.0,36.0,26.0,105.8,16.0,6.0,2.0,8.0
2015,2014333,52747,50080,3,2,3,True,3.0,5.0,3.0,40.0,391.0,354.0,44.0,28.0,110.976,8.0,5.0,2.0,7.0
2015,2014333,50080,52747,2,3,0,True,2.0,2.0,7.0,60.0,680.0,627.0,64.0,68.0,110.347,9.0,6.0,5.0,3.0
2015,2014334,50118,50143,1,1,1,True,1.0,2.0,4.0,37.0,287.0,236.0,34.0,23.0,119.799,14.0,6.0,6.0,5.0
2015,2014334,50143,50118,1,1,1,True,1.0,6.0,5.0,63.0,583.0,530.0,63.0,42.0,115.942,18.0,3.0,2.0,4.0
2015,2014335,50149,52914,0,1,0,True,0.0,3.0,8.0,50.0,319.0,288.0,33.0,39.0,112.181,14.0,8.0,7.0,6.0
2015,2014335,52914,50149,1,0,3,True,1.0,7.0,6.0,50.0,357.0,320.0,43.0,46.0,109.528,13.0,7.0,3.0,8.0
2015,2014336,57388,57490,1,1,1,True,1.0,4.0,11.0,61.0,515.0,478.0,78.0,68.0,115.264,13.0,9.0,4.0,3.0
2015,2014336,57490,57388,1,1,1,True,1.0,4.0,3.0,39.0,268.0,222.0,38.0,21.0,112.172,13.0,12.0,4.0,11.0
2015,2014337,52707,50064,2,2,1,True,2.0,4.0,1.0,38.0,234.0,198.0,34.0,29.0,115.84,13.0,13.0,11.0,6.0
2015,2014337,50064,52707,2,2,1,True,2.0,11.0,6.0,62.0,581.0,535.0,77.0,57.0,116.284,9.0,2.0,4.0,1.0
2015,2014338,66168,50125,2,1,3,True,2.0,7.0,7.0,44.0,280.0,227.0,49.0,45.0,122.966,15.0,5.0,2.0,6.0
2015,2014338,50125,66168,1,2,0,True,1.0,2.0,6.0,56.0,438.0,374.0,68.0,46.0,116.28,14.0,13.0,7.0,7.0
2015,2014327,52826,50023,0,0,1,True,0.0,3.0,6.0,51.0,504.0,436.0,34.0,40.0,117.892,15.0,5.0,3.0,5.0
2015,2014327,50023,52826,0,0,1,True,0.0,3.0,5.0,49.0,402.0,350.0,49.0,46.0,116.721,19.0,7.0,3.0,6.0
2015,2014323,50152,2610,2,0,3,True,2.0,7.0,4.0,37.6,263.0,227.0,38.0,32.0,114.27,13.0,6.0,6.0,6.0
2015,2014323,2610,50152,0,2,0,True,0.0,6.0,6.0,62.4,533.0,490.0,45.0,50.0,111.11,9.0,5.0,7.0,4.0
2015,2014324,50124,50139,1,0,3,True,1.0,2.0,5.0,38.800000000000004,223.0,188.0,24.0,46.0,111.72,21.0,1.0,0.0,3.0
2015,2014324,50139,50124,0,1,0,True,0.0,0.0,3.0,61.199999999999996,480.0,432.0,66.0,35.0,106.51,28.0,2.0,2.0,5.0
2015,2014325,59856,7889,1,0,3,True,1.0,5.0,4.0,56.10000000000001,430.0,393.0,45.0,37.0,113.22,9.0,5.0,5.0,5.0
2015,2014325,7889,59856,0,1,0,True,0.0,5.0,5.0,43.9,322.0,293.0,35.0,41.0,109.77,10.0,5.0,5.0,4.0
2015,2014326,2603104,50051,1,2,0,True,1.0,4.0,1.0,41.0,289.0,242.0,32.0,25.0,119.039,11.0,9.0,7.0,7.0
2015,2014326,50051,2603104,2,1,3,True,2.0,7.0,7.0,59.0,503.0,467.0,51.0,61.0,113.772,11.0,7.0,4.0,1.0
2015,2014328,50109,50147,3,1,3,True,3.0,10.0,10.0,43.9,287.0,227.0,28.0,45.0,116.922,16.0,0.0,1.0,1.0
2015,2014328,50147,50109,1,3,0,True,1.0,1.0,1.0,56.10000000000001,417.0,337.0,42.0,15.0,110.648,11.0,7.0,10.0,10.0
2015,2014329,52280,50067,4,1,3,True,4.0,5.0,3.0,52.1,396.0,356.0,40.0,44.0,112.993,13.0,6.0,7.0,7.0
2015,2014329,50067,52280,1,4,0,True,1.0,7.0,7.0,47.9,418.0,373.0,39.0,46.0,111.217,10.0,1.0,5.0,3.0
2015,2014330,50074,52758,0,3,0,True,0.0,1.0,4.0,51.4,397.0,356.0,61.0,32.0,111.642,7.0,7.0,10.0,7.0
2015,2014330,52758,50074,3,0,3,True,3.0,10.0,7.0,48.6,473.0,404.0,49.0,55.0,123.653,6.0,1.0,1.0,4.0
2015,2014347,54266,52919,2,2,1,True,2.0,4.0,7.0,44.9,526.0,474.0,44.0,39.0,114.178,8.0,2.0,4.0,4.0
2015,2014347,52919,54266,2,2,1,True,2.0,4.0,4.0,55.1,659.0,587.0,48.0,51.0,113.539,11.0,2.0,4.0,7.0
2015,2014348,50137,50037,1,7,0,True,1.0,5.0,5.0,37.2,335.0,301.0,36.0,20.0,100.958,13.0,4.0,11.0,7.0
2015,2014348,50037,50137,7,1,3,True,7.0,11.0,7.0,62.8,655.0,612.0,44.0,71.0,109.353,6.0,4.0,5.0,5.0
2015,2014349,50118,52747,0,1,0,True,0.0,1.0,2.0,39.1,369.0,320.0,41.0,37.0,122.084,7.0,4.0,5.0,6.0
2015,2014349,52747,50118,1,0,3,True,1.0,5.0,6.0,60.9,651.0,607.0,48.0,72.0,114.971,9.0,1.0,1.0,2.0
2015,2014350,50080,50143,3,1,3,True,3.0,6.0,9.0,58.8,582.0,546.0,57.0,45.0,115.372,10.0,0.0,1.0,4.0
2015,2014350,50143,50080,1,3,0,True,1.0,1.0,4.0,41.199999999999996,338.0,308.0,33.0,26.0,115.29,17.0,3.0,6.0,9.0
2015,2014351,57388,50149,4,3,3,True,4.0,6.0,4.0,62.0,539.0,499.0,62.0,54.0,116.57,11.0,1.0,4.0,4.0
2015,2014351,50149,57388,3,4,0,True,3.0,4.0,4.0,38.0,254.0,229.0,22.0,35.0,108.49,19.0,2.0,6.0,4.0
2015,2014352,52914,57490,6,0,3,True,6.0,10.0,5.0,56.699999999999996,598.0,537.0,66.0,56.0,119.334,11.0,3.0,3.0,4.0
2015,2014352,57490,52914,0,6,0,True,0.0,3.0,4.0,43.3,451.0,399.0,37.0,31.0,115.884,10.0,5.0,10.0,5.0
2015,2014353,66168,52707,0,7,0,True,0.0,5.0,8.0,42.699999999999996,326.0,272.0,35.0,34.0,118.854,11.0,7.0,14.0,3.0
2015,2014353,52707,66168,7,0,3,True,7.0,14.0,3.0,57.3,518.0,478.0,70.0,43.0,119.086,9.0,4.0,5.0,8.0
2015,2014354,50064,50125,2,1,3,True,2.0,4.0,8.0,55.2,453.0,383.0,83.0,43.0,114.375,16.0,4.0,5.0,4.0
2015,2014354,50125,50064,1,2,0,True,1.0,5.0,4.0,44.800000000000004,363.0,297.0,58.0,37.0,113.338,8.0,2.0,4.0,8.0
2015,2014339,50124,50152,5,0,3,True,5.0,9.0,14.0,55.300000000000004,445.0,396.0,55.0,60.0,116.079,10.0,4.0,4.0,3.0
2015,2014339,50152,50124,0,5,0,True,0.0,4.0,3.0,44.7,349.0,303.0,52.0,29.0,110.488,15.0,4.0,9.0,14.0
2015,2014340,2610,50139,1,0,3,True,1.0,5.0,4.0,42.6,275.0,228.0,40.0,30.0,104.4,17.0,7.0,6.0,7.0
2015,2014340,50139,2610,0,1,0,True,0.0,6.0,7.0,57.4,463.0,409.0,65.0,61.0,105.001,15.0,4.0,5.0,4.0
2015,2014341,2603104,59856,1,0,3,True,1.0,10.0,7.0,62.5,532.0,491.0,63.0,72.0,117.912,15.0,3.0,3.0,4.0
2015,2014341,59856,2603104,0,1,0,True,0.0,3.0,4.0,37.5,238.0,205.0,36.0,23.0,112.702,18.0,9.0,10.0,7.0
2015,2014342,7889,50051,0,3,0,True,0.0,2.0,4.0,47.4,544.0,498.0,46.0,47.0,120.849,6.0,4.0,7.0,4.0
2015,2014342,50051,7889,3,0,3,True,3.0,7.0,4.0,52.6,649.0,589.0,55.0,37.0,116.786,4.0,2.0,2.0,4.0
2015,2014343,50109,52826,2,0,3,True,2.0,7.0,4.0,51.0,352.0,272.0,39.0,42.0,116.033,19.0,2.0,2.0,1.0
2015,2014343,52826,50109,0,2,0,True,0.0,2.0,1.0,49.0,383.0,285.0,36.0,36.0,108.729,17.0,5.0,7.0,4.0
2015,2014344,50023,50147,0,0,1,True,0.0,1.0,8.0,50.5,319.0,264.0,61.0,55.0,115.379,17.0,4.0,4.0,6.0
2015,2014344,50147,50023,0,0,1,True,0.0,4.0,6.0,49.5,308.0,265.0,32.0,28.0,113.775,20.0,1.0,1.0,8.0
2015,2014345,50074,52280,1,2,0,True,1.0,3.0,5.0,42.9,259.0,224.0,45.0,39.0,112.477,15.0,2.0,4.0,7.0
2015,2014345,52280,50074,2,1,3,True,2.0,4.0,7.0,57.099999999999994,556.0,510.0,56.0,47.0,115.664,12.0,2.0,3.0,5.0
2015,2014346,50067,52758,0,4,0,True,0.0,1.0,6.0,57.99999999999999,538.0,474.0,54.0,43.0,106.399,3.0,6.0,10.0,5.0
2015,2014346,52758,50067,4,0,3,True,4.0,10.0,5.0,42.0,481.0,418.0,46.0,35.0,117.532,11.0,1.0,1.0,6.0
2015,2014367,52826,50109,1,2,0,True,1.0,3.0,3.0,53.6,373.0,299.0,63.0,42.0,111.36,16.0,2.0,4.0,8.0
2015,2014367,50109,52826,2,1,3,True,2.0,4.0,8.0,46.400000000000006,248.0,188.0,34.0,34.0,120.812,19.0,2.0,3.0,3.0
2015,2014363,50152,50124,0,2,0,True,0.0,5.0,7.0,55.50000000000001,395.0,349.0,59.0,58.0,116.235,16.0,3.0,4.0,2.0
2015,2014363,50124,50152,2,0,3,True,2.0,4.0,2.0,44.5,273.0,228.0,27.0,37.0,118.625,15.0,5.0,5.0,7.0
2015,2014364,50139,2610,3,2,3,True,3.0,6.0,10.0,57.599999999999994,558.0,502.0,76.0,63.0,115.693,9.0,3.0,5.0,2.0
2015,2014364,2610,50139,2,3,0,True,2.0,5.0,2.0,42.4,326.0,295.0,45.0,28.0,110.205,19.0,4.0,6.0,10.0
2015,2014365,59856,2603104,4,0,3,True,4.0,7.0,7.0,52.0,547.0,484.0,61.0,44.0,121.059,9.0,2.0,2.0,3.0
2015,2014365,2603104,59856,0,4,0,True,0.0,2.0,3.0,48.0,488.0,436.0,50.0,28.0,116.515,10.0,4.0,7.0,7.0
2015,2014366,50051,7889,1,0,3,True,1.0,9.0,6.0,56.99999999999999,712.0,665.0,43.0,58.0,106.583,8.0,1.0,1.0,2.0
2015,2014366,7889,50051,0,1,0,True,0.0,1.0,2.0,43.0,447.0,407.0,39.0,28.0,114.3,12.0,8.0,9.0,6.0
2015,2014368,50147,50023,1,0,3,True,1.0,3.0,6.0,54.1,429.0,358.0,33.0,55.0,115.453,16.0,6.0,5.0,5.0
2015,2014368,50023,50147,0,1,0,True,0.0,5.0,5.0,45.9,325.0,261.0,52.0,48.0,114.072,16.0,2.0,3.0,6.0
2015,2014369,52280,50074,3,3,1,True,3.0,6.0,6.0,62.3,566.0,517.0,53.0,59.0,111.333,10.0,2.0,5.0,2.0
2015,2014369,50074,52280,3,3,1,True,3.0,5.0,2.0,37.7,289.0,254.0,30.0,33.0,111.442,14.0,3.0,6.0,6.0
2015,2014370,52758,50067,4,1,3,True,4.0,5.0,5.0,52.900000000000006,506.0,440.0,62.0,47.0,119.013,11.0,1.0,2.0,1.0
2015,2014370,50067,52758,1,4,0,True,1.0,2.0,1.0,47.099999999999994,414.0,360.0,61.0,32.0,110.083,8.0,2.0,5.0,5.0
2015,2014355,52919,54266,1,2,0,True,1.0,6.0,7.0,61.5,677.0,614.0,42.0,82.0,108.955,13.0,1.0,3.0,4.0
2015,2014355,54266,52919,2,1,3,True,2.0,3.0,4.0,38.5,390.0,330.0,36.0,30.0,110.449,10.0,5.0,6.0,7.0
2015,2014356,50037,50137,2,0,3,True,2.0,6.0,12.0,65.9,705.0,649.0,68.0,65.0,117.695,12.0,2.0,2.0,2.0
2015,2014356,50137,50037,0,2,0,True,0.0,2.0,2.0,34.1,279.0,216.0,64.0,16.0,109.549,9.0,4.0,6.0,12.0
2015,2014357,52747,50118,1,0,3,True,1.0,5.0,10.0,67.10000000000001,813.0,769.0,81.0,62.0,111.196,10.0,1.0,1.0,1.0
2015,2014357,50118,52747,0,1,0,True,0.0,1.0,1.0,32.9,315.0,274.0,26.0,24.0,120.037,8.0,4.0,5.0,10.0
2015,2014358,50143,50080,0,2,0,True,0.0,1.0,3.0,40.400000000000006,386.0,319.0,33.0,32.0,111.359,14.0,5.0,7.0,4.0
2015,2014358,50080,50143,2,0,3,True,2.0,7.0,4.0,59.599999999999994,675.0,603.0,65.0,57.0,111.184,6.0,1.0,1.0,3.0
2015,2014359,50149,57388,4,2,3,True,4.0,8.0,6.0,51.7,386.0,341.0,55.0,45.0,118.089,16.0,1.0,2.0,6.0
2015,2014359,57388,50149,2,4,0,True,2.0,2.0,6.0,48.3,379.0,326.0,40.0,31.0,116.811,11.0,4.0,8.0,6.0
2015,2014360,57490,52914,1,1,1,True,1.0,3.0,3.0,40.9,308.0,264.0,29.0,22.0,113.897,12.0,9.0,10.0,7.0
2015,2014360,52914,57490,1,1,1,True,1.0,10.0,7.0,59.099999999999994,582.0,518.0,61.0,53.0,113.5,7.0,2.0,3.0,3.0
2015,2014361,52707,66168,5,0,3,True,5.0,9.0,8.0,65.60000000000001,641.0,579.0,77.0,61.0,115.86,7.0,1.0,1.0,1.0
2015,2014361,66168,52707,0,5,0,True,0.0,1.0,1.0,34.4,223.0,172.0,25.0,22.0,116.049,14.0,4.0,9.0,8.0
2015,2014362,50125,50064,0,2,0,True,0.0,0.0,5.0,47.5,347.0,272.0,48.0,30.0,116.49,23.0,2.0,4.0,9.0
2015,2014362,50064,50125,2,0,3,True,2.0,4.0,9.0,52.5,359.0,288.0,78.0,39.0,116.953,21.0,0.0,0.0,5.0
2015,2014379,54266,50137,1,1,1,True,1.0,4.0,4.0,42.8,441.0,381.0,35.0,57.0,116.521,16.0,2.0,3.0,3.0
2015,2014379,50137,54266,1,1,1,True,1.0,3.0,3.0,57.199999999999996,613.0,550.0,76.0,29.0,112.621,5.0,3.0,4.0,4.0
2015,2014385,66168,50064,0,3,0,True,0.0,0.0,5.0,32.800000000000004,226.0,177.0,22.0,21.0,125.967,18.0,1.0,4.0,4.0
2015,2014385,50064,66168,3,0,3,True,3.0,4.0,4.0,67.2,629.0,573.0,92.0,37.0,119.368,14.0,0.0,0.0,5.0
2015,2014380,52919,50037,3,2,3,True,3.0,6.0,4.0,44.4,511.0,457.0,54.0,53.0,115.137,14.0,2.0,4.0,2.0
2015,2014380,50037,52919,2,3,0,True,2.0,4.0,2.0,55.60000000000001,674.0,611.0,50.0,26.0,110.125,15.0,2.0,6.0,4.0
2015,2014381,50118,50080,0,4,0,True,0.0,1.0,2.0,25.900000000000002,205.0,164.0,21.0,12.0,117.417,16.0,3.0,7.0,8.0
2015,2014381,50080,50118,4,0,3,True,4.0,7.0,8.0,74.1,827.0,776.0,102.0,87.0,112.259,5.0,1.0,1.0,2.0
2015,2014382,52747,50143,3,1,3,True,3.0,4.0,5.0,46.7,484.0,427.0,37.0,32.0,108.872,15.0,0.0,1.0,4.0
2015,2014382,50143,52747,1,3,0,True,1.0,1.0,4.0,53.300000000000004,592.0,537.0,35.0,45.0,114.094,14.0,1.0,4.0,5.0
2015,2014383,57388,52914,0,5,0,True,0.0,3.0,1.0,44.3,548.0,507.0,43.0,40.0,121.857,9.0,3.0,7.0,2.0
2015,2014383,52914,57388,5,0,3,True,5.0,7.0,2.0,55.7,693.0,643.0,79.0,39.0,114.996,10.0,3.0,3.0,1.0
2015,2014384,50149,57490,3,1,3,True,3.0,9.0,9.0,50.8,450.0,394.0,53.0,51.0,113.894,19.0,1.0,1.0,3.0
2015,2014384,57490,50149,1,3,0,True,1.0,1.0,3.0,49.2,394.0,350.0,38.0,29.0,108.971,16.0,6.0,9.0,9.0
2015,2014386,52707,50125,0,1,0,True,0.0,4.0,5.0,57.699999999999996,495.0,414.0,101.0,47.0,115.098,15.0,4.0,5.0,7.0
2015,2014386,50125,52707,1,0,3,True,1.0,5.0,7.0,42.3,354.0,276.0,57.0,36.0,119.885,21.0,4.0,4.0,5.0
2015,2014376,52826,50147,1,0,3,True,1.0,2.0,2.0,48.199999999999996,348.0,268.0,44.0,42.0,113.779,18.0,1.0,1.0,3.0
2015,2014376,50147,52826,0,1,0,True,0.0,1.0,3.0,51.800000000000004,376.0,294.0,40.0,38.0,111.753,18.0,1.0,2.0,2.0
2015,2014371,50124,2610,4,0,3,True,4.0,7.0,7.0,55.00000000000001,520.0,474.0,71.0,53.0,113.515,12.0,1.0,1.0,3.0
2015,2014371,2610,50124,0,4,0,True,0.0,1.0,3.0,45.0,392.0,348.0,52.0,17.0,108.508,16.0,3.0,7.0,7.0
2015,2014372,50152,50139,0,2,0,True,0.0,5.0,7.0,40.2,357.0,276.0,80.0,43.0,117.048,20.0,8.0,10.0,5.0
2015,2014372,50139,50152,2,0,3,True,2.0,10.0,5.0,59.8,585.0,507.0,74.0,48.0,120.882,10.0,5.0,5.0,7.0
2015,2014373,2603104,7889,2,2,1,True,2.0,5.0,9.0,55.2,500.0,440.0,59.0,49.0,114.23,8.0,3.0,5.0,1.0
2015,2014373,7889,2603104,2,2,1,True,2.0,5.0,1.0,44.800000000000004,418.0,357.0,44.0,23.0,114.624,21.0,3.0,5.0,9.0
2015,2014374,59856,50051,0,1,0,True,0.0,5.0,11.0,45.5,420.0,365.0,37.0,37.0,113.682,12.0,3.0,4.0,2.0
2015,2014374,50051,59856,1,0,3,True,1.0,4.0,2.0,54.50000000000001,481.0,428.0,57.0,32.0,107.8,11.0,5.0,5.0,11.0
2015,2014375,50109,50023,0,1,0,True,0.0,4.0,7.0,55.50000000000001,559.0,443.0,38.0,64.0,117.328,18.0,0.0,1.0,2.0
2015,2014375,50023,50109,1,0,3,True,1.0,1.0,2.0,44.5,299.0,204.0,41.0,16.0,109.3,17.0,4.0,4.0,7.0
2015,2014377,50074,50067,2,0,3,True,2.0,9.0,5.0,47.599999999999994,358.0,319.0,45.0,44.0,105.949,21.0,3.0,3.0,4.0
2015,2014377,50067,50074,0,2,0,True,0.0,3.0,4.0,52.400000000000006,436.0,399.0,38.0,38.0,103.172,19.0,7.0,9.0,5.0
2015,2014378,52280,52758,2,0,3,True,2.0,3.0,5.0,44.9,388.0,328.0,56.0,36.0,116.323,14.0,5.0,5.0,2.0
2015,2014378,52758,52280,0,2,0,True,0.0,5.0,2.0,55.1,538.0,469.0,53.0,34.0,121.118,8.0,1.0,3.0,5.0
2015,2014395,2610,50152,4,2,3,True,4.0,12.0,9.0,52.300000000000004,347.0,296.0,44.0,50.0,106.775,10.0,0.0,2.0,6.0
2015,2014395,50152,2610,2,4,0,True,2.0,2.0,6.0,47.699999999999996,333.0,278.0,64.0,39.0,104.577,17.0,8.0,12.0,9.0
2015,2014396,50139,50124,0,0,1,True,0.0,4.0,3.0,68.2,680.0,646.0,85.0,46.0,104.613,14.0,3.0,3.0,2.0
2015,2014396,50124,50139,0,0,1,True,0.0,3.0,2.0,31.8,241.0,204.0,28.0,25.0,108.968,15.0,5.0,4.0,3.0
2015,2014397,7889,59856,1,1,1,True,1.0,5.0,6.0,57.49999999999999,582.0,486.0,57.0,48.0,118.817,12.0,3.0,4.0,6.0
2015,2014397,59856,7889,1,1,1,True,1.0,4.0,6.0,42.5,368.0,286.0,61.0,35.0,125.093,16.0,4.0,5.0,6.0
2015,2014398,50051,2603104,4,0,3,True,4.0,12.0,7.0,56.8,651.0,578.0,39.0,87.0,108.492,8.0,4.0,4.0,3.0
2015,2014398,2603104,50051,0,4,0,True,0.0,4.0,3.0,43.2,405.0,352.0,44.0,22.0,103.73,8.0,9.0,12.0,7.0
2015,2014399,50023,52826,2,0,3,True,2.0,3.0,3.0,44.800000000000004,291.0,243.0,26.0,36.0,111.923,9.0,3.0,3.0,1.0
2015,2014399,52826,50023,0,2,0,True,0.0,3.0,1.0,55.2,465.0,406.0,38.0,51.0,111.433,18.0,1.0,3.0,3.0
2015,2014400,50147,50109,0,0,1,True,0.0,2.0,6.0,49.0,434.0,296.0,48.0,36.0,119.402,11.0,5.0,4.0,4.0
2015,2014400,50109,50147,0,0,1,True,0.0,4.0,4.0,51.0,454.0,311.0,43.0,49.0,122.615,14.0,2.0,2.0,6.0
2015,2014401,50067,52280,1,4,0,True,1.0,7.0,17.0,54.400000000000006,589.0,533.0,63.0,73.0,110.886,10.0,2.0,6.0,4.0
2015,2014401,52280,50067,4,1,3,True,4.0,6.0,4.0,45.6,555.0,491.0,43.0,30.0,115.427,15.0,6.0,7.0,17.0
2015,2014402,52758,50074,1,1,1,True,1.0,9.0,9.0,58.5,642.0,581.0,53.0,49.0,124.702,10.0,2.0,3.0,3.0
2015,2014402,50074,52758,1,1,1,True,1.0,3.0,3.0,41.5,345.0,289.0,28.0,26.0,114.146,7.0,8.0,9.0,9.0
2015,2014387,50137,52919,0,2,0,True,0.0,6.0,4.0,54.800000000000004,560.0,504.0,62.0,41.0,102.783,11.0,2.0,4.0,4.0
2015,2014387,52919,50137,2,0,3,True,2.0,4.0,4.0,45.2,405.0,346.0,40.0,44.0,109.975,17.0,6.0,6.0,4.0
2015,2014388,50037,54266,3,0,3,True,3.0,9.0,4.0,68.7,870.0,765.0,70.0,100.0,120.876,5.0,1.0,1.0,4.0
2015,2014388,54266,50037,0,3,0,True,0.0,1.0,4.0,31.3,336.0,244.0,56.0,18.0,116.748,8.0,6.0,9.0,4.0
2015,2014389,50080,52747,3,1,3,True,3.0,5.0,4.0,59.099999999999994,660.0,613.0,58.0,55.0,111.201,12.0,2.0,3.0,4.0
2015,2014389,52747,50080,1,3,0,True,1.0,3.0,4.0,40.9,430.0,387.0,33.0,40.0,108.799,12.0,2.0,5.0,4.0
2015,2014390,50143,50118,4,0,3,True,4.0,8.0,6.0,67.80000000000001,766.0,716.0,89.0,55.0,111.339,9.0,0.0,0.0,2.0
2015,2014390,50118,50143,0,4,0,True,0.0,0.0,2.0,32.2,324.0,263.0,47.0,22.0,112.456,8.0,4.0,8.0,6.0
2015,2014391,52914,50149,3,1,3,True,3.0,5.0,4.0,56.00000000000001,538.0,480.0,61.0,50.0,116.69,10.0,4.0,5.0,4.0
2015,2014391,50149,52914,1,3,0,True,1.0,5.0,4.0,44.0,444.0,381.0,41.0,43.0,118.814,14.0,2.0,5.0,4.0
2015,2014392,57490,57388,0,1,0,True,0.0,3.0,7.0,46.400000000000006,428.0,376.0,59.0,34.0,121.025,6.0,3.0,4.0,8.0
2015,2014392,57388,57490,1,0,3,True,1.0,4.0,8.0,53.6,470.0,410.0,54.0,51.0,127.443,13.0,3.0,3.0,7.0
2015,2014393,50064,52707,1,1,1,True,1.0,5.0,6.0,59.8,615.0,568.0,69.0,51.0,117.308,13.0,1.0,2.0,2.0
2015,2014393,52707,50064,1,1,1,True,1.0,2.0,2.0,40.2,316.0,259.0,54.0,39.0,113.202,15.0,4.0,5.0,6.0
2015,2014394,50125,66168,2,0,3,True,2.0,8.0,10.0,61.4,553.0,442.0,64.0,79.0,115.156,6.0,0.0,0.0,1.0
2015,2014394,66168,50125,0,2,0,True,0.0,0.0,1.0,38.6,290.0,190.0,35.0,17.0,119.864,11.0,6.0,8.0,10.0
2016,2015665,52747,50152,2,0,3,True,2.0,10.0,9.0,69.5,875.0,804.0,69.0,52.0,104.6,9.0,1.0,1.0,3.0
2016,2015665,50152,52747,0,2,0,True,0.0,1.0,3.0,30.5,280.0,203.0,55.0,17.0,104.76,14.0,8.0,10.0,9.0
2016,2015666,50051,52707,4,0,3,True,4.0,9.0,12.0,49.9,664.0,613.0,49.0,56.0,106.87,15.0,1.0,1.0,4.0
2016,2015666,52707,50051,0,4,0,True,0.0,1.0,4.0,50.1,589.0,543.0,84.0,27.0,104.29,10.0,5.0,9.0,12.0
2016,2015667,64332,54266,1,0,3,False,,,,,,,,,,,,,
2016,2015667,54266,64332,0,1,0,False,,,,,,,,,,,,,
2016,2015668,50062,52682,2,1,3,True,2.0,4.0,2.0,37.7,269.0,212.0,48.0,24.0,111.77,8.0,4.0,5.0,4.0
2016,2015668,52682,50062,1,2,0,True,1.0,5.0,4.0,62.3,589.0,535.0,59.0,70.0,111.9,10.0,2.0,4.0,2.0
2016,2015669,50067,50124,0,2,0,True,0.0,3.0,12.0,53.800000000000004,556.0,498.0,72.0,49.0,105.73,16.0,6.0,8.0,3.0
2016,2015669,50124,50067,2,0,3,True,2.0,8.0,3.0,46.2,527.0,448.0,67.0,41.0,112.27,17.0,3.0,3.0,12.0
2016,2015671,52919,50139,1,2,0,True,1.0,5.0,6.0,55.60000000000001,606.0,546.0,50.0,52.0,100.01,20.0,1.0,3.0,5.0
2016,2015671,50139,52919,2,1,3,True,2.0,3.0,5.0,44.4,413.0,355.0,58.0,38.0,105.28,9.0,5.0,5.0,6.0
2016,2015672,52714,52757,3,0,3,False,,,,,,,,,115.08,,,,
2016,2015672,52757,52714,0,3,0,False,,,,,,,,,115.3,,,,
2016,2015670,50147,2600605,2,0,3,True,2.0,8.0,7.0,58.599999999999994,585.0,501.0,61.0,50.0,106.65,15.0,1.0,1.0,9.0
2016,2015670,2600605,50147,0,2,0,True,0.0,1.0,9.0,41.4,345.0,277.0,47.0,32.0,106.83,14.0,6.0,8.0,7.0
2016,2015673,50109,66168,4,1,3,True,4.0,9.0,4.0,61.8,660.0,555.0,57.0,67.0,111.65,9.0,1.0,2.0,0.0
2016,2015673,66168,50109,1,4,0,True,1.0,2.0,0.0,38.2,308.0,211.0,61.0,16.0,112.15,11.0,5.0,9.0,4.0
2016,2015674,50137,50080,1,1,1,True,1.0,3.0,3.0,30.8,228.0,174.0,67.0,21.0,100.42,11.0,4.0,5.0,7.0
2016,2015674,50080,50137,1,1,1,True,1.0,5.0,7.0,69.19999999999999,712.0,656.0,61.0,60.0,100.52,5.0,2.0,3.0,3.0
2016,2015675,50164,52280,2,1,3,True,2.0,4.0,5.0,42.3,349.0,291.0,51.0,20.0,105.69,14.0,4.0,5.0,4.0
2016,2015675,52280,50164,1,2,0,True,1.0,5.0,4.0,57.699999999999996,514.0,452.0,53.0,52.0,94.24,14.0,2.0,4.0,5.0
2016,2015676,2610,50037,0,3,0,True,0.0,5.0,1.0,34.699999999999996,248.0,187.0,52.0,27.0,105.45,14.0,4.0,8.0,8.0
2016,2015676,50037,2610,3,0,3,True,3.0,8.0,8.0,65.3,648.0,588.0,55.0,57.0,106.83,15.0,5.0,5.0,1.0
2016,2015677,52723,50064,2,2,1,True,2.0,4.0,5.0,49.8,415.0,344.0,63.0,26.0,109.65,19.0,1.0,3.0,4.0
2016,2015677,50064,52723,2,2,1,True,2.0,3.0,4.0,50.2,441.0,367.0,82.0,36.0,106.22,14.0,2.0,4.0,5.0
2016,2015678,52914,57477,4,0,3,True,4.0,5.0,5.0,59.599999999999994,607.0,546.0,47.0,68.0,,15.0,1.0,1.0,4.0
2016,2015678,57477,52914,0,4,0,True,0.0,1.0,4.0,40.400000000000006,362.0,305.0,21.0,16.0,,16.0,1.0,5.0,5.0
2016,2015679,52268,52826,2,3,0,True,2.0,3.0,9.0,61.8,587.0,529.0,53.0,62.0,110.24,15.0,3.0,6.0,2.0
2016,2015679,52826,52268,3,2,3,True,3.0,6.0,2.0,38.2,299.0,254.0,50.0,14.0,110.45,18.0,1.0,3.0,9.0
2016,2015680,4608,5312,1,1,1,True,1.0,5.0,3.0,46.9,359.0,299.0,72.0,37.0,101.37,12.0,4.0,5.0,9.0
2016,2015680,5312,4608,1,1,1,True,1.0,5.0,9.0,53.1,456.0,398.0,71.0,56.0,106.18,20.0,5.0,5.0,3.0
2016,2015681,50080,50109,2,1,3,True,2.0,8.0,6.0,65.10000000000001,692.0,585.0,72.0,50.0,108.58,10.0,2.0,3.0,5.0
2016,2015681,50109,50080,1,2,0,True,1.0,3.0,5.0,34.9,266.0,181.0,47.0,23.0,115.76,22.0,6.0,8.0,6.0
2016,2015682,66168,50137,3,2,3,True,3.0,7.0,3.0,42.5,351.0,271.0,67.0,27.0,121.9,16.0,6.0,8.0,7.0
2016,2015682,50137,66168,2,3,0,True,2.0,8.0,7.0,57.49999999999999,615.0,536.0,65.0,61.0,114.51,8.0,4.0,7.0,3.0
2016,2015683,50037,50164,5,0,3,True,5.0,11.0,10.0,70.7,776.0,719.0,81.0,92.0,113.97,5.0,2.0,2.0,3.0
2016,2015683,50164,50037,0,5,0,True,0.0,2.0,3.0,29.299999999999997,229.0,179.0,46.0,15.0,113.12,9.0,5.0,11.0,10.0
2016,2015684,52280,2610,2,3,0,True,2.0,9.0,5.0,62.9,641.0,568.0,63.0,74.0,104.43,11.0,2.0,4.0,2.0
2016,2015684,2610,52280,3,2,3,True,3.0,4.0,2.0,37.1,262.0,197.0,55.0,21.0,111.64,10.0,7.0,9.0,5.0
2016,2015685,57477,52723,0,2,0,True,0.0,1.0,4.0,45.300000000000004,437.0,366.0,59.0,35.0,103.55,15.0,5.0,7.0,4.0
2016,2015685,52723,57477,2,0,3,True,2.0,7.0,4.0,54.7,523.0,455.0,80.0,30.0,110.18,17.0,1.0,1.0,4.0
2016,2015686,50064,52914,2,1,3,True,2.0,6.0,8.0,43.4,357.0,288.0,55.0,31.0,106.17,14.0,2.0,3.0,4.0
2016,2015686,52914,50064,1,2,0,True,1.0,3.0,4.0,56.599999999999994,487.0,390.0,76.0,37.0,102.92,13.0,4.0,6.0,8.0
2016,2015687,5312,52268,0,1,0,True,0.0,4.0,8.0,56.3,570.0,498.0,80.0,67.0,106.84,13.0,1.0,2.0,3.0
2016,2015687,52268,5312,1,0,3,True,1.0,2.0,3.0,43.7,407.0,333.0,58.0,31.0,108.83,13.0,4.0,4.0,8.0
2016,2015688,52826,4608,2,1,3,True,2.0,4.0,5.0,40.6,341.0,287.0,56.0,35.0,113.07,16.0,0.0,1.0,3.0
2016,2015688,4608,52826,1,2,0,True,1.0,1.0,3.0,59.4,596.0,517.0,85.0,38.0,110.77,17.0,2.0,4.0,5.0
2016,2015693,2600605,50067,2,2,1,True,2.0,8.0,5.0,50.3,506.0,406.0,77.0,40.0,111.954,10.0,6.0,7.0,3.0
2016,2015693,50067,2600605,2,2,1,True,2.0,7.0,3.0,49.7,494.0,391.0,70.0,39.0,108.277,5.0,8.0,8.0,5.0
2016,2015689,52707,52747,0,3,0,True,0.0,3.0,8.0,50.8,529.0,456.0,75.0,50.0,110.357,13.0,2.0,4.0,2.0
2016,2015689,52747,52707,3,0,3,True,3.0,4.0,2.0,49.2,591.0,531.0,53.0,32.0,106.746,17.0,3.0,3.0,8.0
2016,2015690,50152,50051,0,2,0,True,0.0,4.0,1.0,31.0,249.0,181.0,61.0,23.0,106.112,16.0,5.0,7.0,9.0
2016,2015690,50051,50152,2,0,3,True,2.0,7.0,9.0,69.0,838.0,769.0,85.0,73.0,106.461,13.0,4.0,4.0,1.0
2016,2015691,52682,64332,2,1,3,True,2.0,6.0,3.0,54.400000000000006,436.0,373.0,73.0,53.0,107.43,16.0,1.0,2.0,3.0
2016,2015691,64332,52682,1,2,0,True,1.0,2.0,3.0,45.6,385.0,317.0,65.0,28.0,107.35,13.0,4.0,6.0,3.0
2016,2015692,54266,50062,3,2,3,True,3.0,5.0,5.0,38.800000000000004,366.0,279.0,54.0,35.0,111.059,9.0,6.0,8.0,3.0
2016,2015692,50062,54266,2,3,0,True,2.0,8.0,3.0,61.199999999999996,625.0,533.0,72.0,57.0,107.876,11.0,2.0,5.0,5.0
2016,2015694,50124,50147,1,2,0,True,1.0,7.0,10.0,55.2,475.0,409.0,58.0,63.0,109.07,14.0,0.0,2.0,2.0
2016,2015694,50147,50124,2,1,3,True,2.0,2.0,2.0,44.800000000000004,352.0,288.0,62.0,14.0,104.849,13.0,6.0,7.0,10.0
2016,2015695,52757,52919,1,2,0,True,1.0,6.0,3.0,38.9,371.0,292.0,41.0,23.0,119.616,15.0,3.0,5.0,11.0
2016,2015695,52919,52757,2,1,3,True,2.0,5.0,11.0,61.1,640.0,546.0,75.0,73.0,111.214,7.0,5.0,6.0,3.0
2016,2015696,50139,52714,2,0,3,True,2.0,6.0,11.0,53.2,572.0,529.0,73.0,54.0,113.922,11.0,1.0,1.0,0.0
2016,2015696,52714,50139,0,2,0,True,0.0,1.0,0.0,46.800000000000004,466.0,410.0,70.0,26.0,115.594,13.0,4.0,6.0,11.0
2016,2015697,66168,50080,0,2,0,True,0.0,1.0,1.0,31.5,270.0,191.0,50.0,15.0,115.8,20.0,4.0,6.0,11.0
2016,2015697,50080,66168,2,0,3,True,2.0,6.0,11.0,68.5,787.0,700.0,95.0,53.0,109.195,6.0,1.0,1.0,1.0
2016,2015698,50109,50137,4,4,1,True,4.0,9.0,4.0,51.4,459.0,386.0,37.0,39.0,106.992,17.0,6.0,9.0,4.0
2016,2015698,50137,50109,4,4,1,True,4.0,9.0,4.0,48.6,426.0,348.0,60.0,38.0,105.195,13.0,5.0,9.0,4.0
2016,2015699,52280,50037,2,0,3,True,2.0,8.0,3.0,31.1,289.0,204.0,63.0,25.0,110.839,8.0,8.0,8.0,6.0
2016,2015699,50037,52280,0,2,0,True,0.0,8.0,6.0,68.89999999999999,797.0,708.0,66.0,73.0,110.097,7.0,6.0,8.0,3.0
2016,2015700,50164,2610,0,1,0,True,0.0,2.0,5.0,56.3,470.0,379.0,81.0,49.0,110.418,13.0,4.0,5.0,7.0
2016,2015700,2610,50164,1,0,3,True,1.0,5.0,7.0,43.7,336.0,264.0,48.0,44.0,108.361,11.0,2.0,2.0,5.0
2016,2015701,50064,57477,2,0,3,True,2.0,5.0,5.0,58.699999999999996,602.0,554.0,66.0,62.0,105.455,9.0,1.0,1.0,8.0
2016,2015701,57477,50064,0,2,0,True,0.0,1.0,8.0,41.3,347.0,284.0,60.0,30.0,102.529,7.0,3.0,5.0,5.0
2016,2015702,52723,52914,0,0,1,True,0.0,5.0,3.0,56.49999999999999,463.0,402.0,57.0,36.0,109.15,19.0,5.0,5.0,5.0
2016,2015702,52914,52723,0,0,1,True,0.0,5.0,5.0,43.5,350.0,278.0,52.0,30.0,104.362,15.0,5.0,5.0,3.0
2016,2015703,52826,5312,3,1,3,True,3.0,6.0,3.0,43.7,362.0,305.0,57.0,25.0,111.708,14.0,2.0,3.0,7.0
2016,2015703,5312,52826,1,3,0,True,1.0,3.0,7.0,56.3,590.0,522.0,54.0,55.0,112.136,17.0,3.0,6.0,3.0
2016,2015704,52268,4608,2,1,3,True,2.0,7.0,9.0,46.300000000000004,377.0,304.0,63.0,43.0,110.974,16.0,3.0,4.0,3.0
2016,2015704,4608,52268,1,2,0,True,1.0,4.0,3.0,53.7,462.0,383.0,80.0,51.0,111.756,24.0,6.0,7.0,9.0
2016,2015705,50152,52707,1,0,3,True,1.0,6.0,7.0,31.7,258.0,173.0,46.0,22.0,108.246,11.0,1.0,1.0,7.0
2016,2015705,52707,50152,0,1,0,True,0.0,1.0,7.0,68.30000000000001,617.0,532.0,64.0,64.0,108.98,11.0,5.0,6.0,7.0
2016,2015706,52747,50051,0,0,1,True,0.0,2.0,4.0,58.099999999999994,712.0,643.0,56.0,47.0,103.032,13.0,4.0,4.0,5.0
2016,2015706,50051,52747,0,0,1,True,0.0,4.0,5.0,41.9,484.0,411.0,53.0,42.0,107.121,10.0,2.0,2.0,4.0
2016,2015707,54266,52682,1,1,1,True,1.0,4.0,1.0,32.5,341.0,260.0,48.0,23.0,116.565,9.0,3.0,4.0,3.0
2016,2015707,52682,54266,1,1,1,True,1.0,4.0,3.0,67.5,852.0,756.0,82.0,54.0,113.826,11.0,3.0,4.0,1.0
2016,2015708,64332,50062,2,0,3,True,2.0,8.0,7.0,46.2,467.0,406.0,64.0,35.0,110.972,9.0,2.0,2.0,5.0
2016,2015708,50062,64332,0,2,0,True,0.0,2.0,5.0,53.800000000000004,532.0,468.0,79.0,35.0,107.507,4.0,6.0,8.0,7.0
2016,2015709,50124,2600605,4,0,3,True,4.0,11.0,8.0,60.9,677.0,601.0,61.0,57.0,111.2,7.0,3.0,3.0,6.0
2016,2015709,2600605,50124,0,4,0,True,0.0,3.0,6.0,39.1,321.0,258.0,42.0,30.0,108.77,19.0,8.0,11.0,8.0
2016,2015710,50067,50147,2,1,3,True,2.0,7.0,7.0,45.1,409.0,325.0,65.0,37.0,104.484,16.0,4.0,5.0,6.0
2016,2015710,50147,50067,1,2,0,True,1.0,5.0,6.0,54.900000000000006,549.0,452.0,61.0,48.0,104.987,13.0,5.0,7.0,7.0
2016,2015711,50139,52757,0,0,1,True,0.0,2.0,9.0,55.00000000000001,507.0,450.0,63.0,55.0,116.103,11.0,0.0,0.0,3.0
2016,2015711,52757,50139,0,0,1,True,0.0,0.0,3.0,45.0,448.0,372.0,66.0,23.0,115.991,18.0,2.0,2.0,9.0
2016,2015712,52919,52714,2,1,3,True,2.0,6.0,5.0,42.8,364.0,306.0,51.0,49.0,108.845,14.0,1.0,2.0,6.0
2016,2015712,52714,52919,1,2,0,True,1.0,2.0,6.0,57.199999999999996,469.0,397.0,74.0,41.0,113.184,4.0,5.0,6.0,5.0
2016,2015717,2600605,50124,0,0,1,True,0.0,3.0,5.0,42.1,284.0,199.0,61.0,28.0,108.3,12.0,3.0,3.0,8.0
2016,2015717,50124,2600605,0,0,1,True,0.0,3.0,8.0,57.9,528.0,436.0,62.0,47.0,108.47,10.0,3.0,3.0,5.0
2016,2015713,52707,50152,4,0,3,True,4.0,14.0,6.0,62.2,546.0,477.0,55.0,67.0,108.746,15.0,2.0,2.0,4.0
2016,2015713,50152,52707,0,4,0,True,0.0,2.0,4.0,37.8,309.0,234.0,50.0,26.0,104.03,15.0,10.0,14.0,6.0
2016,2015714,50051,52747,1,0,3,True,1.0,9.0,2.0,41.3,485.0,426.0,53.0,27.0,107.144,15.0,3.0,3.0,10.0
2016,2015714,52747,50051,0,1,0,True,0.0,3.0,10.0,58.699999999999996,718.0,661.0,70.0,59.0,104.138,14.0,8.0,9.0,2.0
2016,2015715,52682,54266,1,0,3,True,1.0,5.0,8.0,67.30000000000001,631.0,552.0,99.0,62.0,114.207,13.0,2.0,2.0,2.0
2016,2015715,54266,52682,0,1,0,True,0.0,2.0,2.0,32.7,291.0,202.0,49.0,15.0,114.333,11.0,4.0,5.0,8.0
2016,2015716,50062,64332,2,0,3,True,2.0,5.0,3.0,47.199999999999996,388.0,320.0,89.0,23.0,105.498,21.0,3.0,2.0,5.0
2016,2015716,64332,50062,0,2,0,True,0.0,2.0,5.0,52.800000000000004,488.0,412.0,81.0,25.0,105.672,9.0,3.0,5.0,3.0
2016,2015718,50147,50067,2,1,3,True,2.0,8.0,7.0,49.3,424.0,335.0,47.0,51.0,102.406,17.0,2.0,3.0,4.0
2016,2015718,50067,50147,1,2,0,True,1.0,3.0,4.0,50.7,455.0,373.0,76.0,34.0,100.115,15.0,6.0,8.0,7.0
2016,2015719,52757,50139,1,1,1,True,1.0,7.0,8.0,65.60000000000001,651.0,590.0,93.0,70.0,116.403,9.0,2.0,3.0,8.0
2016,2015719,50139,52757,1,1,1,True,1.0,3.0,8.0,34.4,243.0,203.0,52.0,32.0,113.712,10.0,6.0,7.0,8.0
2016,2015720,52714,52919,1,3,0,True,1.0,2.0,6.0,56.00000000000001,520.0,450.0,54.0,67.0,113.301,10.0,8.0,11.0,6.0
2016,2015720,52919,52714,3,1,3,True,3.0,11.0,6.0,44.0,393.0,354.0,60.0,36.0,108.272,11.0,1.0,2.0,6.0
2016,2015721,50080,66168,3,0,3,True,3.0,7.0,11.0,69.0,813.0,721.0,59.0,69.0,106.748,10.0,3.0,3.0,0.0
2016,2015721,66168,50080,0,3,0,True,0.0,3.0,0.0,31.0,264.0,171.0,55.0,18.0,115.309,10.0,4.0,7.0,11.0
2016,2015722,50137,50109,3,2,3,True,3.0,6.0,4.0,45.1,292.0,220.0,63.0,37.0,100.767,12.0,2.0,4.0,0.0
2016,2015722,50109,50137,2,3,0,True,2.0,4.0,0.0,54.900000000000006,357.0,279.0,38.0,38.0,101.662,12.0,3.0,6.0,4.0
2016,2015723,50037,52280,5,1,3,True,5.0,13.0,4.0,66.2,765.0,713.0,63.0,86.0,110.842,8.0,1.0,2.0,3.0
2016,2015723,52280,50037,1,5,0,True,1.0,2.0,3.0,33.800000000000004,329.0,271.0,43.0,29.0,109.594,8.0,8.0,13.0,4.0
2016,2015724,2610,50164,2,1,3,True,2.0,5.0,10.0,56.599999999999994,434.0,356.0,77.0,60.0,105.482,9.0,1.0,2.0,0.0
2016,2015724,50164,2610,1,2,0,True,1.0,2.0,0.0,43.4,317.0,241.0,64.0,22.0,106.012,17.0,3.0,5.0,10.0
2016,2015725,57477,50064,1,3,0,True,1.0,5.0,4.0,48.1,412.0,358.0,41.0,18.0,98.68,13.0,5.0,8.0,6.0
2016,2015725,50064,57477,3,1,3,True,3.0,8.0,6.0,51.9,462.0,390.0,51.0,49.0,102.357,11.0,4.0,5.0,4.0
2016,2015726,52914,52723,2,1,3,True,2.0,5.0,5.0,51.7,435.0,366.0,46.0,50.0,102.606,14.0,1.0,2.0,4.0
2016,2015726,52723,52914,1,2,0,True,1.0,2.0,4.0,48.3,369.0,304.0,56.0,28.0,107.781,19.0,4.0,5.0,5.0
2016,2015727,5312,52826,0,2,0,True,0.0,7.0,10.0,62.1,530.0,462.0,88.0,66.0,102.886,18.0,3.0,5.0,2.0
2016,2015727,52826,5312,2,0,3,True,2.0,5.0,2.0,37.9,295.0,230.0,60.0,20.0,105.475,14.0,6.0,7.0,10.0
2016,2015728,4608,52268,1,0,3,True,1.0,6.0,5.0,51.300000000000004,427.0,366.0,67.0,37.0,108.672,17.0,1.0,1.0,3.0
2016,2015728,52268,4608,0,1,0,True,0.0,1.0,3.0,48.699999999999996,418.0,340.0,59.0,31.0,105.272,14.0,5.0,6.0,5.0
2016,2015729,66168,50109,1,1,1,True,1.0,1.0,3.0,36.9,263.0,180.0,53.0,14.0,112.436,11.0,6.0,7.0,8.0
2016,2015729,50109,66168,1,1,1,True,1.0,7.0,8.0,63.1,606.0,513.0,50.0,63.0,110.018,16.0,0.0,1.0,3.0
2016,2015735,52826,52268,2,0,3,True,2.0,7.0,7.0,47.5,424.0,365.0,60.0,36.0,108.942,20.0,4.0,4.0,3.0
2016,2015735,52268,52826,0,2,0,True,0.0,4.0,3.0,52.5,496.0,417.0,46.0,37.0,105.451,14.0,6.0,7.0,7.0
2016,2015730,50080,50137,6,1,3,True,6.0,12.0,3.0,65.7,770.0,703.0,57.0,46.0,104.549,13.0,4.0,4.0,2.0
2016,2015730,50137,50080,1,6,0,True,1.0,4.0,2.0,34.300000000000004,311.0,260.0,50.0,17.0,102.733,12.0,6.0,12.0,3.0
2016,2015731,52280,50164,3,0,3,True,3.0,7.0,5.0,52.7,573.0,515.0,40.0,59.0,111.536,5.0,3.0,1.0,4.0
2016,2015731,50164,52280,0,3,0,True,0.0,1.0,4.0,47.3,529.0,466.0,48.0,39.0,112.23,9.0,4.0,7.0,5.0
2016,2015732,50037,2610,4,0,3,True,4.0,9.0,6.0,64.8,729.0,667.0,82.0,47.0,,5.0,0.0,0.0,6.0
2016,2015732,2610,50037,0,4,0,True,0.0,0.0,6.0,35.199999999999996,316.0,258.0,47.0,26.0,,9.0,5.0,9.0,6.0
2016,2015733,50064,52723,0,2,0,True,0.0,3.0,6.0,56.10000000000001,569.0,473.0,75.0,45.0,111.422,17.0,4.0,6.0,9.0
2016,2015733,52723,50064,2,0,3,True,2.0,6.0,9.0,43.9,348.0,275.0,60.0,29.0,115.559,23.0,3.0,3.0,6.0
2016,2015734,57477,52914,0,4,0,True,0.0,2.0,4.0,40.699999999999996,335.0,269.0,42.0,19.0,94.903,13.0,6.0,10.0,8.0
2016,2015734,52914,57477,4,0,3,True,4.0,10.0,8.0,59.3,581.0,526.0,64.0,59.0,100.465,11.0,2.0,2.0,4.0
2016,2015736,5312,4608,1,2,0,True,1.0,7.0,6.0,47.8,448.0,382.0,60.0,56.0,110.318,15.0,3.0,5.0,2.0
2016,2015736,4608,5312,2,1,3,True,2.0,5.0,2.0,52.2,414.0,358.0,75.0,28.0,113.775,18.0,6.0,7.0,6.0
2016,2015742,2600605,50147,2,2,1,True,2.0,5.0,4.0,41.199999999999996,301.0,223.0,79.0,28.0,111.359,13.0,6.0,8.0,6.0
2016,2015742,50147,2600605,2,2,1,True,2.0,8.0,6.0,58.8,491.0,416.0,75.0,42.0,106.858,13.0,4.0,5.0,4.0
2016,2015739,54266,64332,0,2,0,True,0.0,2.0,5.0,46.300000000000004,489.0,391.0,64.0,36.0,111.626,9.0,3.0,4.0,5.0
2016,2015739,64332,54266,2,0,3,True,2.0,4.0,5.0,53.7,546.0,464.0,70.0,37.0,113.723,6.0,2.0,2.0,5.0
2016,2015737,50152,52747,0,5,0,True,0.0,3.0,3.0,37.9,389.0,309.0,55.0,31.0,103.443,9.0,2.0,7.0,5.0
2016,2015737,52747,50152,5,0,3,True,5.0,7.0,5.0,62.1,788.0,715.0,83.0,41.0,102.728,6.0,3.0,3.0,3.0
2016,2015738,52707,50051,3,4,0,True,3.0,3.0,4.0,44.1,461.0,400.0,65.0,43.0,109.563,10.0,4.0,8.0,5.0
2016,2015738,50051,52707,4,3,3,True,4.0,8.0,5.0,55.900000000000006,697.0,641.0,70.0,49.0,108.015,14.0,0.0,3.0,4.0
2016,2015740,52682,50062,0,0,1,True,0.0,7.0,3.0,58.199999999999996,562.0,485.0,76.0,46.0,111.013,13.0,4.0,4.0,3.0
2016,2015740,50062,52682,0,0,1,True,0.0,4.0,3.0,41.8,345.0,278.0,61.0,32.0,109.096,13.0,7.0,7.0,3.0
2016,2015741,50124,50067,2,0,3,True,2.0,11.0,9.0,58.699999999999996,711.0,602.0,66.0,75.0,114.734,7.0,1.0,1.0,2.0
2016,2015741,50067,50124,0,2,0,True,0.0,1.0,2.0,41.3,386.0,288.0,61.0,19.0,106.73,10.0,9.0,11.0,9.0
2016,2015743,50139,52919,1,0,3,True,1.0,5.0,5.0,43.7,418.0,357.0,52.0,34.0,115.974,11.0,2.0,2.0,7.0
2016,2015743,52919,50139,0,1,0,True,0.0,2.0,7.0,56.3,610.0,533.0,88.0,48.0,110.15,12.0,4.0,5.0,5.0
2016,2015744,52757,52714,4,2,3,True,4.0,13.0,8.0,47.4,502.0,405.0,57.0,37.0,118.668,10.0,4.0,6.0,6.0
2016,2015744,52714,52757,2,4,0,True,2.0,6.0,6.0,52.6,550.0,435.0,79.0,50.0,117.922,2.0,9.0,13.0,8.0
2016,2015745,52747,52707,2,0,3,True,2.0,6.0,8.0,53.6,670.0,604.0,48.0,47.0,112.448,10.0,3.0,3.0,5.0
2016,2015745,52707,52747,0,2,0,True,0.0,3.0,5.0,46.400000000000006,540.0,471.0,67.0,39.0,117.276,9.0,4.0,6.0,8.0
2016,2015746,50051,50152,8,0,3,True,8.0,15.0,9.0,58.099999999999994,655.0,609.0,69.0,71.0,104.494,5.0,1.0,1.0,2.0
2016,2015746,50152,50051,0,8,0,True,0.0,1.0,2.0,41.9,478.0,422.0,50.0,25.0,100.538,6.0,7.0,15.0,9.0
2016,2015747,64332,52682,3,2,3,True,3.0,6.0,3.0,47.9,382.0,317.0,61.0,27.0,110.084,8.0,6.0,7.0,3.0
2016,2015747,52682,64332,2,3,0,True,2.0,7.0,3.0,52.1,443.0,380.0,54.0,35.0,109.498,13.0,4.0,6.0,3.0
2016,2015748,50062,54266,2,1,3,True,2.0,3.0,3.0,55.00000000000001,452.0,385.0,64.0,44.0,103.771,18.0,1.0,2.0,3.0
2016,2015748,54266,50062,1,2,0,True,1.0,2.0,3.0,45.0,412.0,338.0,59.0,28.0,101.144,7.0,1.0,3.0,3.0
2016,2015749,50067,2600605,1,1,1,True,1.0,8.0,9.0,54.6,526.0,464.0,46.0,54.0,100.391,9.0,4.0,5.0,10.0
2016,2015749,2600605,50067,1,1,1,True,1.0,5.0,10.0,45.4,351.0,304.0,62.0,39.0,107.048,9.0,7.0,8.0,9.0
2016,2015750,50147,50124,1,2,0,True,1.0,3.0,5.0,57.9,688.0,592.0,50.0,40.0,107.019,9.0,3.0,5.0,1.0
2016,2015750,50124,50147,2,1,3,True,2.0,5.0,1.0,42.1,502.0,419.0,46.0,27.0,117.018,17.0,2.0,3.0,5.0
2016,2015751,52919,52757,4,2,3,True,4.0,9.0,7.0,50.5,530.0,450.0,56.0,74.0,113.151,8.0,2.0,4.0,4.0
2016,2015751,52757,52919,2,4,0,True,2.0,4.0,4.0,49.5,549.0,476.0,60.0,24.0,116.675,12.0,5.0,9.0,7.0
2016,2015752,52714,50139,1,0,3,True,1.0,6.0,6.0,50.3,399.0,355.0,55.0,42.0,117.634,12.0,8.0,8.0,8.0
2016,2015752,50139,52714,0,1,0,True,0.0,8.0,8.0,49.7,485.0,433.0,58.0,40.0,117.618,15.0,5.0,6.0,6.0
2016,2015753,50109,50080,1,1,1,True,1.0,10.0,7.0,50.5,508.0,421.0,55.0,65.0,116.308,10.0,1.0,2.0,2.0
2016,2015753,50080,50109,1,1,1,True,1.0,2.0,2.0,49.5,544.0,451.0,58.0,23.0,110.238,13.0,9.0,10.0,7.0
2016,2015754,50137,66168,0,0,1,True,0.0,8.0,10.0,50.3,410.0,339.0,53.0,58.0,111.283,12.0,2.0,2.0,4.0
2016,2015754,66168,50137,0,0,1,True,0.0,2.0,4.0,49.7,357.0,287.0,58.0,28.0,113.381,14.0,8.0,8.0,10.0
2016,2015755,50164,50037,0,2,0,True,0.0,5.0,5.0,31.8,311.0,243.0,51.0,26.0,111.119,10.0,10.0,12.0,9.0
2016,2015755,50037,50164,2,0,3,True,2.0,12.0,9.0,68.2,805.0,745.0,64.0,74.0,113.067,12.0,5.0,5.0,5.0
2016,2015756,2610,52280,0,3,0,True,0.0,5.0,7.0,50.2,407.0,338.0,68.0,46.0,105.7,12.0,2.0,5.0,3.0
2016,2015756,52280,2610,3,0,3,True,3.0,5.0,3.0,49.8,415.0,338.0,61.0,31.0,108.477,15.0,6.0,5.0,7.0
2016,2015757,52723,57477,1,0,3,True,1.0,5.0,5.0,57.599999999999994,529.0,458.0,56.0,44.0,107.43,10.0,2.0,2.0,4.0
2016,2015757,57477,52723,0,1,0,True,0.0,2.0,4.0,42.4,416.0,344.0,49.0,14.0,104.059,16.0,5.0,5.0,5.0
2016,2015758,52914,50064,2,0,3,True,2.0,6.0,3.0,40.5,299.0,248.0,49.0,42.0,104.028,15.0,4.0,4.0,3.0
2016,2015758,50064,52914,0,2,0,True,0.0,4.0,3.0,59.5,540.0,495.0,58.0,41.0,106.272,22.0,5.0,6.0,3.0
2016,2015759,52268,5312,0,2,0,True,0.0,4.0,7.0,53.800000000000004,500.0,433.0,50.0,49.0,108.686,16.0,4.0,6.0,4.0
2016,2015759,5312,52268,2,0,3,True,2.0,6.0,4.0,46.2,412.0,342.0,66.0,35.0,108.386,15.0,5.0,4.0,7.0
2016,2015760,4608,52826,2,1,3,True,2.0,9.0,1.0,50.0,473.0,382.0,52.0,29.0,110.387,12.0,2.0,3.0,4.0
2016,2015760,52826,4608,1,2,0,True,1.0,3.0,4.0,50.0,467.0,382.0,72.0,38.0,112.858,16.0,7.0,9.0,1.0
2017,2019282,52747,52280,1,1,1,True,1.0,5.0,4.0,55.60000000000001,581.0,519.0,59.0,40.0,106.031,10.0,2.0,3.0,3.0
2017,2019282,52280,52747,1,1,1,True,1.0,3.0,3.0,44.4,504.0,441.0,50.0,44.0,107.238,12.0,4.0,5.0,4.0
2017,2019283,59856,2603104,1,1,1,True,1.0,5.0,4.0,56.699999999999996,560.0,498.0,49.0,37.0,107.544,26.0,1.0,2.0,1.0
2017,2019283,2603104,59856,1,1,1,True,1.0,2.0,1.0,43.3,432.0,386.0,41.0,13.0,105.799,17.0,4.0,5.0,4.0
2017,2019284,52723,50136,1,2,0,True,1.0,2.0,4.0,54.0,551.0,492.0,83.0,35.0,109.054,13.0,1.0,2.0,3.0
2017,2019284,50136,52723,2,1,3,True,2.0,2.0,3.0,46.0,580.0,529.0,52.0,29.0,115.257,17.0,1.0,2.0,4.0
2017,2019285,50147,50157,1,1,1,True,1.0,6.0,4.0,47.3,416.0,334.0,58.0,36.0,110.3,17.0,4.0,5.0,4.0
2017,2019285,50157,50147,1,1,1,True,1.0,5.0,4.0,52.7,470.0,384.0,76.0,33.0,106.082,11.0,5.0,6.0,4.0
2017,2019286,50080,50050,7,0,3,True,7.0,9.0,3.0,67.2,852.0,772.0,62.0,61.0,104.124,8.0,2.0,2.0,1.0
2017,2019286,50050,50080,0,7,0,True,0.0,2.0,1.0,32.800000000000004,324.0,272.0,47.0,11.0,102.494,3.0,2.0,9.0,3.0
2017,2019288,50037,64500,5,0,3,True,5.0,8.0,7.0,72.2,797.0,721.0,86.0,81.0,106.274,13.0,2.0,2.0,2.0
2017,2019288,64500,50037,0,5,0,True,0.0,2.0,2.0,27.800000000000004,247.0,179.0,55.0,15.0,111.908,12.0,3.0,8.0,7.0
2017,2019289,50062,50124,0,1,0,True,0.0,4.0,6.0,49.8,514.0,453.0,60.0,53.0,109.351,6.0,2.0,3.0,10.0
2017,2019289,50124,50062,1,0,3,True,1.0,3.0,10.0,50.2,603.0,537.0,54.0,42.0,113.723,10.0,4.0,4.0,6.0
2017,2019287,52919,52757,4,0,3,True,4.0,11.0,8.0,57.8,561.0,506.0,69.0,47.0,115.849,8.0,2.0,1.0,0.0
2017,2019287,52757,52919,0,4,0,True,0.0,1.0,0.0,42.199999999999996,415.0,348.0,58.0,22.0,114.565,14.0,8.0,11.0,8.0
2017,2019290,50109,54266,2,2,1,True,2.0,9.0,6.0,62.1,679.0,566.0,67.0,56.0,113.267,5.0,3.0,4.0,3.0
2017,2019290,54266,50109,2,2,1,True,2.0,4.0,3.0,37.9,336.0,244.0,61.0,25.0,110.599,11.0,7.0,9.0,6.0
2017,2019291,1652,50023,1,2,0,True,1.0,5.0,2.0,57.699999999999996,582.0,502.0,79.0,59.0,115.071,11.0,0.0,2.0,3.0
2017,2019291,50023,1652,2,1,3,True,2.0,2.0,3.0,42.3,336.0,270.0,64.0,35.0,108.384,4.0,4.0,5.0,2.0
2017,2019292,50051,50149,2,1,3,True,2.0,5.0,7.0,58.8,628.0,563.0,89.0,47.0,108.018,9.0,3.0,4.0,3.0
2017,2019292,50149,50051,1,2,0,True,1.0,4.0,3.0,41.199999999999996,431.0,351.0,54.0,32.0,113.232,14.0,3.0,5.0,7.0
2017,2019293,50146,52758,0,6,0,True,0.0,2.0,2.0,35.9,284.0,221.0,42.0,34.0,105.017,12.0,9.0,15.0,7.0
2017,2019293,52758,50146,6,0,3,True,6.0,15.0,7.0,64.1,627.0,580.0,59.0,56.0,108.906,9.0,2.0,2.0,2.0
2017,2019294,50043,53577,0,3,0,True,0.0,2.0,6.0,59.4,585.0,507.0,89.0,38.0,107.336,7.0,4.0,7.0,3.0
2017,2019294,53577,50043,3,0,3,True,3.0,7.0,3.0,40.6,348.0,275.0,55.0,31.0,108.151,10.0,2.0,2.0,6.0
2017,2019295,50064,52709,1,1,1,True,1.0,2.0,4.0,56.10000000000001,596.0,523.0,69.0,64.0,109.946,5.0,1.0,2.0,3.0
2017,2019295,52709,50064,1,1,1,True,1.0,2.0,3.0,43.9,470.0,402.0,66.0,21.0,110.43,11.0,1.0,2.0,4.0
2017,2019296,5312,50164,3,0,3,True,3.0,10.0,10.0,54.900000000000006,534.0,482.0,65.0,50.0,109.152,9.0,2.0,2.0,7.0
2017,2019296,50164,5312,0,3,0,True,0.0,2.0,7.0,45.1,391.0,341.0,58.0,37.0,107.133,7.0,7.0,10.0,10.0
2017,2019297,50139,52714,0,0,1,True,0.0,4.0,10.0,51.1,519.0,448.0,63.0,47.0,108.764,16.0,1.0,1.0,2.0
2017,2019297,52714,50139,0,0,1,True,0.0,1.0,2.0,48.9,417.0,343.0,77.0,18.0,111.304,22.0,4.0,4.0,10.0
2017,2019298,50023,50109,1,1,1,True,1.0,1.0,3.0,54.800000000000004,468.0,357.0,57.0,28.0,105.73,12.0,2.0,3.0,5.0
2017,2019298,50109,50023,1,1,1,True,1.0,3.0,5.0,45.2,397.0,294.0,58.0,41.0,112.33,15.0,0.0,1.0,3.0
2017,2019299,54266,1652,0,1,0,True,0.0,2.0,4.0,35.099999999999994,334.0,237.0,68.0,28.0,115.872,5.0,1.0,2.0,10.0
2017,2019299,1652,54266,1,0,3,True,1.0,2.0,10.0,64.9,698.0,611.0,66.0,75.0,118.872,6.0,2.0,2.0,4.0
2017,2019300,52758,50051,2,2,1,True,2.0,11.0,3.0,58.699999999999996,664.0,603.0,51.0,58.0,113.807,16.0,2.0,4.0,6.0
2017,2019300,50051,52758,2,2,1,True,2.0,4.0,6.0,41.3,436.0,377.0,81.0,35.0,105.645,11.0,9.0,11.0,3.0
2017,2019301,50149,50146,2,0,3,True,2.0,5.0,6.0,55.1,535.0,476.0,56.0,51.0,112.603,10.0,0.0,0.0,4.0
2017,2019301,50146,50149,0,2,0,True,0.0,0.0,4.0,44.9,408.0,336.0,67.0,30.0,111.584,16.0,3.0,5.0,6.0
2017,2019302,52709,50043,4,0,3,True,4.0,10.0,2.0,57.699999999999996,534.0,468.0,62.0,45.0,106.511,14.0,2.0,2.0,3.0
2017,2019302,50043,52709,0,4,0,True,0.0,2.0,3.0,42.3,347.0,282.0,68.0,20.0,102.455,14.0,7.0,10.0,2.0
2017,2019303,53577,50064,1,0,3,True,1.0,3.0,0.0,40.8,308.0,223.0,58.0,24.0,105.097,24.0,4.0,4.0,8.0
2017,2019303,50064,53577,0,1,0,True,0.0,4.0,8.0,59.199999999999996,494.0,409.0,75.0,29.0,106.2,16.0,2.0,3.0,0.0
2017,2019304,52714,5312,1,0,3,True,1.0,6.0,8.0,56.3,471.0,400.0,56.0,52.0,107.66,11.0,4.0,4.0,7.0
2017,2019304,5312,52714,0,1,0,True,0.0,4.0,7.0,43.7,307.0,262.0,42.0,40.0,106.56,24.0,5.0,6.0,8.0
2017,2019305,50164,50139,0,4,0,True,0.0,0.0,4.0,34.4,303.0,246.0,49.0,15.0,107.046,10.0,2.0,6.0,5.0
2017,2019305,50139,50164,4,0,3,True,4.0,6.0,5.0,65.60000000000001,810.0,744.0,74.0,60.0,107.847,13.0,0.0,0.0,4.0
2017,2019306,2603104,52747,1,3,0,True,1.0,4.0,3.0,41.199999999999996,445.0,386.0,51.0,31.0,107.653,9.0,4.0,7.0,8.0
2017,2019306,52747,2603104,3,1,3,True,3.0,7.0,8.0,58.8,779.0,725.0,52.0,44.0,107.186,14.0,3.0,4.0,3.0
2017,2019307,52280,59856,2,0,3,True,2.0,7.0,6.0,60.9,787.0,706.0,61.0,60.0,106.712,4.0,3.0,3.0,3.0
2017,2019307,59856,52280,0,2,0,True,0.0,3.0,3.0,39.1,411.0,343.0,57.0,27.0,110.386,12.0,5.0,7.0,6.0
2017,2019308,50157,52723,1,1,1,True,1.0,5.0,3.0,50.3,373.0,329.0,58.0,30.0,105.466,18.0,3.0,4.0,6.0
2017,2019308,52723,50157,1,1,1,True,1.0,4.0,6.0,49.7,358.0,300.0,42.0,30.0,109.503,19.0,4.0,5.0,3.0
2017,2019309,50136,50147,4,2,3,True,4.0,7.0,5.0,55.1,624.0,570.0,66.0,34.0,115.599,7.0,1.0,3.0,2.0
2017,2019309,50147,50136,2,4,0,True,2.0,3.0,2.0,44.9,505.0,446.0,63.0,27.0,110.934,19.0,3.0,7.0,5.0
2017,2019310,52757,50080,1,2,0,True,1.0,1.0,5.0,38.3,445.0,372.0,43.0,35.0,118.299,8.0,6.0,8.0,3.0
2017,2019310,50080,52757,2,1,3,True,2.0,8.0,3.0,61.7,683.0,615.0,71.0,53.0,112.177,10.0,0.0,1.0,5.0
2017,2019311,50050,52919,3,3,1,True,3.0,3.0,2.0,43.4,359.0,283.0,66.0,27.0,110.328,8.0,6.0,9.0,7.0
2017,2019311,52919,50050,3,3,1,True,3.0,9.0,7.0,56.599999999999994,567.0,485.0,69.0,59.0,110.353,8.0,1.0,3.0,2.0
2017,2019312,50124,50037,1,0,3,True,1.0,5.0,6.0,36.7,325.0,251.0,57.0,41.0,116.515,13.0,4.0,4.0,6.0
2017,2019312,50037,50124,0,1,0,True,0.0,4.0,6.0,63.3,692.0,612.0,95.0,54.0,108.043,17.0,4.0,5.0,6.0
2017,2019313,64500,50062,2,2,1,True,2.0,4.0,1.0,53.5,427.0,370.0,62.0,32.0,113.745,15.0,2.0,4.0,3.0
2017,2019313,50062,64500,2,2,1,True,2.0,4.0,3.0,46.5,344.0,290.0,52.0,32.0,108.298,12.0,2.0,4.0,1.0
2017,2019314,54266,50023,1,1,1,True,1.0,3.0,4.0,42.5,383.0,295.0,78.0,33.0,113.331,14.0,5.0,6.0,3.0
2017,2019314,50023,54266,1,1,1,True,1.0,6.0,3.0,57.49999999999999,562.0,445.0,60.0,66.0,112.408,14.0,2.0,3.0,4.0
2017,2019315,50109,1652,0,0,1,True,0.0,6.0,7.0,44.1,381.0,298.0,61.0,34.0,110.87,15.0,1.0,1.0,2.0
2017,2019315,1652,50109,0,0,1,True,0.0,1.0,2.0,55.900000000000006,493.0,405.0,67.0,32.0,112.528,20.0,6.0,6.0,7.0
2017,2019316,50149,52758,1,2,0,True,1.0,5.0,5.0,41.699999999999996,396.0,310.0,49.0,42.0,110.978,10.0,1.0,3.0,5.0
2017,2019316,52758,50149,2,1,3,True,2.0,3.0,5.0,58.3,537.0,451.0,58.0,40.0,112.191,12.0,4.0,5.0,5.0
2017,2019317,50051,50146,5,1,3,True,5.0,11.0,8.0,56.39999999999999,638.0,584.0,72.0,72.0,109.37,10.0,4.0,5.0,7.0
2017,2019317,50146,50051,1,5,0,True,1.0,5.0,7.0,43.6,407.0,349.0,54.0,46.0,113.677,8.0,7.0,11.0,8.0
2017,2019318,53577,52709,1,0,3,True,1.0,2.0,3.0,45.6,384.0,277.0,90.0,35.0,110.347,8.0,4.0,4.0,1.0
2017,2019318,52709,53577,0,1,0,True,0.0,4.0,1.0,54.400000000000006,525.0,437.0,81.0,45.0,112.731,9.0,2.0,2.0,3.0
2017,2019319,50043,50064,1,2,0,True,1.0,5.0,1.0,41.5,387.0,317.0,66.0,22.0,112.279,14.0,6.0,8.0,6.0
2017,2019319,50064,50043,2,1,3,True,2.0,8.0,6.0,58.5,556.0,475.0,64.0,47.0,110.784,9.0,4.0,5.0,1.0
2017,2019320,50164,52714,0,1,0,True,0.0,0.0,4.0,27.500000000000004,221.0,167.0,45.0,21.0,112.974,16.0,4.0,5.0,5.0
2017,2019320,52714,50164,1,0,3,True,1.0,5.0,5.0,72.5,846.0,771.0,67.0,68.0,115.037,13.0,0.0,0.0,4.0
2017,2019321,5312,50139,0,1,0,True,0.0,4.0,4.0,44.0,425.0,366.0,62.0,41.0,110.568,15.0,4.0,5.0,3.0
2017,2019321,50139,5312,1,0,3,True,1.0,5.0,3.0,56.00000000000001,557.0,492.0,64.0,38.0,108.392,7.0,4.0,4.0,4.0
2017,2019322,52280,2603104,6,0,3,True,6.0,12.0,2.0,42.6,474.0,406.0,43.0,47.0,107.961,12.0,3.0,3.0,6.0
2017,2019322,2603104,52280,0,6,0,True,0.0,3.0,6.0,57.4,622.0,563.0,40.0,41.0,106.676,5.0,6.0,12.0,2.0
2017,2019323,52747,59856,3,0,3,True,3.0,6.0,5.0,63.6,711.0,647.0,61.0,37.0,108.771,14.0,1.0,1.0,7.0
2017,2019323,59856,52747,0,3,0,True,0.0,1.0,7.0,36.4,355.0,290.0,62.0,23.0,111.119,18.0,3.0,6.0,5.0
2017,2019324,50136,50157,2,3,0,True,2.0,9.0,6.0,55.50000000000001,578.0,507.0,52.0,55.0,104.385,11.0,0.0,3.0,4.0
2017,2019324,50157,50136,3,2,3,True,3.0,3.0,4.0,44.5,351.0,287.0,77.0,20.0,99.256,16.0,7.0,9.0,6.0
2017,2019325,52723,50147,0,2,0,True,0.0,6.0,8.0,55.800000000000004,493.0,424.0,85.0,40.0,119.52,14.0,3.0,5.0,4.0
2017,2019325,50147,52723,2,0,3,True,2.0,5.0,4.0,44.2,419.0,343.0,73.0,33.0,119.256,15.0,6.0,6.0,8.0
2017,2019326,50050,52757,0,2,0,True,0.0,1.0,4.0,58.3,626.0,529.0,82.0,31.0,110.116,9.0,4.0,6.0,5.0
2017,2019326,52757,50050,2,0,3,True,2.0,6.0,5.0,41.699999999999996,512.0,419.0,57.0,42.0,113.242,7.0,1.0,1.0,4.0
2017,2019327,50080,52919,4,0,3,True,4.0,8.0,3.0,53.800000000000004,449.0,383.0,77.0,36.0,101.548,15.0,5.0,5.0,4.0
2017,2019327,52919,50080,0,4,0,True,0.0,5.0,4.0,46.2,405.0,334.0,44.0,32.0,103.323,17.0,4.0,8.0,3.0
2017,2019328,64500,50124,0,1,0,True,0.0,3.0,0.0,33.800000000000004,317.0,213.0,58.0,17.0,118.38,11.0,5.0,6.0,7.0
2017,2019328,50124,64500,1,0,3,True,1.0,6.0,7.0,66.2,712.0,610.0,104.0,58.0,117.417,6.0,3.0,3.0,0.0
2017,2019329,50037,50062,4,1,3,True,4.0,13.0,9.0,62.6,819.0,787.0,47.0,62.0,111.973,7.0,3.0,4.0,2.0
2017,2019329,50062,50037,1,4,0,True,1.0,4.0,2.0,37.4,385.0,348.0,23.0,15.0,110.599,5.0,9.0,13.0,9.0
2017,2019332,50157,50136,1,1,1,True,1.0,2.0,2.0,48.6,480.0,402.0,87.0,25.0,109.631,8.0,4.0,5.0,6.0
2017,2019332,50136,50157,1,1,1,True,1.0,5.0,6.0,51.4,626.0,547.0,54.0,36.0,116.372,20.0,1.0,2.0,2.0
2017,2019330,2603104,52280,2,3,0,True,2.0,4.0,1.0,45.5,450.0,389.0,60.0,27.0,106.496,10.0,1.0,4.0,5.0
2017,2019330,52280,2603104,3,2,3,True,3.0,4.0,5.0,54.50000000000001,598.0,526.0,67.0,43.0,107.538,23.0,2.0,4.0,1.0
2017,2019331,59856,52747,1,2,0,True,1.0,2.0,5.0,36.5,353.0,281.0,51.0,21.0,106.576,14.0,7.0,8.0,7.0
2017,2019331,52747,59856,2,1,3,True,2.0,8.0,7.0,63.5,716.0,658.0,54.0,42.0,104.899,8.0,1.0,2.0,5.0
2017,2019333,50147,52723,1,0,3,True,1.0,4.0,10.0,50.1,419.0,365.0,47.0,39.0,107.47,15.0,2.0,2.0,5.0
2017,2019333,52723,50147,0,1,0,True,0.0,2.0,5.0,49.9,394.0,332.0,72.0,37.0,110.143,15.0,3.0,4.0,10.0
2017,2019334,52757,50050,1,1,1,True,1.0,5.0,9.0,47.0,547.0,475.0,48.0,38.0,113.834,10.0,1.0,2.0,4.0
2017,2019334,50050,52757,1,1,1,True,1.0,2.0,4.0,53.0,611.0,546.0,78.0,28.0,115.38,11.0,4.0,5.0,9.0
2017,2019335,52919,50080,3,1,3,True,3.0,4.0,6.0,40.0,315.0,251.0,50.0,34.0,111.64,17.0,2.0,2.0,3.0
2017,2019335,50080,52919,1,3,0,True,1.0,2.0,3.0,60.0,591.0,521.0,79.0,40.0,105.997,16.0,1.0,4.0,6.0
2017,2019336,50124,64500,2,1,3,True,2.0,8.0,10.0,62.7,618.0,543.0,96.0,96.0,118.763,8.0,3.0,4.0,2.0
2017,2019336,64500,50124,1,2,0,True,1.0,4.0,2.0,37.3,292.0,197.0,74.0,11.0,121.043,11.0,6.0,8.0,10.0
2017,2019337,50062,50037,1,2,0,True,1.0,2.0,2.0,30.8,265.0,215.0,39.0,18.0,111.087,10.0,7.0,9.0,13.0
2017,2019337,50037,50062,2,1,3,True,2.0,9.0,13.0,69.19999999999999,777.0,728.0,78.0,74.0,109.987,8.0,1.0,2.0,2.0
2017,2019338,50023,54266,3,0,3,True,3.0,7.0,8.0,60.0,655.0,585.0,68.0,57.0,110.643,8.0,3.0,3.0,2.0
2017,2019338,54266,50023,0,3,0,True,0.0,3.0,2.0,40.0,404.0,314.0,71.0,30.0,114.236,13.0,5.0,7.0,8.0
2017,2019339,1652,50109,0,1,0,True,0.0,2.0,7.0,58.599999999999994,533.0,410.0,85.0,38.0,112.244,13.0,1.0,2.0,2.0
2017,2019339,50109,1652,1,0,3,True,1.0,2.0,2.0,41.4,368.0,244.0,64.0,37.0,114.688,11.0,2.0,2.0,7.0
2017,2019340,52758,50149,1,0,3,True,1.0,5.0,5.0,53.400000000000006,603.0,519.0,74.0,14.0,118.25,6.0,2.0,2.0,6.0
2017,2019340,50149,52758,0,1,0,True,0.0,2.0,6.0,46.6,518.0,444.0,59.0,29.0,117.195,18.0,4.0,5.0,5.0
2017,2019341,50146,50051,3,3,1,True,3.0,4.0,5.0,44.6,520.0,452.0,53.0,30.0,116.103,8.0,8.0,11.0,10.0
2017,2019341,50051,50146,3,3,1,True,3.0,11.0,10.0,55.400000000000006,690.0,622.0,78.0,61.0,110.313,16.0,1.0,4.0,5.0
2017,2019342,52709,53577,0,0,1,True,0.0,2.0,10.0,57.099999999999994,530.0,442.0,79.0,46.0,111.625,3.0,1.0,1.0,2.0
2017,2019342,53577,52709,0,0,1,True,0.0,1.0,2.0,42.9,407.0,306.0,81.0,32.0,108.802,17.0,3.0,2.0,10.0
2017,2019343,50064,50043,1,0,3,True,1.0,6.0,10.0,49.4,437.0,364.0,76.0,49.0,110.661,16.0,4.0,4.0,2.0
2017,2019343,50043,50064,0,1,0,True,0.0,4.0,2.0,50.6,459.0,405.0,78.0,33.0,106.962,17.0,5.0,6.0,10.0
2017,2019344,52714,50164,4,0,3,True,4.0,12.0,10.0,67.0,720.0,652.0,47.0,76.0,108.479,10.0,1.0,1.0,1.0
2017,2019344,50164,52714,0,4,0,True,0.0,1.0,1.0,33.0,268.0,203.0,52.0,16.0,103.246,12.0,8.0,12.0,10.0
2017,2019345,50139,5312,1,1,1,True,1.0,2.0,6.0,52.400000000000006,592.0,515.0,81.0,25.0,109.632,14.0,2.0,3.0,6.0
2017,2019345,5312,50139,1,1,1,True,1.0,3.0,6.0,47.599999999999994,457.0,388.0,65.0,44.0,110.787,20.0,1.0,2.0,6.0
2017,2019346,54266,50109,1,1,1,True,1.0,5.0,4.0,54.2,478.0,388.0,54.0,41.0,103.93,14.0,3.0,4.0,3.0
2017,2019346,50109,54266,1,1,1,True,1.0,4.0,3.0,45.800000000000004,365.0,288.0,53.0,33.0,105.968,12.0,4.0,5.0,4.0
2017,2019347,50023,1652,2,1,3,True,2.0,11.0,5.0,40.1,307.0,245.0,56.0,46.0,105.828,11.0,1.0,2.0,3.0
2017,2019347,1652,50023,1,2,0,True,1.0,2.0,3.0,59.9,559.0,480.0,78.0,32.0,111.029,14.0,9.0,11.0,5.0
2017,2019348,50149,50051,1,2,0,True,1.0,2.0,4.0,41.6,441.0,387.0,51.0,39.0,109.532,16.0,0.0,2.0,5.0
2017,2019348,50051,50149,2,1,3,True,2.0,2.0,5.0,58.4,643.0,587.0,66.0,41.0,108.12,9.0,1.0,2.0,4.0
2017,2019349,52758,50146,8,4,3,True,8.0,9.0,5.0,68.5,806.0,737.0,56.0,71.0,116.874,11.0,3.0,7.0,3.0
2017,2019349,50146,52758,4,8,0,True,4.0,7.0,3.0,31.5,316.0,254.0,51.0,24.0,115.163,11.0,2.0,9.0,5.0
2017,2019350,53577,50043,2,1,3,True,2.0,9.0,2.0,51.300000000000004,464.0,370.0,73.0,46.0,107.378,5.0,2.0,3.0,4.0
2017,2019350,50043,53577,1,2,0,True,1.0,3.0,4.0,48.699999999999996,417.0,338.0,57.0,32.0,109.282,8.0,7.0,9.0,2.0
2017,2019351,52709,50064,0,0,1,True,0.0,1.0,2.0,50.7,442.0,337.0,91.0,7.0,111.111,16.0,6.0,5.0,7.0
2017,2019351,50064,52709,0,0,1,True,0.0,5.0,7.0,49.3,412.0,317.0,67.0,5.0,105.743,13.0,1.0,1.0,2.0
2017,2019352,50164,5312,0,1,0,True,0.0,3.0,5.0,37.5,361.0,285.0,62.0,18.0,115.563,9.0,7.0,8.0,6.0
2017,2019352,5312,50164,1,0,3,True,1.0,8.0,6.0,62.5,763.0,693.0,62.0,61.0,112.969,16.0,3.0,3.0,5.0
2017,2019353,52714,50139,1,3,0,True,1.0,1.0,5.0,45.1,360.0,293.0,64.0,25.0,104.136,13.0,2.0,5.0,4.0
2017,2019353,50139,52714,3,1,3,True,3.0,5.0,4.0,54.900000000000006,521.0,467.0,56.0,44.0,109.947,18.0,0.0,1.0,5.0
2017,2019360,64500,50037,3,2,3,True,3.0,4.0,0.0,29.099999999999998,197.0,130.0,48.0,19.0,117.43,9.0,8.0,10.0,5.0
2017,2019360,50037,64500,2,3,0,True,2.0,10.0,5.0,70.89999999999999,701.0,645.0,94.0,70.0,106.722,8.0,1.0,4.0,0.0
2017,2019357,50157,50147,3,3,1,True,3.0,5.0,3.0,56.39999999999999,588.0,515.0,72.0,41.0,112.922,11.0,1.0,4.0,10.0
2017,2019357,50147,50157,3,3,1,True,3.0,4.0,10.0,43.6,446.0,371.0,73.0,31.0,112.511,13.0,3.0,5.0,3.0
2017,2019354,52280,52747,2,2,1,True,2.0,1.0,2.0,47.5,529.0,455.0,56.0,38.0,109.637,11.0,2.0,3.0,6.0
2017,2019354,52747,52280,2,2,1,True,2.0,3.0,6.0,52.5,622.0,557.0,62.0,41.0,111.336,9.0,0.0,1.0,2.0
2017,2019355,2603104,59856,0,0,1,True,0.0,0.0,2.0,55.00000000000001,484.0,392.0,61.0,14.0,105.756,12.0,5.0,5.0,3.0
2017,2019355,59856,2603104,0,0,1,True,0.0,5.0,3.0,45.0,407.0,313.0,64.0,27.0,112.278,30.0,0.0,0.0,2.0
2017,2019356,50136,52723,0,0,1,True,0.0,5.0,7.0,48.1,514.0,429.0,61.0,46.0,112.704,18.0,0.0,0.0,5.0
2017,2019356,52723,50136,0,0,1,True,0.0,0.0,5.0,51.9,512.0,422.0,82.0,25.0,113.296,15.0,5.0,5.0,7.0
2017,2019358,50050,50080,0,2,0,True,0.0,3.0,1.0,39.5,413.0,357.0,54.0,27.0,114.247,13.0,2.0,4.0,4.0
2017,2019358,50080,50050,2,0,3,True,2.0,4.0,4.0,60.5,723.0,649.0,83.0,45.0,107.981,12.0,3.0,3.0,1.0
2017,2019359,52757,52919,1,1,1,True,1.0,5.0,3.0,32.1,336.0,271.0,49.0,23.0,109.435,14.0,6.0,7.0,3.0
2017,2019359,52919,52757,1,1,1,True,1.0,7.0,3.0,67.9,776.0,729.0,56.0,69.0,109.294,10.0,4.0,5.0,3.0
2017,2019361,50124,50062,2,0,3,True,2.0,4.0,4.0,53.900000000000006,684.0,617.0,60.0,52.0,115.257,6.0,2.0,2.0,1.0
2017,2019361,50062,50124,0,2,0,True,0.0,2.0,1.0,46.1,490.0,435.0,64.0,27.0,110.751,8.0,2.0,4.0,4.0
2017,2019362,52747,2603104,2,2,1,True,2.0,6.0,7.0,59.3,607.0,534.0,40.0,63.0,104.772,10.0,0.0,2.0,2.0
2017,2019362,2603104,52747,2,2,1,True,2.0,2.0,2.0,40.699999999999996,373.0,305.0,45.0,21.0,107.703,18.0,4.0,6.0,7.0
2017,2019363,59856,52280,1,4,0,True,1.0,4.0,7.0,45.1,484.0,419.0,42.0,48.0,112.463,9.0,3.0,7.0,2.0
2017,2019363,52280,59856,4,1,3,True,4.0,7.0,2.0,54.900000000000006,728.0,650.0,59.0,31.0,111.926,13.0,3.0,4.0,7.0
2017,2019364,52723,50157,6,0,3,True,6.0,13.0,3.0,53.5,569.0,510.0,55.0,49.0,107.049,12.0,0.0,0.0,2.0
2017,2019364,50157,52723,0,6,0,True,0.0,0.0,2.0,46.5,523.0,457.0,66.0,25.0,92.284,9.0,7.0,13.0,3.0
2017,2019365,50147,50136,1,2,0,True,1.0,3.0,7.0,50.0,515.0,445.0,75.0,39.0,109.995,15.0,5.0,7.0,3.0
2017,2019365,50136,50147,2,1,3,True,2.0,7.0,3.0,50.0,559.0,481.0,73.0,30.0,109.984,8.0,2.0,3.0,7.0
2017,2019366,50080,52757,4,0,3,True,4.0,8.0,4.0,68.0,1022.0,939.0,67.0,85.0,110.2,7.0,0.0,0.0,0.0
2017,2019366,52757,50080,0,4,0,True,0.0,0.0,0.0,32.0,411.0,333.0,43.0,14.0,112.678,5.0,4.0,8.0,4.0
2017,2019367,52919,50050,1,1,1,True,1.0,2.0,3.0,54.7,590.0,530.0,72.0,27.0,107.586,7.0,5.0,6.0,6.0
2017,2019367,50050,52919,1,1,1,True,1.0,6.0,6.0,45.300000000000004,448.0,390.0,53.0,31.0,110.692,16.0,1.0,2.0,3.0
2017,2019368,50037,50124,1,0,3,True,1.0,4.0,5.0,67.2,826.0,759.0,83.0,63.0,112.74,11.0,3.0,3.0,2.0
2017,2019368,50124,50037,0,1,0,True,0.0,3.0,2.0,32.800000000000004,319.0,255.0,48.0,18.0,124.029,9.0,3.0,4.0,5.0
2017,2019369,50062,64500,0,0,1,True,0.0,4.0,8.0,65.10000000000001,695.0,582.0,117.0,67.0,114.688,12.0,3.0,3.0,3.0
2017,2019369,64500,50062,0,0,1,True,0.0,3.0,3.0,34.9,332.0,223.0,63.0,21.0,122.504,8.0,4.0,4.0,8.0
2017,2019370,50109,50023,3,0,3,True,3.0,6.0,5.0,49.7,443.0,341.0,81.0,45.0,107.909,18.0,0.0,0.0,9.0
2017,2019370,50023,50109,0,3,0,True,0.0,0.0,9.0,50.3,472.0,376.0,49.0,28.0,105.151,11.0,4.0,6.0,5.0
2017,2019371,1652,54266,3,1,3,True,3.0,12.0,9.0,67.10000000000001,724.0,653.0,62.0,73.0,114.291,7.0,2.0,3.0,2.0
2017,2019371,54266,1652,1,3,0,True,1.0,3.0,2.0,32.9,298.0,218.0,63.0,16.0,110.737,15.0,10.0,12.0,9.0
2017,2019372,50051,52758,2,2,1,True,2.0,8.0,4.0,47.8,518.0,442.0,76.0,46.0,108.679,9.0,6.0,7.0,3.0
2017,2019372,52758,50051,2,2,1,True,2.0,7.0,3.0,52.2,608.0,533.0,58.0,51.0,114.002,15.0,6.0,8.0,4.0
2017,2019373,50146,50149,1,0,3,True,1.0,4.0,5.0,41.099999999999994,349.0,278.0,56.0,20.0,112.867,14.0,5.0,5.0,9.0
2017,2019373,50149,50146,0,1,0,True,0.0,5.0,9.0,58.9,632.0,553.0,48.0,51.0,112.559,14.0,3.0,4.0,5.0
2017,2019374,50043,52709,0,2,0,True,0.0,4.0,1.0,50.0,433.0,370.0,71.0,37.0,110.118,15.0,4.0,5.0,1.0
2017,2019374,52709,50043,2,0,3,True,2.0,5.0,1.0,50.0,459.0,394.0,82.0,44.0,108.674,12.0,4.0,4.0,1.0
2017,2019375,50064,53577,5,0,3,True,5.0,8.0,6.0,64.4,613.0,555.0,66.0,58.0,105.464,8.0,1.0,0.0,3.0
2017,2019375,53577,50064,0,5,0,True,0.0,0.0,3.0,35.6,277.0,213.0,61.0,16.0,108.758,11.0,3.0,8.0,6.0
2017,2019376,5312,52714,0,0,1,True,0.0,5.0,13.0,57.699999999999996,570.0,500.0,45.0,59.0,113.042,10.0,0.0,0.0,2.0
2017,2019376,52714,5312,0,0,1,True,0.0,0.0,2.0,42.3,396.0,318.0,59.0,19.0,110.355,12.0,5.0,5.0,13.0
2017,2019377,50139,50164,2,0,3,True,2.0,9.0,6.0,62.3,701.0,618.0,79.0,60.0,111.144,9.0,2.0,2.0,0.0
2017,2019377,50164,50139,0,2,0,True,0.0,2.0,0.0,37.7,405.0,328.0,40.0,24.0,114.968,12.0,7.0,9.0,6.0
2018,2021587,50147,54266,1,2,0,True,1.0,6.0,13.0,65.5,776.0,693.0,59.0,68.0,109.133,7.0,5.0,7.0,5.0
2018,2021587,54266,50147,2,1,3,True,2.0,7.0,5.0,34.5,276.0,205.0,55.0,24.0,108.895,14.0,5.0,6.0,13.0
2018,2021588,52682,59856,3,0,3,True,3.0,7.0,7.0,57.4,597.0,528.0,82.0,49.0,111.774,12.0,2.0,2.0,5.0
2018,2021588,59856,52682,0,3,0,True,0.0,2.0,5.0,42.6,406.0,335.0,65.0,31.0,116.861,14.0,5.0,7.0,7.0
2018,2021589,50037,50074,3,0,3,True,3.0,11.0,13.0,67.80000000000001,772.0,695.0,76.0,81.0,110.424,10.0,1.0,1.0,3.0
2018,2021589,50074,50037,0,3,0,True,0.0,1.0,3.0,32.2,239.0,166.0,56.0,13.0,103.255,5.0,8.0,11.0,13.0
2018,2021590,50050,52747,0,5,0,True,0.0,4.0,1.0,39.6,388.0,333.0,51.0,23.0,112.754,5.0,2.0,6.0,3.0
2018,2021590,52747,50050,5,0,3,True,5.0,6.0,3.0,60.4,862.0,787.0,52.0,44.0,110.192,4.0,4.0,4.0,1.0
2018,2021591,52914,60609,6,0,3,True,6.0,7.0,4.0,53.0,621.0,553.0,61.0,51.0,114.792,10.0,2.0,2.0,3.0
2018,2021591,60609,52914,0,6,0,True,0.0,2.0,3.0,47.0,539.0,466.0,64.0,25.0,110.626,9.0,2.0,7.0,4.0
2018,2021592,50137,50124,0,0,1,True,0.0,1.0,6.0,51.300000000000004,528.0,462.0,64.0,37.0,108.604,9.0,10.0,9.0,7.0
2018,2021592,50124,50137,0,0,1,True,0.0,9.0,7.0,48.699999999999996,477.0,411.0,59.0,43.0,112.824,14.0,1.0,1.0,6.0
2018,2021593,50080,50139,3,0,3,True,3.0,5.0,3.0,60.8,721.0,662.0,69.0,38.0,102.574,9.0,7.0,7.0,2.0
2018,2021593,50139,50080,0,3,0,True,0.0,7.0,2.0,39.2,410.0,359.0,61.0,26.0,106.354,15.0,2.0,5.0,3.0
2018,2021594,2610,50149,2,3,0,True,2.0,4.0,5.0,54.2,550.0,479.0,71.0,43.0,103.556,12.0,3.0,6.0,4.0
2018,2021594,50149,2610,3,2,3,True,3.0,6.0,4.0,45.800000000000004,436.0,363.0,59.0,27.0,104.58,17.0,2.0,4.0,5.0
2018,2021595,57490,50068,1,1,1,True,1.0,6.0,13.0,46.7,501.0,425.0,73.0,55.0,118.891,6.0,3.0,4.0,11.0
2018,2021595,50068,57490,1,1,1,True,1.0,4.0,11.0,53.300000000000004,607.0,546.0,70.0,48.0,117.425,14.0,5.0,6.0,13.0
2018,2021596,7889,52714,2,2,1,True,2.0,7.0,11.0,50.0,474.0,375.0,63.0,53.0,111.11,14.0,0.0,2.0,3.0
2018,2021596,52714,7889,2,2,1,True,2.0,2.0,3.0,50.0,501.0,402.0,62.0,32.0,111.983,9.0,5.0,7.0,11.0
2018,2021597,52749,52919,0,4,0,True,0.0,1.0,2.0,33.900000000000006,332.0,272.0,61.0,13.0,108.682,13.0,4.0,8.0,1.0
2018,2021597,52919,52749,4,0,3,True,4.0,8.0,1.0,66.10000000000001,857.0,787.0,55.0,37.0,111.093,9.0,1.0,1.0,2.0
2018,2021598,52707,50136,2,1,3,True,2.0,5.0,3.0,47.4,453.0,399.0,86.0,23.0,114.132,11.0,6.0,7.0,6.0
2018,2021598,50136,52707,1,2,0,True,1.0,7.0,6.0,52.6,593.0,541.0,60.0,48.0,115.336,16.0,3.0,5.0,3.0
2018,2021599,2603790,50023,1,1,1,True,1.0,2.0,2.0,57.3,558.0,439.0,63.0,38.0,112.291,10.0,1.0,2.0,3.0
2018,2021599,50023,2603790,1,1,1,True,1.0,2.0,3.0,42.699999999999996,350.0,248.0,63.0,25.0,105.785,20.0,1.0,2.0,2.0
2018,2021600,50064,50157,1,3,0,True,1.0,5.0,7.0,51.6,437.0,354.0,48.0,55.0,107.663,15.0,1.0,4.0,6.0
2018,2021600,50157,50064,3,1,3,True,3.0,4.0,6.0,48.4,354.0,274.0,79.0,22.0,106.425,10.0,5.0,5.0,7.0
2018,2021601,50051,50118,3,0,3,True,3.0,6.0,13.0,62.9,727.0,653.0,86.0,79.0,105.622,12.0,1.0,1.0,2.0
2018,2021601,50118,50051,0,3,0,True,0.0,1.0,2.0,37.1,330.0,266.0,48.0,10.0,112.65,10.0,3.0,6.0,13.0
2018,2021602,1652,52758,3,1,3,True,3.0,4.0,6.0,36.1,337.0,261.0,69.0,34.0,118.794,15.0,1.0,2.0,3.0
2018,2021602,52758,1652,1,3,0,True,1.0,2.0,3.0,63.9,737.0,647.0,82.0,49.0,113.84,6.0,1.0,4.0,6.0
2018,2021603,52714,57490,3,0,3,True,3.0,10.0,10.0,66.3,779.0,704.0,82.0,80.0,111.128,9.0,1.0,1.0,6.0
2018,2021603,57490,52714,0,3,0,True,0.0,1.0,6.0,33.7,346.0,282.0,58.0,24.0,113.589,14.0,8.0,10.0,10.0
2018,2021604,50068,7889,1,1,1,True,1.0,2.0,1.0,39.7,329.0,245.0,59.0,24.0,112.496,12.0,6.0,7.0,6.0
2018,2021604,7889,50068,1,1,1,True,1.0,7.0,6.0,60.3,607.0,520.0,69.0,54.0,108.554,11.0,1.0,2.0,1.0
2018,2021605,50136,52749,3,1,3,True,3.0,4.0,6.0,50.5,632.0,557.0,57.0,24.0,115.7,12.0,5.0,6.0,1.0
2018,2021605,52749,50136,1,3,0,True,1.0,6.0,1.0,49.5,509.0,440.0,80.0,20.0,109.893,15.0,1.0,4.0,6.0
2018,2021606,52919,52707,2,0,3,True,2.0,8.0,6.0,53.900000000000006,623.0,563.0,69.0,42.0,112.908,11.0,2.0,2.0,2.0
2018,2021606,52707,52919,0,2,0,True,0.0,2.0,2.0,46.1,498.0,406.0,72.0,23.0,116.376,6.0,6.0,8.0,6.0
2018,2021607,50157,2603790,2,0,3,True,2.0,4.0,2.0,44.1,348.0,260.0,97.0,22.0,100.957,7.0,3.0,3.0,11.0
2018,2021607,2603790,50157,0,2,0,True,0.0,3.0,11.0,55.900000000000006,520.0,428.0,46.0,40.0,105.379,17.0,2.0,4.0,2.0
2018,2021608,50023,50064,0,3,0,True,0.0,1.0,3.0,53.5,499.0,406.0,63.0,56.0,105.977,13.0,5.0,8.0,2.0
2018,2021608,50064,50023,3,0,3,True,3.0,8.0,2.0,46.5,377.0,294.0,65.0,33.0,109.439,16.0,1.0,1.0,3.0
2018,2021609,52758,50051,1,3,0,True,1.0,4.0,3.0,53.5,587.0,520.0,66.0,44.0,116.175,8.0,7.0,10.0,3.0
2018,2021609,50051,52758,3,1,3,True,3.0,10.0,3.0,46.5,546.0,485.0,79.0,47.0,109.709,8.0,3.0,4.0,3.0
2018,2021610,50118,1652,0,3,0,True,0.0,3.0,10.0,43.4,423.0,343.0,69.0,31.0,114.53,9.0,1.0,4.0,6.0
2018,2021610,1652,50118,3,0,3,True,3.0,4.0,6.0,56.599999999999994,577.0,499.0,94.0,44.0,116.567,10.0,3.0,3.0,10.0
2018,2021616,60609,50137,1,2,0,True,1.0,1.0,6.0,44.6,382.0,319.0,58.0,30.0,101.446,21.0,7.0,9.0,4.0
2018,2021616,50137,60609,2,1,3,True,2.0,9.0,4.0,55.400000000000006,535.0,478.0,59.0,43.0,102.047,8.0,0.0,1.0,6.0
2018,2021611,59856,50147,5,0,3,True,5.0,8.0,5.0,45.5,429.0,334.0,61.0,26.0,108.753,14.0,0.0,0.0,4.0
2018,2021611,50147,59856,0,5,0,True,0.0,0.0,4.0,54.50000000000001,579.0,480.0,90.0,37.0,100.228,8.0,3.0,8.0,5.0
2018,2021612,54266,52682,1,4,0,True,1.0,7.0,5.0,42.0,454.0,375.0,44.0,30.0,111.868,10.0,6.0,10.0,2.0
2018,2021612,52682,54266,4,1,3,True,4.0,10.0,2.0,57.99999999999999,735.0,647.0,87.0,53.0,104.824,5.0,6.0,7.0,5.0
2018,2021613,52747,50037,3,0,3,True,3.0,5.0,5.0,40.0,369.0,313.0,49.0,26.0,107.172,10.0,6.0,6.0,6.0
2018,2021613,50037,52747,0,3,0,True,0.0,6.0,6.0,60.0,575.0,515.0,72.0,69.0,106.963,18.0,2.0,5.0,5.0
2018,2021614,50074,50050,0,3,0,True,0.0,3.0,5.0,38.4,334.0,255.0,53.0,36.0,105.323,10.0,1.0,4.0,3.0
2018,2021614,50050,50074,3,0,3,True,3.0,4.0,3.0,61.6,602.0,537.0,70.0,29.0,107.741,14.0,3.0,3.0,5.0
2018,2021615,50124,52914,1,2,0,True,1.0,4.0,6.0,48.199999999999996,507.0,432.0,68.0,40.0,111.453,14.0,2.0,4.0,9.0
2018,2021615,52914,50124,2,1,3,True,2.0,4.0,9.0,51.800000000000004,509.0,428.0,68.0,45.0,110.735,12.0,3.0,4.0,6.0
2018,2021617,50149,50080,0,1,0,True,0.0,2.0,2.0,36.7,334.0,268.0,49.0,26.0,105.465,19.0,5.0,5.0,3.0
2018,2021617,50080,50149,1,0,3,True,1.0,5.0,3.0,63.3,743.0,669.0,49.0,34.0,101.869,12.0,2.0,2.0,2.0
2018,2021618,50139,2610,2,0,3,True,2.0,7.0,7.0,68.8,735.0,667.0,82.0,57.0,110.292,14.0,2.0,2.0,6.0
2018,2021618,2610,50139,0,2,0,True,0.0,2.0,6.0,31.2,229.0,154.0,67.0,17.0,107.761,13.0,5.0,7.0,7.0
2018,2021619,50068,52714,5,1,3,True,5.0,8.0,5.0,42.4,380.0,311.0,63.0,31.0,112.13,7.0,5.0,6.0,6.0
2018,2021619,52714,50068,1,5,0,True,1.0,6.0,6.0,57.599999999999994,659.0,551.0,48.0,52.0,107.803,10.0,3.0,8.0,5.0
2018,2021620,57490,7889,0,7,0,True,0.0,2.0,2.0,34.300000000000004,345.0,280.0,46.0,19.0,112.948,10.0,7.0,15.0,6.0
2018,2021620,7889,57490,7,0,3,True,7.0,15.0,6.0,65.7,767.0,700.0,80.0,62.0,111.073,11.0,2.0,2.0,2.0
2018,2021621,52919,50136,2,1,3,True,2.0,7.0,4.0,55.300000000000004,643.0,566.0,65.0,10.0,111.669,14.0,3.0,4.0,1.0
2018,2021621,50136,52919,1,2,0,True,1.0,4.0,1.0,44.7,558.0,473.0,62.0,10.0,113.877,8.0,5.0,7.0,4.0
2018,2021622,52749,52707,1,2,0,True,1.0,5.0,3.0,49.2,449.0,372.0,81.0,38.0,110.754,14.0,0.0,2.0,4.0
2018,2021622,52707,52749,2,1,3,True,2.0,2.0,4.0,50.8,476.0,401.0,69.0,32.0,109.231,14.0,4.0,5.0,3.0
2018,2021623,50023,50157,1,2,0,True,1.0,5.0,4.0,48.8,463.0,361.0,57.0,36.0,106.549,14.0,3.0,5.0,4.0
2018,2021623,50157,50023,2,1,3,True,2.0,5.0,4.0,51.2,425.0,320.0,94.0,36.0,106.34,12.0,4.0,5.0,4.0
2018,2021624,2603790,50064,3,2,3,True,3.0,8.0,6.0,56.699999999999996,544.0,431.0,61.0,50.0,109.35,8.0,2.0,4.0,3.0
2018,2021624,50064,2603790,2,3,0,True,2.0,4.0,3.0,43.3,352.0,253.0,64.0,22.0,105.258,14.0,5.0,8.0,6.0
2018,2021625,50118,52758,1,1,1,True,1.0,3.0,4.0,34.1,243.0,172.0,63.0,22.0,112.083,14.0,3.0,4.0,9.0
2018,2021625,52758,50118,1,1,1,True,1.0,4.0,9.0,65.9,672.0,581.0,70.0,60.0,110.726,12.0,2.0,3.0,4.0
2018,2021626,50051,1652,1,1,1,True,1.0,7.0,8.0,61.6,656.0,594.0,88.0,71.0,103.038,12.0,4.0,4.0,4.0
2018,2021626,1652,50051,1,1,1,True,1.0,4.0,4.0,38.4,324.0,264.0,65.0,31.0,111.121,16.0,7.0,7.0,8.0
2018,2021631,60609,50124,0,0,1,True,0.0,1.0,5.0,48.3,455.0,379.0,75.0,19.0,107.554,15.0,3.0,3.0,6.0
2018,2021631,50124,60609,0,0,1,True,0.0,3.0,6.0,51.7,509.0,434.0,56.0,51.0,110.901,10.0,1.0,1.0,5.0
2018,2021627,54266,59856,0,2,0,True,0.0,0.0,5.0,57.199999999999996,550.0,448.0,70.0,28.0,110.7,12.0,5.0,6.0,3.0
2018,2021627,59856,54266,2,0,3,True,2.0,6.0,3.0,42.8,358.0,256.0,66.0,29.0,113.077,20.0,0.0,0.0,5.0
2018,2021628,50147,52682,0,1,0,True,0.0,0.0,7.0,38.5,328.0,252.0,58.0,39.0,114.201,10.0,4.0,5.0,4.0
2018,2021628,52682,50147,1,0,3,True,1.0,5.0,4.0,61.5,615.0,536.0,77.0,52.0,106.138,12.0,0.0,0.0,7.0
2018,2021629,50074,52747,0,4,0,True,0.0,6.0,7.0,50.9,571.0,496.0,77.0,37.0,106.848,16.0,2.0,6.0,9.0
2018,2021629,52747,50074,4,0,3,True,4.0,6.0,9.0,49.1,569.0,507.0,42.0,30.0,107.347,7.0,6.0,6.0,7.0
2018,2021630,50037,50050,3,0,3,True,3.0,11.0,6.0,55.7,655.0,578.0,61.0,84.0,114.786,6.0,3.0,3.0,3.0
2018,2021630,50050,50037,0,3,0,True,0.0,3.0,3.0,44.3,430.0,383.0,52.0,19.0,114.26,4.0,8.0,11.0,6.0
2018,2021632,52914,50137,3,3,1,True,3.0,5.0,7.0,42.3,345.0,289.0,63.0,33.0,113.369,8.0,5.0,8.0,6.0
2018,2021632,50137,52914,3,3,1,True,3.0,8.0,6.0,57.699999999999996,542.0,470.0,79.0,52.0,110.331,7.0,2.0,5.0,7.0
2018,2021633,50139,50149,2,1,3,True,2.0,8.0,3.0,51.5,473.0,389.0,79.0,43.0,112.548,18.0,1.0,1.0,3.0
2018,2021633,50149,50139,1,2,0,True,1.0,1.0,3.0,48.5,389.0,309.0,58.0,27.0,107.03,17.0,6.0,8.0,3.0
2018,2021634,50080,2610,3,1,3,True,3.0,10.0,6.0,63.9,849.0,771.0,57.0,83.0,99.224,7.0,0.0,1.0,1.0
2018,2021634,2610,50080,1,3,0,True,1.0,1.0,1.0,36.1,392.0,336.0,62.0,19.0,107.907,13.0,8.0,10.0,6.0
2018,2021635,59856,54266,1,2,0,True,1.0,5.0,4.0,50.3,507.0,396.0,72.0,30.0,115.462,11.0,1.0,3.0,6.0
2018,2021635,54266,59856,2,1,3,True,2.0,3.0,6.0,49.7,543.0,416.0,64.0,31.0,113.965,14.0,4.0,5.0,4.0
2018,2021636,52682,50147,2,0,3,True,2.0,5.0,8.0,50.4,548.0,476.0,61.0,34.0,106.402,13.0,5.0,4.0,3.0
2018,2021636,50147,52682,0,2,0,True,0.0,4.0,3.0,49.6,504.0,433.0,75.0,32.0,113.028,11.0,4.0,5.0,8.0
2018,2021637,52747,50074,5,0,3,True,5.0,10.0,7.0,54.1,684.0,621.0,54.0,52.0,115.877,13.0,2.0,2.0,3.0
2018,2021637,50074,52747,0,5,0,True,0.0,2.0,3.0,45.9,532.0,454.0,71.0,27.0,115.855,9.0,5.0,10.0,7.0
2018,2021638,50050,50037,1,2,0,True,1.0,4.0,4.0,49.3,598.0,517.0,54.0,30.0,112.474,11.0,2.0,4.0,5.0
2018,2021638,50037,50050,2,1,3,True,2.0,4.0,5.0,50.7,665.0,590.0,83.0,46.0,111.585,9.0,3.0,4.0,4.0
2018,2021639,50124,60609,1,1,1,True,1.0,10.0,12.0,55.2,559.0,490.0,43.0,79.0,112.634,15.0,2.0,3.0,0.0
2018,2021639,60609,50124,1,1,1,True,1.0,3.0,0.0,44.800000000000004,418.0,348.0,62.0,19.0,106.746,13.0,9.0,10.0,12.0
2018,2021640,50137,52914,3,0,3,True,3.0,6.0,6.0,49.4,508.0,449.0,62.0,31.0,112.049,5.0,6.0,6.0,4.0
2018,2021640,52914,50137,0,3,0,True,0.0,6.0,4.0,50.6,530.0,459.0,69.0,52.0,109.385,8.0,3.0,6.0,6.0
2018,2021641,50149,50139,1,1,1,True,1.0,2.0,4.0,38.5,322.0,255.0,46.0,26.0,106.468,16.0,4.0,5.0,6.0
2018,2021641,50139,50149,1,1,1,True,1.0,5.0,6.0,61.5,686.0,622.0,63.0,50.0,107.792,8.0,1.0,2.0,4.0
2018,2021642,2610,50080,0,0,1,True,0.0,1.0,4.0,33.6,284.0,211.0,54.0,15.0,102.718,9.0,6.0,6.0,5.0
2018,2021642,50080,2610,0,0,1,True,0.0,6.0,5.0,66.4,674.0,596.0,62.0,66.0,99.753,9.0,1.0,1.0,4.0
2018,2021647,50157,50023,1,1,1,True,1.0,2.0,5.0,52.2,420.0,318.0,74.0,34.0,104.036,16.0,4.0,5.0,5.0
2018,2021647,50023,50157,1,1,1,True,1.0,5.0,5.0,47.8,333.0,241.0,61.0,26.0,103.769,17.0,1.0,2.0,5.0
2018,2021643,52714,50068,2,1,3,True,2.0,4.0,5.0,54.50000000000001,561.0,462.0,68.0,50.0,106.75,8.0,2.0,3.0,3.0
2018,2021643,50068,52714,1,2,0,True,1.0,3.0,3.0,45.5,408.0,333.0,67.0,34.0,109.262,11.0,2.0,4.0,5.0
2018,2021644,7889,57490,3,0,3,True,3.0,8.0,9.0,68.2,846.0,786.0,72.0,90.0,113.471,7.0,1.0,1.0,3.0
2018,2021644,57490,7889,0,3,0,True,0.0,1.0,3.0,31.8,292.0,244.0,46.0,12.0,112.409,9.0,6.0,8.0,9.0
2018,2021645,50136,52919,2,4,0,True,2.0,6.0,3.0,46.300000000000004,594.0,514.0,44.0,31.0,116.204,8.0,1.0,5.0,6.0
2018,2021645,52919,50136,4,2,3,True,4.0,5.0,6.0,53.7,613.0,538.0,62.0,48.0,113.251,12.0,4.0,6.0,3.0
2018,2021646,52707,52749,3,1,3,True,3.0,7.0,6.0,52.800000000000004,527.0,464.0,66.0,89.0,113.512,12.0,5.0,6.0,4.0
2018,2021646,52749,52707,1,3,0,True,1.0,6.0,4.0,47.199999999999996,487.0,411.0,74.0,58.0,111.588,15.0,4.0,7.0,6.0
2018,2021648,50064,2603790,3,1,3,True,3.0,3.0,5.0,42.699999999999996,341.0,268.0,65.0,27.0,107.991,19.0,1.0,2.0,3.0
2018,2021648,2603790,50064,1,3,0,True,1.0,2.0,3.0,57.3,486.0,401.0,59.0,41.0,107.414,22.0,0.0,3.0,5.0
2018,2021649,52758,50118,1,1,1,True,1.0,9.0,10.0,70.89999999999999,814.0,757.0,79.0,79.0,106.587,8.0,1.0,1.0,3.0
2018,2021649,50118,52758,1,1,1,True,1.0,1.0,3.0,29.099999999999998,221.0,159.0,47.0,15.0,110.513,14.0,8.0,9.0,10.0
2018,2021650,1652,50051,3,1,3,True,3.0,7.0,2.0,41.699999999999996,430.0,352.0,74.0,26.0,121.023,14.0,9.0,10.0,4.0
2018,2021650,50051,1652,1,3,0,True,1.0,10.0,4.0,58.3,720.0,624.0,97.0,49.0,109.415,6.0,4.0,7.0,2.0
2018,2021651,50068,57490,1,1,1,True,1.0,2.0,10.0,56.00000000000001,592.0,527.0,66.0,61.0,110.691,12.0,3.0,4.0,4.0
2018,2021651,57490,50068,1,1,1,True,1.0,4.0,4.0,44.0,438.0,375.0,54.0,16.0,112.506,13.0,1.0,2.0,10.0
2018,2021656,50157,50064,1,1,1,True,1.0,5.0,2.0,60.4,532.0,459.0,81.0,38.0,99.678,14.0,1.0,2.0,4.0
2018,2021656,50064,50157,1,1,1,True,1.0,2.0,4.0,39.6,334.0,252.0,48.0,27.0,101.748,19.0,4.0,5.0,2.0
2018,2021652,52714,7889,3,3,1,True,3.0,5.0,3.0,64.7,755.0,645.0,72.0,45.0,115.898,10.0,4.0,7.0,2.0
2018,2021652,7889,52714,3,3,1,True,3.0,7.0,2.0,35.3,326.0,227.0,62.0,24.0,116.47,19.0,2.0,5.0,3.0
2018,2021653,52919,52749,1,0,3,True,1.0,4.0,9.0,70.19999999999999,883.0,800.0,48.0,49.0,112.006,11.0,2.0,2.0,3.0
2018,2021653,52749,52919,0,1,0,True,0.0,2.0,3.0,29.799999999999997,283.0,191.0,69.0,15.0,111.967,15.0,3.0,4.0,9.0
2018,2021654,50136,52707,3,0,3,True,3.0,6.0,5.0,51.800000000000004,645.0,579.0,61.0,45.0,112.842,12.0,4.0,4.0,4.0
2018,2021654,52707,50136,0,3,0,True,0.0,4.0,4.0,48.199999999999996,528.0,462.0,67.0,26.0,111.39,11.0,3.0,6.0,5.0
2018,2021655,50023,2603790,1,4,0,True,1.0,3.0,5.0,50.7,436.0,341.0,67.0,49.0,101.338,12.0,0.0,3.0,4.0
2018,2021655,2603790,50023,4,1,3,True,4.0,3.0,4.0,49.3,443.0,348.0,72.0,22.0,108.589,18.0,2.0,3.0,5.0
2018,2021657,50118,50051,0,6,0,True,0.0,3.0,4.0,36.3,303.0,245.0,40.0,24.0,110.552,8.0,3.0,9.0,5.0
2018,2021657,50051,50118,6,0,3,True,6.0,9.0,5.0,63.7,712.0,645.0,65.0,54.0,105.085,11.0,4.0,3.0,4.0
2018,2021658,52758,1652,1,2,0,True,1.0,3.0,3.0,47.9,499.0,416.0,71.0,29.0,114.948,11.0,4.0,6.0,3.0
2018,2021658,1652,52758,2,1,3,True,2.0,6.0,3.0,52.1,485.0,410.0,69.0,35.0,112.94,8.0,2.0,3.0,3.0
2018,2021659,54266,50147,2,0,3,True,2.0,3.0,4.0,41.9,342.0,272.0,59.0,34.0,111.289,18.0,4.0,4.0,3.0
2018,2021659,50147,54266,0,2,0,True,0.0,4.0,3.0,58.099999999999994,575.0,488.0,56.0,47.0,109.611,14.0,2.0,3.0,4.0
2018,2021663,60609,52914,0,4,0,True,0.0,1.0,2.0,51.800000000000004,641.0,574.0,55.0,9.0,103.51,5.0,6.0,10.0,5.0
2018,2021663,52914,60609,4,0,3,True,4.0,10.0,5.0,48.199999999999996,604.0,548.0,63.0,50.0,112.593,12.0,1.0,1.0,2.0
2018,2021660,59856,52682,1,0,3,True,1.0,6.0,5.0,37.8,308.0,239.0,54.0,29.0,108.489,7.0,3.0,3.0,9.0
2018,2021660,52682,59856,0,1,0,True,0.0,3.0,9.0,62.2,675.0,597.0,81.0,32.0,101.737,14.0,5.0,6.0,5.0
2018,2021661,50074,50037,1,2,0,True,1.0,5.0,4.0,39.900000000000006,436.0,333.0,64.0,35.0,109.157,17.0,4.0,5.0,7.0
2018,2021661,50037,50074,2,1,3,True,2.0,5.0,7.0,60.099999999999994,672.0,571.0,85.0,40.0,109.765,7.0,4.0,5.0,4.0
2018,2021662,52747,50050,7,1,3,True,7.0,11.0,10.0,59.3,720.0,653.0,64.0,58.0,108.762,9.0,0.0,1.0,4.0
2018,2021662,50050,52747,1,7,0,True,1.0,1.0,4.0,40.699999999999996,439.0,382.0,54.0,20.0,106.024,7.0,4.0,11.0,10.0
2018,2021664,50124,50137,2,0,3,True,2.0,5.0,6.0,49.4,470.0,393.0,50.0,44.0,112.304,15.0,1.0,1.0,3.0
2018,2021664,50137,50124,0,2,0,True,0.0,1.0,3.0,50.6,466.0,382.0,83.0,32.0,108.112,14.0,3.0,5.0,6.0
2018,2021665,50139,50080,0,0,1,True,0.0,3.0,6.0,37.8,399.0,333.0,55.0,25.0,112.948,12.0,2.0,2.0,6.0
2018,2021665,50080,50139,0,0,1,True,0.0,2.0,6.0,62.2,697.0,629.0,76.0,34.0,105.071,12.0,3.0,3.0,6.0
2018,2021666,50149,2610,3,1,3,True,3.0,5.0,9.0,56.3,569.0,491.0,49.0,42.0,107.861,13.0,1.0,2.0,3.0
2018,2021666,2610,50149,1,3,0,True,1.0,2.0,3.0,43.7,419.0,339.0,60.0,24.0,101.753,23.0,2.0,5.0,9.0
2018,2021667,50147,59856,0,2,0,True,0.0,4.0,12.0,60.4,637.0,559.0,71.0,59.0,112.717,15.0,2.0,4.0,3.0
2018,2021667,59856,50147,2,0,3,True,2.0,4.0,3.0,39.6,335.0,251.0,63.0,19.0,118.597,14.0,4.0,4.0,12.0
2018,2021668,52682,54266,2,1,3,True,2.0,7.0,4.0,55.1,633.0,523.0,76.0,46.0,110.204,11.0,2.0,3.0,5.0
2018,2021668,54266,52682,1,2,0,True,1.0,3.0,5.0,44.9,484.0,395.0,60.0,34.0,117.999,11.0,5.0,7.0,4.0
2018,2021669,50037,52747,3,1,3,True,3.0,4.0,4.0,48.9,534.0,474.0,51.0,47.0,112.737,18.0,7.0,8.0,3.0
2018,2021669,52747,50037,1,3,0,True,1.0,8.0,3.0,51.1,591.0,534.0,49.0,33.0,107.588,12.0,1.0,4.0,4.0
2018,2021670,50050,50074,0,1,0,True,0.0,4.0,3.0,41.6,465.0,405.0,50.0,23.0,113.907,10.0,4.0,4.0,2.0
2018,2021670,50074,50050,1,0,3,True,1.0,4.0,2.0,58.4,697.0,632.0,92.0,30.0,109.824,12.0,4.0,4.0,3.0
2018,2021671,52914,50124,1,1,1,True,1.0,8.0,7.0,51.2,577.0,508.0,59.0,56.0,115.786,10.0,2.0,3.0,5.0
2018,2021671,50124,52914,1,1,1,True,1.0,3.0,5.0,48.8,563.0,493.0,46.0,49.0,117.192,12.0,8.0,8.0,7.0
2018,2021672,50137,60609,1,0,3,True,1.0,8.0,8.0,61.1,601.0,528.0,61.0,68.0,110.485,4.0,2.0,2.0,1.0
2018,2021672,60609,50137,0,1,0,True,0.0,2.0,1.0,38.9,359.0,268.0,72.0,12.0,108.556,9.0,8.0,8.0,8.0
2018,2021673,50080,50149,2,0,3,True,2.0,4.0,4.0,62.5,756.0,668.0,59.0,50.0,111.604,12.0,3.0,3.0,2.0
2018,2021673,50149,50080,0,2,0,True,0.0,3.0,2.0,37.5,391.0,314.0,51.0,24.0,109.885,13.0,3.0,4.0,4.0
2018,2021674,2610,50139,0,2,0,True,0.0,3.0,4.0,42.3,425.0,357.0,56.0,35.0,108.344,17.0,3.0,5.0,2.0
2018,2021674,50139,2610,2,0,3,True,2.0,5.0,2.0,57.699999999999996,708.0,621.0,52.0,32.0,111.218,15.0,4.0,3.0,4.0
2018,2021675,57490,52714,1,1,1,True,1.0,2.0,5.0,32.6,297.0,227.0,49.0,21.0,112.321,9.0,7.0,8.0,9.0
2018,2021675,52714,57490,1,1,1,True,1.0,8.0,9.0,67.4,856.0,774.0,60.0,92.0,110.612,7.0,1.0,2.0,5.0
2018,2021676,7889,50068,7,0,3,True,7.0,10.0,4.0,54.2,570.0,508.0,42.0,42.0,107.696,16.0,4.0,4.0,4.0
2018,2021676,50068,7889,0,7,0,True,0.0,4.0,4.0,45.800000000000004,513.0,439.0,53.0,30.0,105.95,11.0,3.0,10.0,4.0
2018,2021677,52749,50136,2,1,3,True,2.0,3.0,6.0,45.1,413.0,314.0,89.0,26.0,111.791,18.0,3.0,4.0,3.0
2018,2021677,50136,52749,1,2,0,True,1.0,4.0,3.0,54.900000000000006,646.0,558.0,47.0,33.0,114.373,14.0,1.0,3.0,6.0
2018,2021678,52707,52919,2,1,3,True,2.0,6.0,5.0,38.0,386.0,320.0,43.0,37.0,114.161,9.0,1.0,2.0,5.0
2018,2021678,52919,52707,1,2,0,True,1.0,2.0,5.0,62.0,815.0,742.0,48.0,62.0,109.769,10.0,4.0,6.0,5.0
2018,2021679,2603790,50157,1,2,0,True,1.0,10.0,6.0,48.1,492.0,402.0,27.0,64.0,114.908,12.0,8.0,10.0,5.0
2018,2021679,50157,2603790,2,1,3,True,2.0,10.0,5.0,51.9,516.0,441.0,85.0,33.0,107.107,11.0,9.0,10.0,6.0
2018,2021680,50064,50023,5,2,3,True,5.0,7.0,5.0,61.1,591.0,510.0,96.0,40.0,105.111,6.0,2.0,4.0,7.0
2018,2021680,50023,50064,2,5,0,True,2.0,4.0,7.0,38.9,331.0,269.0,56.0,29.0,100.135,11.0,3.0,7.0,5.0
2018,2021681,50051,52758,3,2,3,True,3.0,11.0,6.0,62.4,878.0,800.0,96.0,67.0,114.795,3.0,1.0,3.0,2.0
2018,2021681,52758,50051,2,3,0,True,2.0,3.0,2.0,37.6,465.0,396.0,56.0,21.0,118.583,8.0,8.0,11.0,6.0
2018,2021682,1652,50118,3,0,3,True,3.0,11.0,6.0,60.5,704.0,644.0,42.0,51.0,111.515,20.0,0.0,0.0,4.0
2018,2021682,50118,1652,0,3,0,True,0.0,0.0,4.0,39.5,365.0,300.0,70.0,27.0,110.583,8.0,8.0,11.0,6.0
2019,2025055,50080,50062,4,0,3,True,4.0,9.0,9.0,68.30000000000001,791.0,715.0,72.0,70.0,100.717,10.0,2.0,2.0,8.0
2019,2025055,50062,50080,0,4,0,True,0.0,2.0,8.0,31.7,271.0,213.0,55.0,22.0,106.257,12.0,5.0,9.0,9.0
2019,2025056,50138,1652,2,1,3,True,2.0,4.0,5.0,47.0,440.0,367.0,68.0,43.0,108.098,12.0,5.0,6.0,2.0
2019,2025056,1652,50138,1,2,0,True,1.0,6.0,2.0,53.0,512.0,448.0,62.0,38.0,108.911,15.0,3.0,4.0,5.0
2019,2025053,50043,52758,0,1,0,True,0.0,2.0,5.0,38.0,373.0,308.0,70.0,39.0,114.516,10.0,2.0,3.0,8.0
2019,2025053,52758,50043,1,0,3,True,1.0,3.0,8.0,62.0,711.0,649.0,68.0,53.0,116.874,5.0,2.0,2.0,5.0
2019,2025054,50023,50124,1,2,0,True,1.0,1.0,7.0,43.5,408.0,320.0,64.0,39.0,100.463,12.0,1.0,3.0,3.0
2019,2025054,50124,50023,2,1,3,True,2.0,3.0,3.0,56.49999999999999,598.0,500.0,68.0,46.0,102.808,13.0,0.0,1.0,7.0
2019,2025057,7889,52747,3,2,3,True,3.0,8.0,5.0,51.4,531.0,435.0,81.0,59.0,104.202,14.0,3.0,5.0,2.0
2019,2025057,52747,7889,2,3,0,True,2.0,5.0,2.0,48.6,490.0,437.0,47.0,21.0,101.292,11.0,5.0,8.0,5.0
2019,2025058,50069,50136,0,0,1,True,0.0,3.0,1.0,35.199999999999996,294.0,211.0,71.0,22.0,112.878,8.0,7.0,7.0,6.0
2019,2025058,50136,50069,0,0,1,True,0.0,7.0,6.0,64.8,825.0,726.0,92.0,65.0,108.761,14.0,3.0,3.0,1.0
2019,2025059,50067,53065,3,0,3,True,3.0,8.0,4.0,48.3,359.0,295.0,67.0,36.0,100.373,12.0,2.0,2.0,5.0
2019,2025059,53065,50067,0,3,0,True,0.0,2.0,5.0,51.7,458.0,389.0,60.0,43.0,101.957,16.0,5.0,8.0,4.0
2019,2025060,57388,50064,1,1,1,True,1.0,2.0,5.0,43.3,298.0,205.0,67.0,33.0,106.413,13.0,4.0,5.0,1.0
2019,2025060,50064,57388,1,1,1,True,1.0,5.0,1.0,56.699999999999996,480.0,380.0,77.0,38.0,102.768,16.0,1.0,2.0,5.0
2019,2025061,50143,50129,3,0,3,True,3.0,6.0,7.0,62.0,628.0,553.0,35.0,65.0,108.998,13.0,0.0,0.0,2.0
2019,2025061,50129,50143,0,3,0,True,0.0,0.0,2.0,38.0,293.0,218.0,74.0,17.0,105.012,12.0,3.0,6.0,7.0
2019,2025063,52707,2600431,2,2,1,True,2.0,5.0,5.0,61.8,544.0,489.0,63.0,51.0,111.906,9.0,4.0,6.0,6.0
2019,2025063,2600431,52707,2,2,1,True,2.0,6.0,6.0,38.2,287.0,231.0,64.0,29.0,114.762,10.0,3.0,5.0,5.0
2019,2025062,50147,50037,0,2,0,True,0.0,4.0,6.0,44.0,495.0,395.0,63.0,40.0,115.793,9.0,4.0,6.0,3.0
2019,2025062,50037,50147,2,0,3,True,2.0,6.0,3.0,56.00000000000001,613.0,536.0,79.0,30.0,110.006,8.0,4.0,4.0,6.0
2019,2025064,52919,5312,1,2,0,True,1.0,8.0,13.0,63.2,750.0,664.0,65.0,68.0,112.59,14.0,1.0,3.0,4.0
2019,2025064,5312,52919,2,1,3,True,2.0,3.0,4.0,36.8,317.0,239.0,68.0,23.0,115.2,12.0,7.0,8.0,13.0
2019,2025065,50051,50137,3,0,3,True,3.0,11.0,13.0,58.5,647.0,568.0,86.0,72.0,105.939,7.0,4.0,4.0,6.0
2019,2025065,50137,50051,0,3,0,True,0.0,4.0,6.0,41.5,403.0,336.0,63.0,41.0,110.708,4.0,9.0,11.0,13.0
2019,2025066,64388,54266,2,2,1,True,2.0,4.0,4.0,45.4,351.0,268.0,77.0,35.0,106.708,17.0,5.0,7.0,6.0
2019,2025066,54266,64388,2,2,1,True,2.0,7.0,6.0,54.6,465.0,402.0,75.0,29.0,109.597,16.0,2.0,4.0,4.0
2019,2025067,50031,52682,0,3,0,True,0.0,4.0,7.0,45.4,400.0,333.0,56.0,50.0,108.081,12.0,2.0,5.0,5.0
2019,2025067,52682,50031,3,0,3,True,3.0,5.0,5.0,54.6,545.0,480.0,64.0,39.0,107.763,7.0,4.0,4.0,7.0
2019,2025068,52268,50139,0,2,0,True,0.0,6.0,10.0,49.8,519.0,451.0,54.0,70.0,107.728,14.0,3.0,5.0,2.0
2019,2025068,50139,52268,2,0,3,True,2.0,5.0,2.0,50.2,427.0,377.0,72.0,26.0,104.067,10.0,6.0,6.0,10.0
2019,2025072,2600431,52919,1,2,0,True,1.0,2.0,2.0,35.699999999999996,352.0,279.0,48.0,18.0,113.626,12.0,4.0,6.0,6.0
2019,2025072,52919,2600431,2,1,3,True,2.0,6.0,6.0,64.3,679.0,608.0,57.0,74.0,106.498,16.0,1.0,2.0,2.0
2019,2025075,50139,50031,3,0,3,True,3.0,7.0,4.0,59.0,659.0,588.0,75.0,43.0,111.05,8.0,1.0,1.0,4.0
2019,2025075,50031,50139,0,3,0,True,0.0,1.0,4.0,41.0,439.0,368.0,59.0,26.0,107.782,14.0,5.0,7.0,4.0
2019,2025069,50037,50143,1,1,1,True,1.0,4.0,9.0,56.89999999999999,555.0,474.0,83.0,62.0,113.469,12.0,6.0,7.0,5.0
2019,2025069,50143,50037,1,1,1,True,1.0,7.0,5.0,43.1,392.0,304.0,52.0,32.0,118.641,17.0,3.0,4.0,9.0
2019,2025070,50129,50147,2,3,0,True,2.0,6.0,4.0,60.6,600.0,544.0,66.0,61.0,109.593,13.0,3.0,6.0,3.0
2019,2025070,50147,50129,3,2,3,True,3.0,6.0,3.0,39.4,338.0,291.0,63.0,23.0,107.766,9.0,4.0,6.0,4.0
2019,2025071,5312,52707,2,2,1,True,2.0,7.0,7.0,50.6,545.0,472.0,57.0,47.0,111.872,11.0,5.0,7.0,7.0
2019,2025071,52707,5312,2,2,1,True,2.0,7.0,7.0,49.4,555.0,486.0,60.0,34.0,116.369,16.0,5.0,7.0,7.0
2019,2025073,54266,50051,1,0,3,True,1.0,3.0,2.0,30.5,314.0,236.0,51.0,17.0,117.493,13.0,4.0,3.0,18.0
2019,2025073,50051,54266,0,1,0,True,0.0,3.0,18.0,69.5,815.0,735.0,113.0,60.0,113.359,6.0,2.0,3.0,2.0
2019,2025074,50137,64388,5,0,3,True,5.0,13.0,5.0,62.0,733.0,670.0,66.0,46.0,108.179,12.0,1.0,1.0,2.0
2019,2025074,64388,50137,0,5,0,True,0.0,1.0,2.0,38.0,403.0,315.0,77.0,19.0,104.782,7.0,8.0,13.0,5.0
2019,2025076,52682,52268,0,0,1,True,0.0,4.0,6.0,51.2,479.0,416.0,57.0,54.0,99.566,16.0,1.0,1.0,5.0
2019,2025076,52268,52682,0,0,1,True,0.0,1.0,5.0,48.8,451.0,380.0,46.0,29.0,104.36,15.0,4.0,4.0,6.0
2019,2025082,52747,50069,6,1,3,True,6.0,17.0,12.0,69.5,750.0,679.0,64.0,77.0,104.926,10.0,2.0,3.0,2.0
2019,2025082,50069,52747,1,6,0,True,1.0,3.0,2.0,30.5,245.0,177.0,46.0,9.0,104.313,16.0,11.0,17.0,12.0
2019,2025084,53065,57388,0,1,0,True,0.0,1.0,5.0,48.6,451.0,319.0,69.0,50.0,106.078,15.0,4.0,4.0,7.0
2019,2025084,57388,53065,1,0,3,True,1.0,4.0,7.0,51.4,448.0,355.0,73.0,50.0,109.594,11.0,1.0,1.0,5.0
2019,2025077,50124,50043,3,1,3,True,3.0,6.0,9.0,59.199999999999996,699.0,610.0,69.0,60.0,111.655,7.0,0.0,1.0,3.0
2019,2025077,50043,50124,1,3,0,True,1.0,1.0,3.0,40.8,471.0,387.0,58.0,36.0,112.198,7.0,3.0,6.0,9.0
2019,2025078,52758,50023,3,0,3,True,3.0,6.0,7.0,57.3,642.0,575.0,58.0,32.0,116.572,8.0,5.0,5.0,4.0
2019,2025078,50023,52758,0,3,0,True,0.0,5.0,4.0,42.699999999999996,456.0,381.0,78.0,34.0,110.529,8.0,3.0,6.0,7.0
2019,2025079,1652,50080,2,4,0,True,2.0,5.0,1.0,42.5,465.0,402.0,67.0,34.0,117.893,18.0,3.0,7.0,5.0
2019,2025079,50080,1652,4,2,3,True,4.0,7.0,5.0,57.49999999999999,707.0,630.0,73.0,31.0,108.331,10.0,4.0,5.0,1.0
2019,2025080,50062,50138,1,2,0,True,1.0,3.0,7.0,43.7,426.0,336.0,64.0,39.0,111.06,12.0,6.0,8.0,8.0
2019,2025080,50138,50062,2,1,3,True,2.0,8.0,8.0,56.3,584.0,508.0,84.0,50.0,112.644,13.0,3.0,3.0,7.0
2019,2025081,50136,7889,1,0,3,True,1.0,4.0,9.0,55.00000000000001,666.0,591.0,82.0,37.0,112.082,12.0,0.0,0.0,3.0
2019,2025081,7889,50136,0,1,0,True,0.0,0.0,3.0,45.0,515.0,416.0,79.0,27.0,112.867,9.0,3.0,4.0,9.0
2019,2025083,50064,50067,1,0,3,True,1.0,5.0,8.0,54.6,398.0,325.0,69.0,44.0,105.44,19.0,3.0,3.0,6.0
2019,2025083,50067,50064,0,1,0,True,0.0,3.0,6.0,45.4,297.0,207.0,80.0,34.0,103.337,20.0,4.0,5.0,8.0
2019,2025085,50129,50037,0,2,0,True,0.0,1.0,5.0,35.8,335.0,261.0,62.0,22.0,112.347,10.0,5.0,7.0,7.0
2019,2025085,50037,50129,2,0,3,True,2.0,7.0,7.0,64.2,704.0,633.0,80.0,61.0,108.695,7.0,1.0,1.0,5.0
2019,2025092,50031,52268,1,1,1,True,1.0,6.0,7.0,45.4,432.0,342.0,85.0,41.0,115.248,19.0,1.0,2.0,5.0
2019,2025092,52268,50031,1,1,1,True,1.0,2.0,5.0,54.6,499.0,410.0,73.0,34.0,111.604,18.0,5.0,6.0,7.0
2019,2025086,50143,50147,1,0,3,True,1.0,9.0,4.0,57.99999999999999,540.0,445.0,63.0,43.0,104.887,20.0,3.0,3.0,7.0
2019,2025086,50147,50143,0,1,0,True,0.0,3.0,7.0,42.0,410.0,319.0,69.0,32.0,105.614,20.0,8.0,9.0,4.0
2019,2025087,2600431,5312,3,3,1,True,3.0,9.0,10.0,52.800000000000004,514.0,449.0,51.0,54.0,116.885,15.0,3.0,5.0,4.0
2019,2025087,5312,2600431,3,3,1,True,3.0,5.0,4.0,47.199999999999996,447.0,375.0,64.0,31.0,110.508,5.0,6.0,9.0,10.0
2019,2025088,52707,52919,0,3,0,True,0.0,2.0,6.0,49.8,487.0,418.0,66.0,35.0,116.158,5.0,3.0,5.0,14.0
2019,2025088,52919,52707,3,0,3,True,3.0,5.0,14.0,50.2,550.0,489.0,56.0,51.0,113.811,15.0,2.0,2.0,6.0
2019,2025089,50137,54266,3,0,3,True,3.0,13.0,6.0,49.7,531.0,465.0,67.0,44.0,108.536,6.0,4.0,4.0,4.0
2019,2025089,54266,50137,0,3,0,True,0.0,4.0,4.0,50.3,472.0,387.0,73.0,38.0,109.484,12.0,10.0,13.0,6.0
2019,2025090,50051,64388,2,1,3,True,2.0,7.0,10.0,63.4,778.0,710.0,57.0,71.0,108.054,12.0,1.0,2.0,7.0
2019,2025090,64388,50051,1,2,0,True,1.0,2.0,7.0,36.6,348.0,284.0,70.0,22.0,109.267,10.0,5.0,7.0,10.0
2019,2025091,52682,50139,0,1,0,True,0.0,3.0,1.0,39.900000000000006,424.0,349.0,58.0,41.0,105.166,16.0,4.0,5.0,5.0
2019,2025091,50139,52682,1,0,3,True,1.0,5.0,5.0,60.099999999999994,666.0,600.0,60.0,47.0,112.076,14.0,3.0,3.0,1.0
2019,2025094,50043,50023,1,1,1,True,1.0,5.0,8.0,55.2,538.0,489.0,61.0,60.0,112.336,13.0,3.0,2.0,5.0
2019,2025094,50023,50043,1,1,1,True,1.0,2.0,5.0,44.800000000000004,373.0,315.0,64.0,34.0,112.494,8.0,4.0,5.0,8.0
2019,2025095,50062,1652,2,2,1,True,2.0,3.0,6.0,35.099999999999994,294.0,204.0,67.0,27.0,112.59,10.0,7.0,9.0,8.0
2019,2025095,1652,50062,2,2,1,True,2.0,9.0,8.0,64.9,706.0,611.0,83.0,64.0,110.254,15.0,0.0,3.0,6.0
2019,2025093,52758,50124,4,0,3,True,4.0,5.0,3.0,47.699999999999996,542.0,460.0,60.0,37.0,113.779,9.0,2.0,2.0,5.0
2019,2025093,50124,52758,0,4,0,True,0.0,2.0,5.0,52.300000000000004,567.0,476.0,74.0,46.0,105.884,13.0,1.0,5.0,3.0
2019,2025096,50080,50138,2,0,3,True,2.0,11.0,4.0,63.5,777.0,689.0,72.0,56.0,107.029,11.0,3.0,3.0,5.0
2019,2025096,50138,50080,0,2,0,True,0.0,3.0,5.0,36.5,393.0,303.0,52.0,23.0,110.895,22.0,9.0,11.0,4.0
2019,2025097,52747,50136,2,2,1,True,2.0,6.0,5.0,53.1,608.0,549.0,40.0,55.0,112.614,10.0,3.0,5.0,8.0
2019,2025097,50136,52747,2,2,1,True,2.0,5.0,8.0,46.9,570.0,491.0,76.0,33.0,111.134,14.0,5.0,6.0,5.0
2019,2025098,7889,50069,4,0,3,True,4.0,11.0,8.0,60.9,678.0,571.0,65.0,54.0,108.378,10.0,0.0,0.0,3.0
2019,2025098,50069,7889,0,4,0,True,0.0,0.0,3.0,39.1,373.0,266.0,54.0,23.0,111.457,20.0,7.0,11.0,8.0
2019,2025099,53065,50064,1,3,0,True,1.0,5.0,3.0,38.9,379.0,280.0,62.0,26.0,106.249,14.0,2.0,5.0,5.0
2019,2025099,50064,53065,3,1,3,True,3.0,5.0,5.0,61.1,603.0,512.0,75.0,41.0,109.134,15.0,4.0,5.0,3.0
2019,2025100,50067,57388,0,0,1,True,0.0,3.0,6.0,55.800000000000004,513.0,439.0,66.0,28.0,102.148,11.0,6.0,6.0,3.0
2019,2025100,57388,50067,0,0,1,True,0.0,6.0,3.0,44.2,354.0,283.0,43.0,36.0,104.963,15.0,3.0,3.0,6.0
2019,2025102,50023,50043,0,4,0,True,0.0,6.0,6.0,61.5,680.0,575.0,81.0,65.0,111.74,16.0,2.0,6.0,0.0
2019,2025102,50043,50023,4,0,3,True,4.0,6.0,0.0,38.5,376.0,285.0,59.0,23.0,113.364,13.0,6.0,6.0,6.0
2019,2025106,50069,7889,2,0,3,True,2.0,4.0,3.0,35.5,255.0,169.0,55.0,19.0,115.614,8.0,3.0,3.0,10.0
2019,2025106,7889,50069,0,2,0,True,0.0,3.0,10.0,64.5,660.0,561.0,80.0,64.0,109.807,9.0,2.0,4.0,3.0
2019,2025101,50124,52758,2,0,3,True,2.0,7.0,5.0,35.199999999999996,337.0,264.0,50.0,39.0,110.525,8.0,0.0,0.0,2.0
2019,2025101,52758,50124,0,2,0,True,0.0,0.0,2.0,64.8,779.0,703.0,63.0,40.0,108.353,7.0,6.0,7.0,5.0
2019,2025103,1652,50062,2,1,3,True,2.0,9.0,7.0,67.2,606.0,522.0,68.0,92.0,111.212,14.0,3.0,4.0,1.0
2019,2025103,50062,1652,1,2,0,True,1.0,4.0,1.0,32.800000000000004,196.0,125.0,55.0,18.0,111.275,16.0,7.0,9.0,7.0
2019,2025104,50138,50080,1,1,1,True,1.0,1.0,7.0,39.0,387.0,317.0,60.0,26.0,116.264,11.0,7.0,8.0,12.0
2019,2025104,50080,50138,1,1,1,True,1.0,8.0,12.0,61.0,754.0,686.0,77.0,71.0,109.558,9.0,0.0,1.0,7.0
2019,2025105,50136,52747,1,1,1,True,1.0,5.0,8.0,44.4,500.0,425.0,86.0,43.0,107.169,13.0,2.0,3.0,2.0
2019,2025105,52747,50136,1,1,1,True,1.0,3.0,2.0,55.60000000000001,644.0,584.0,52.0,39.0,105.878,15.0,4.0,5.0,8.0
2019,2025107,50064,53065,4,1,3,True,4.0,8.0,4.0,55.1,483.0,390.0,65.0,42.0,110.093,17.0,2.0,3.0,7.0
2019,2025107,53065,50064,1,4,0,True,1.0,3.0,7.0,44.9,412.0,300.0,59.0,44.0,106.515,14.0,4.0,8.0,4.0
2019,2025108,57388,50067,2,0,3,True,2.0,5.0,6.0,45.2,450.0,378.0,62.0,37.0,111.298,14.0,1.0,1.0,4.0
2019,2025108,50067,57388,0,2,0,True,0.0,1.0,4.0,54.800000000000004,592.0,522.0,70.0,31.0,102.262,16.0,3.0,5.0,6.0
2019,2025113,54266,50137,1,2,0,True,1.0,6.0,3.0,52.900000000000006,478.0,372.0,81.0,38.0,111.146,14.0,4.0,6.0,9.0
2019,2025113,50137,54266,2,1,3,True,2.0,6.0,9.0,47.099999999999994,458.0,354.0,72.0,32.0,110.328,16.0,5.0,6.0,3.0
2019,2025116,52268,50031,3,1,3,True,3.0,5.0,4.0,53.400000000000006,472.0,407.0,54.0,33.0,101.068,14.0,1.0,2.0,6.0
2019,2025116,50031,52268,1,3,0,True,1.0,2.0,6.0,46.6,396.0,320.0,54.0,31.0,103.706,25.0,2.0,5.0,4.0
2019,2025109,50037,50129,2,0,3,True,2.0,8.0,4.0,61.8,593.0,528.0,77.0,57.0,110.136,13.0,1.0,0.0,1.0
2019,2025109,50129,50037,0,2,0,True,0.0,0.0,1.0,38.2,379.0,291.0,66.0,15.0,110.133,14.0,6.0,8.0,4.0
2019,2025110,50147,50143,1,1,1,True,1.0,8.0,2.0,42.5,355.0,273.0,50.0,31.0,110.312,18.0,3.0,4.0,4.0
2019,2025110,50143,50147,1,1,1,True,1.0,4.0,4.0,57.49999999999999,499.0,411.0,62.0,37.0,108.505,14.0,7.0,8.0,2.0
2019,2025111,5312,2600431,2,2,1,True,2.0,12.0,8.0,51.5,511.0,440.0,57.0,55.0,112.195,7.0,5.0,7.0,6.0
2019,2025111,2600431,5312,2,2,1,True,2.0,7.0,6.0,48.5,456.0,378.0,73.0,46.0,114.276,15.0,10.0,12.0,8.0
2019,2025112,52919,52707,6,0,3,True,6.0,8.0,3.0,59.099999999999994,759.0,688.0,76.0,57.0,111.286,15.0,2.0,2.0,4.0
2019,2025112,52707,52919,0,6,0,True,0.0,2.0,4.0,40.9,472.0,394.0,55.0,25.0,117.558,5.0,2.0,8.0,3.0
2019,2025114,64388,50051,0,5,0,True,0.0,3.0,4.0,42.4,405.0,337.0,63.0,42.0,114.055,11.0,1.0,6.0,6.0
2019,2025114,50051,64388,5,0,3,True,5.0,6.0,6.0,57.599999999999994,655.0,591.0,60.0,55.0,116.279,11.0,3.0,3.0,4.0
2019,2025115,50139,52682,1,2,0,True,1.0,3.0,10.0,53.7,519.0,467.0,60.0,55.0,106.424,15.0,3.0,3.0,3.0
2019,2025115,52682,50139,2,1,3,True,2.0,3.0,3.0,46.300000000000004,418.0,366.0,55.0,28.0,100.172,17.0,3.0,3.0,10.0
2019,2025117,50129,50143,0,2,0,True,0.0,2.0,2.0,38.3,333.0,254.0,83.0,24.0,103.246,18.0,3.0,5.0,8.0
2019,2025117,50143,50129,2,0,3,True,2.0,5.0,8.0,61.7,696.0,615.0,52.0,51.0,105.454,11.0,2.0,2.0,2.0
2019,2025122,54266,64388,1,2,0,True,1.0,5.0,6.0,53.7,465.0,379.0,72.0,46.0,113.539,14.0,5.0,7.0,5.0
2019,2025122,64388,54266,2,1,3,True,2.0,7.0,5.0,46.300000000000004,395.0,318.0,82.0,42.0,112.953,15.0,4.0,5.0,6.0
2019,2025118,50037,50147,5,1,3,True,5.0,10.0,3.0,60.0,688.0,621.0,76.0,46.0,115.564,12.0,1.0,2.0,3.0
2019,2025118,50147,50037,1,5,0,True,1.0,2.0,3.0,40.0,494.0,418.0,57.0,15.0,114.27,8.0,5.0,10.0,3.0
2019,2025119,2600431,52707,2,3,0,True,2.0,4.0,8.0,57.8,631.0,544.0,70.0,39.0,114.785,16.0,5.0,8.0,3.0
2019,2025119,52707,2600431,3,2,3,True,3.0,8.0,3.0,42.199999999999996,464.0,395.0,42.0,28.0,116.822,11.0,2.0,4.0,8.0
2019,2025120,5312,52919,2,2,1,True,2.0,4.0,5.0,43.2,489.0,432.0,48.0,27.0,108.21,5.0,4.0,6.0,3.0
2019,2025120,52919,5312,2,2,1,True,2.0,6.0,3.0,56.8,699.0,644.0,43.0,47.0,107.117,11.0,2.0,4.0,5.0
2019,2025121,50137,50051,0,2,0,True,0.0,5.0,7.0,42.699999999999996,428.0,335.0,80.0,36.0,115.027,14.0,5.0,6.0,3.0
2019,2025121,50051,50137,2,0,3,True,2.0,6.0,3.0,57.3,626.0,532.0,83.0,45.0,112.86,11.0,5.0,5.0,7.0
2019,2025123,52682,50031,1,0,3,True,1.0,4.0,13.0,61.4,662.0,589.0,69.0,63.0,112.167,13.0,1.0,0.0,5.0
2019,2025123,50031,52682,0,1,0,True,0.0,0.0,5.0,38.6,339.0,264.0,68.0,33.0,116.703,19.0,3.0,4.0,13.0
2019,2025124,50139,52268,1,0,3,True,1.0,7.0,8.0,55.50000000000001,566.0,487.0,63.0,64.0,113.039,18.0,1.0,1.0,2.0
2019,2025124,52268,50139,0,1,0,True,0.0,1.0,2.0,44.5,448.0,369.0,54.0,33.0,108.109,14.0,6.0,7.0,8.0
2019,2025126,50124,50023,2,0,3,True,2.0,4.0,5.0,51.800000000000004,595.0,532.0,61.0,45.0,109.303,14.0,4.0,3.0,6.0
2019,2025126,50023,50124,0,2,0,True,0.0,3.0,6.0,48.199999999999996,457.0,404.0,60.0,35.0,112.441,14.0,2.0,4.0,5.0
2019,2025131,53065,50067,2,0,3,True,2.0,3.0,7.0,42.699999999999996,411.0,340.0,52.0,40.0,107.619,18.0,2.0,2.0,2.0
2019,2025131,50067,53065,0,2,0,True,0.0,2.0,2.0,57.3,566.0,492.0,56.0,43.0,103.105,12.0,2.0,3.0,7.0
2019,2025125,52758,50043,0,0,1,True,0.0,2.0,6.0,70.39999999999999,1029.0,960.0,62.0,70.0,114.145,8.0,0.0,0.0,4.0
2019,2025125,50043,52758,0,0,1,True,0.0,0.0,4.0,29.599999999999998,361.0,294.0,62.0,16.0,114.068,5.0,2.0,2.0,6.0
2019,2025127,50062,50080,1,2,0,True,1.0,9.0,9.0,39.6,379.0,308.0,50.0,43.0,108.061,15.0,4.0,6.0,8.0
2019,2025127,50080,50062,2,1,3,True,2.0,6.0,8.0,60.4,685.0,590.0,65.0,46.0,102.456,11.0,8.0,9.0,9.0
2019,2025128,1652,50138,1,0,3,True,1.0,5.0,6.0,52.400000000000006,487.0,400.0,74.0,44.0,110.994,17.0,2.0,2.0,4.0
2019,2025128,50138,1652,0,1,0,True,0.0,2.0,4.0,47.599999999999994,446.0,352.0,83.0,33.0,110.217,12.0,4.0,5.0,6.0
2019,2025129,52747,7889,2,1,3,True,2.0,8.0,2.0,47.099999999999994,417.0,354.0,43.0,28.0,105.046,13.0,0.0,1.0,3.0
2019,2025129,7889,52747,1,2,0,True,1.0,1.0,3.0,52.900000000000006,531.0,452.0,63.0,47.0,106.446,20.0,6.0,8.0,2.0
2019,2025130,50136,50069,3,1,3,True,3.0,8.0,6.0,62.5,866.0,764.0,102.0,62.0,116.615,8.0,3.0,4.0,6.0
2019,2025130,50069,50136,1,3,0,True,1.0,4.0,6.0,37.5,466.0,386.0,54.0,24.0,119.633,16.0,5.0,8.0,6.0
2019,2025132,50064,57388,3,1,3,True,3.0,6.0,5.0,59.5,473.0,396.0,55.0,40.0,106.686,11.0,1.0,2.0,1.0
2019,2025132,57388,50064,1,3,0,True,1.0,2.0,1.0,40.5,303.0,237.0,48.0,24.0,104.305,16.0,3.0,6.0,5.0
2019,2025139,50067,50064,2,3,0,True,2.0,5.0,9.0,61.5,526.0,427.0,95.0,56.0,101.841,14.0,0.0,3.0,1.0
2019,2025139,50064,50067,3,2,3,True,3.0,3.0,1.0,38.5,310.0,219.0,57.0,22.0,108.763,16.0,3.0,5.0,9.0
2019,2025140,57388,53065,1,0,3,True,1.0,6.0,3.0,57.099999999999994,537.0,453.0,67.0,61.0,112.812,16.0,2.0,2.0,5.0
2019,2025140,53065,57388,0,1,0,True,0.0,2.0,5.0,42.9,395.0,321.0,54.0,19.0,110.563,14.0,5.0,6.0,3.0
2019,2025133,50043,50124,0,0,1,True,0.0,2.0,2.0,42.9,429.0,323.0,73.0,20.0,105.994,13.0,3.0,3.0,4.0
2019,2025133,50124,50043,0,0,1,True,0.0,3.0,4.0,57.099999999999994,566.0,464.0,66.0,49.0,109.509,8.0,2.0,2.0,2.0
2019,2025134,50023,52758,0,2,0,True,0.0,0.0,3.0,40.400000000000006,468.0,402.0,55.0,24.0,119.601,10.0,2.0,4.0,6.0
2019,2025134,52758,50023,2,0,3,True,2.0,4.0,6.0,59.599999999999994,769.0,699.0,63.0,54.0,117.567,12.0,0.0,0.0,3.0
2019,2025135,50080,1652,1,1,1,True,1.0,3.0,7.0,49.8,533.0,480.0,66.0,35.0,113.937,9.0,5.0,6.0,3.0
2019,2025135,1652,50080,1,1,1,True,1.0,6.0,3.0,50.2,549.0,480.0,67.0,61.0,120.406,19.0,2.0,3.0,7.0
2019,2025136,50138,50062,1,1,1,True,1.0,9.0,8.0,59.599999999999994,676.0,573.0,84.0,57.0,112.375,15.0,4.0,5.0,1.0
2019,2025136,50062,50138,1,1,1,True,1.0,5.0,1.0,40.400000000000006,365.0,279.0,74.0,24.0,112.509,17.0,8.0,9.0,8.0
2019,2025137,7889,50136,1,0,3,True,1.0,5.0,13.0,50.2,532.0,425.0,81.0,53.0,118.775,16.0,3.0,3.0,5.0
2019,2025137,50136,7889,0,1,0,True,0.0,3.0,5.0,49.8,577.0,443.0,95.0,31.0,114.692,6.0,5.0,5.0,13.0
2019,2025138,50069,52747,1,4,0,True,1.0,2.0,3.0,34.1,315.0,249.0,42.0,26.0,113.793,19.0,5.0,9.0,5.0
2019,2025138,52747,50069,4,1,3,True,4.0,9.0,5.0,65.9,719.0,647.0,57.0,44.0,106.732,12.0,1.0,2.0,3.0
2019,2025145,50051,54266,0,3,0,True,0.0,7.0,3.0,64.1,691.0,615.0,86.0,71.0,104.135,10.0,3.0,5.0,6.0
2019,2025145,54266,50051,3,0,3,True,3.0,5.0,6.0,35.9,322.0,259.0,57.0,34.0,110.991,15.0,8.0,7.0,3.0
2019,2025146,64388,50137,2,1,3,True,2.0,4.0,6.0,38.4,341.0,266.0,54.0,33.0,110.155,14.0,3.0,4.0,4.0
2019,2025146,50137,64388,1,2,0,True,1.0,4.0,4.0,61.6,567.0,496.0,53.0,52.0,105.518,17.0,2.0,4.0,6.0
2019,2025141,50143,50037,3,3,1,True,3.0,8.0,3.0,54.900000000000006,573.0,480.0,52.0,46.0,117.501,14.0,5.0,8.0,3.0
2019,2025141,50037,50143,3,3,1,True,3.0,8.0,3.0,45.1,469.0,391.0,67.0,29.0,115.192,15.0,5.0,8.0,3.0
2019,2025142,50147,50129,1,0,3,True,1.0,9.0,14.0,57.199999999999996,550.0,480.0,65.0,61.0,113.188,9.0,0.0,0.0,3.0
2019,2025142,50129,50147,0,1,0,True,0.0,0.0,3.0,42.8,342.0,281.0,61.0,20.0,112.147,14.0,8.0,9.0,14.0
2019,2025143,52707,5312,1,1,1,True,1.0,2.0,3.0,52.900000000000006,560.0,487.0,58.0,35.0,117.458,9.0,5.0,6.0,8.0
2019,2025143,5312,52707,1,1,1,True,1.0,6.0,8.0,47.099999999999994,503.0,435.0,59.0,42.0,114.901,12.0,1.0,2.0,3.0
2019,2025144,52919,2600431,2,1,3,True,2.0,10.0,12.0,60.5,526.0,475.0,45.0,74.0,112.492,11.0,4.0,4.0,6.0
2019,2025144,2600431,52919,1,2,0,True,1.0,4.0,6.0,39.5,325.0,264.0,49.0,37.0,115.689,14.0,9.0,10.0,12.0
2019,2025147,50031,50139,2,1,3,True,2.0,3.0,4.0,41.5,433.0,347.0,68.0,27.0,117.574,20.0,5.0,6.0,14.0
2019,2025147,50139,50031,1,2,0,True,1.0,6.0,14.0,58.5,622.0,538.0,89.0,58.0,115.897,9.0,1.0,3.0,4.0
2019,2025148,52268,52682,2,1,3,True,2.0,3.0,5.0,48.9,485.0,413.0,58.0,39.0,113.034,6.0,4.0,5.0,5.0
2019,2025148,52682,52268,1,2,0,True,1.0,5.0,5.0,51.1,595.0,521.0,59.0,42.0,107.539,23.0,2.0,3.0,5.0
2020,2027034,50138,52498,1,1,1,True,1.0,6.0,9.0,54.800000000000004,505.0,407.0,64.0,33.0,109.372,10.0,4.0,5.0,5.0
2020,2027034,52498,50138,1,1,1,True,1.0,5.0,5.0,45.2,414.0,323.0,77.0,40.0,118.52,18.0,5.0,6.0,9.0
2020,2027037,5312,52826,1,1,1,True,1.0,8.0,6.0,55.00000000000001,604.0,529.0,86.0,70.0,108.733,7.0,3.0,3.0,8.0
2020,2027037,52826,5312,1,1,1,True,1.0,3.0,8.0,45.0,419.0,348.0,64.0,40.0,108.724,12.0,7.0,8.0,6.0
2020,2027032,50030,61582,6,2,3,True,6.0,13.0,7.0,45.800000000000004,438.0,345.0,59.0,50.0,114.871,18.0,2.0,4.0,4.0
2020,2027032,61582,50030,2,6,0,True,2.0,4.0,4.0,54.2,504.0,389.0,85.0,29.0,107.026,5.0,7.0,13.0,7.0
2020,2027033,50136,7889,2,0,3,True,2.0,5.0,2.0,48.6,522.0,453.0,72.0,37.0,103.569,4.0,4.0,4.0,5.0
2020,2027033,7889,50136,0,2,0,True,0.0,4.0,5.0,51.4,592.0,501.0,85.0,52.0,103.141,10.0,3.0,5.0,2.0
2020,2027035,52758,50080,0,0,1,True,0.0,4.0,7.0,39.2,475.0,411.0,31.0,16.0,107.374,11.0,1.0,1.0,1.0
2020,2027035,50080,52758,0,0,1,True,0.0,1.0,1.0,60.8,671.0,602.0,68.0,18.0,104.192,10.0,4.0,4.0,7.0
2020,2027036,50147,2603790,1,2,0,True,1.0,7.0,7.0,49.2,526.0,453.0,71.0,38.0,109.852,11.0,1.0,3.0,3.0
2020,2027036,2603790,50147,2,1,3,True,2.0,3.0,3.0,50.8,592.0,495.0,62.0,48.0,114.603,12.0,6.0,7.0,7.0
2020,2027038,50143,75797,3,0,3,True,3.0,7.0,3.0,58.199999999999996,684.0,584.0,83.0,53.0,118.057,9.0,6.0,5.0,6.0
2020,2027038,75797,50143,0,3,0,True,0.0,5.0,6.0,41.8,427.0,330.0,68.0,39.0,112.859,13.0,4.0,7.0,3.0
2020,2027039,52914,52268,0,1,0,True,0.0,6.0,7.0,56.39999999999999,635.0,558.0,75.0,,109.559,25.0,1.0,2.0,5.0
2020,2027039,52268,52914,1,0,3,True,1.0,2.0,5.0,43.6,428.0,358.0,69.0,,107.261,10.0,6.0,6.0,7.0
2020,2027024,50043,50067,0,0,1,True,0.0,2.0,7.0,45.5,379.0,282.0,101.0,43.0,103.409,15.0,1.0,1.0,7.0
2020,2027024,50067,50043,0,0,1,True,0.0,1.0,7.0,54.50000000000001,527.0,421.0,78.0,30.0,102.391,12.0,2.0,2.0,7.0
2020,2027026,2610,1652,2,2,1,True,2.0,5.0,9.0,45.800000000000004,482.0,413.0,73.0,36.0,107.311,10.0,3.0,5.0,2.0
2020,2027026,1652,2610,2,2,1,True,2.0,5.0,2.0,54.2,616.0,533.0,62.0,56.0,111.064,14.0,3.0,5.0,9.0
2020,2027025,52747,50051,3,0,3,True,3.0,5.0,2.0,51.6,656.0,575.0,58.0,35.0,104.3,15.0,0.0,0.0,9.0
2020,2027025,50051,52747,0,3,0,True,0.0,0.0,9.0,48.4,583.0,502.0,91.0,25.0,100.928,14.0,2.0,5.0,2.0
2020,2027027,50037,50069,3,0,3,True,3.0,10.0,12.0,64.60000000000001,829.0,734.0,89.0,108.0,115.945,10.0,0.0,0.0,6.0
2020,2027027,50069,50037,0,3,0,True,0.0,0.0,6.0,35.4,325.0,261.0,59.0,18.0,113.765,6.0,8.0,10.0,12.0
2020,2027028,52707,52919,0,3,0,True,0.0,1.0,3.0,49.9,646.0,560.0,57.0,23.0,112.329,7.0,2.0,5.0,11.0
2020,2027028,52919,52707,3,0,3,True,3.0,5.0,11.0,50.1,704.0,618.0,48.0,58.0,114.749,16.0,1.0,1.0,3.0
2020,2027029,50164,52816,4,0,3,True,4.0,6.0,5.0,49.5,366.0,276.0,63.0,38.0,105.329,19.0,2.0,2.0,8.0
2020,2027029,52816,50164,0,4,0,True,0.0,2.0,8.0,50.5,400.0,324.0,59.0,42.0,104.361,19.0,2.0,6.0,5.0
2020,2027030,50124,50139,2,2,1,True,2.0,8.0,5.0,46.5,491.0,427.0,68.0,52.0,113.908,12.0,3.0,5.0,2.0
2020,2027030,50139,50124,2,2,1,True,2.0,5.0,2.0,53.5,581.0,529.0,71.0,39.0,110.148,12.0,7.0,8.0,5.0
2020,2027031,50109,53065,1,2,0,True,1.0,5.0,7.0,69.6,880.0,776.0,68.0,74.0,118.235,13.0,2.0,4.0,3.0
2020,2027031,53065,50109,2,1,3,True,2.0,4.0,3.0,30.4,250.0,180.0,56.0,18.0,111.762,7.0,5.0,5.0,7.0
2020,2027048,50051,50043,2,2,1,True,2.0,6.0,14.0,66.7,752.0,658.0,87.0,83.0,104.871,7.0,2.0,4.0,3.0
2020,2027048,50043,50051,2,2,1,True,2.0,4.0,3.0,33.300000000000004,259.0,189.0,69.0,17.0,105.928,15.0,4.0,6.0,14.0
2020,2027052,52816,52707,1,2,0,True,1.0,5.0,6.0,54.50000000000001,598.0,536.0,68.0,52.0,111.334,21.0,4.0,6.0,3.0
2020,2027052,52707,52816,2,1,3,True,2.0,6.0,3.0,45.5,454.0,386.0,54.0,32.0,115.442,11.0,4.0,5.0,6.0
2020,2027049,50067,52747,0,1,0,True,0.0,1.0,3.0,47.599999999999994,504.0,394.0,74.0,33.0,105.451,22.0,5.0,6.0,9.0
2020,2027049,52747,50067,1,0,3,True,1.0,6.0,9.0,52.400000000000006,502.0,407.0,73.0,48.0,104.889,14.0,1.0,1.0,3.0
2020,2027050,50069,2610,3,1,3,True,3.0,6.0,10.0,54.0,426.0,365.0,63.0,47.0,105.926,17.0,1.0,2.0,6.0
2020,2027050,2610,50069,1,3,0,True,1.0,2.0,6.0,46.0,302.0,232.0,72.0,24.0,98.902,16.0,3.0,6.0,10.0
2020,2027051,1652,50037,2,7,0,True,2.0,8.0,5.0,43.7,433.0,355.0,52.0,37.0,108.39,15.0,4.0,11.0,6.0
2020,2027051,50037,1652,7,2,3,True,7.0,11.0,6.0,56.3,610.0,530.0,84.0,57.0,112.687,8.0,6.0,8.0,5.0
2020,2027053,52919,50164,2,0,3,True,2.0,6.0,11.0,72.89999999999999,855.0,742.0,74.0,84.0,110.19,9.0,1.0,1.0,1.0
2020,2027053,50164,52919,0,2,0,True,0.0,1.0,1.0,27.1,210.0,122.0,45.0,9.0,107.795,12.0,4.0,6.0,11.0
2020,2027054,53065,50124,0,2,0,True,0.0,3.0,7.0,42.199999999999996,372.0,280.0,55.0,37.0,103.688,12.0,6.0,8.0,9.0
2020,2027054,50124,53065,2,0,3,True,2.0,8.0,9.0,57.8,603.0,507.0,62.0,48.0,106.386,14.0,3.0,3.0,7.0
2020,2027055,50139,50109,3,0,3,True,3.0,7.0,3.0,48.5,564.0,484.0,68.0,31.0,115.22,10.0,0.0,0.0,8.0
2020,2027055,50109,50139,0,3,0,True,0.0,0.0,8.0,51.5,665.0,585.0,75.0,35.0,117.532,18.0,4.0,7.0,3.0
2020,2027041,61582,50136,0,0,1,True,0.0,2.0,8.0,41.5,357.0,258.0,70.0,53.0,111.548,6.0,2.0,2.0,9.0
2020,2027041,50136,61582,0,0,1,True,0.0,2.0,9.0,58.5,606.0,509.0,65.0,61.0,108.077,14.0,2.0,2.0,8.0
2020,2027043,52498,52758,0,2,0,True,0.0,7.0,5.0,50.7,523.0,417.0,83.0,63.0,127.777,6.0,3.0,5.0,2.0
2020,2027043,52758,52498,2,0,3,True,2.0,5.0,2.0,49.3,525.0,435.0,65.0,34.0,119.255,10.0,7.0,7.0,5.0
2020,2027040,7889,50030,4,3,3,True,4.0,5.0,2.0,65.5,807.0,666.0,128.0,56.0,112.593,7.0,2.0,5.0,5.0
2020,2027040,50030,7889,3,4,0,True,3.0,5.0,5.0,34.5,367.0,261.0,63.0,26.0,119.049,12.0,1.0,5.0,2.0
2020,2027042,50080,50138,2,1,3,True,2.0,7.0,7.0,62.5,795.0,722.0,59.0,75.0,104.593,17.0,2.0,3.0,3.0
2020,2027042,50138,50080,1,2,0,True,1.0,3.0,3.0,37.5,433.0,369.0,55.0,19.0,114.899,18.0,5.0,7.0,7.0
2020,2027044,52826,50147,3,1,3,True,3.0,6.0,8.0,46.2,455.0,362.0,79.0,45.0,110.825,11.0,6.0,7.0,6.0
2020,2027044,50147,52826,1,3,0,True,1.0,7.0,6.0,53.800000000000004,611.0,502.0,67.0,63.0,113.468,7.0,4.0,6.0,8.0
2020,2027045,2603790,5312,0,2,0,True,0.0,4.0,7.0,54.800000000000004,662.0,554.0,54.0,55.0,113.795,7.0,0.0,2.0,6.0
2020,2027045,5312,2603790,2,0,3,True,2.0,2.0,6.0,45.2,471.0,380.0,68.0,30.0,110.789,6.0,4.0,4.0,7.0
2020,2027046,52268,50143,0,3,0,True,0.0,4.0,5.0,56.49999999999999,538.0,482.0,71.0,45.0,103.472,8.0,3.0,6.0,5.0
2020,2027046,50143,52268,3,0,3,True,3.0,6.0,5.0,43.5,455.0,391.0,42.0,43.0,111.217,22.0,5.0,4.0,5.0
2020,2027047,75797,52914,1,2,0,True,1.0,4.0,2.0,37.8,362.0,283.0,70.0,31.0,113.28,11.0,1.0,3.0,6.0
2020,2027047,52914,75797,2,1,3,True,2.0,3.0,6.0,62.2,626.0,554.0,94.0,50.0,109.09,6.0,3.0,4.0,2.0
2020,2027069,52707,50164,2,2,1,True,2.0,4.0,4.0,62.3,609.0,543.0,50.0,38.0,105.856,8.0,2.0,4.0,4.0
2020,2027069,50164,52707,2,2,1,True,2.0,4.0,4.0,37.7,327.0,249.0,52.0,39.0,106.015,21.0,2.0,4.0,4.0
2020,2027071,50124,50109,1,0,3,True,1.0,2.0,3.0,43.1,433.0,340.0,74.0,28.0,117.176,12.0,1.0,1.0,4.0
2020,2027071,50109,50124,0,1,0,True,0.0,1.0,4.0,56.89999999999999,664.0,556.0,93.0,46.0,121.111,11.0,1.0,2.0,3.0
2020,2027064,50067,50051,0,1,0,True,0.0,3.0,4.0,53.800000000000004,669.0,547.0,72.0,50.0,107.667,15.0,12.0,13.0,8.0
2020,2027064,50051,50067,1,0,3,True,1.0,13.0,8.0,46.2,524.0,425.0,54.0,51.0,107.456,4.0,3.0,3.0,4.0
2020,2027065,50043,52747,0,5,0,True,0.0,0.0,6.0,49.9,466.0,374.0,70.0,40.0,102.632,15.0,3.0,8.0,4.0
2020,2027065,52747,50043,5,0,3,True,5.0,8.0,4.0,50.1,530.0,454.0,60.0,24.0,104.522,11.0,0.0,0.0,6.0
2020,2027066,1652,50069,5,0,3,True,5.0,12.0,6.0,55.300000000000004,646.0,573.0,63.0,46.0,112.359,10.0,5.0,5.0,6.0
2020,2027066,50069,1652,0,5,0,True,0.0,5.0,6.0,44.7,456.0,397.0,62.0,29.0,112.432,8.0,7.0,12.0,6.0
2020,2027067,2610,50037,2,3,0,True,2.0,3.0,6.0,41.9,410.0,339.0,66.0,26.0,111.895,9.0,3.0,6.0,6.0
2020,2027067,50037,2610,3,2,3,True,3.0,6.0,6.0,58.099999999999994,628.0,570.0,77.0,49.0,114.349,14.0,1.0,3.0,6.0
2020,2027068,52919,52816,5,1,3,True,5.0,11.0,3.0,55.800000000000004,515.0,455.0,77.0,42.0,110.607,15.0,6.0,6.0,4.0
2020,2027068,52816,52919,1,5,0,True,1.0,6.0,4.0,44.2,408.0,355.0,53.0,36.0,112.598,12.0,6.0,11.0,3.0
2020,2027070,50139,53065,2,1,3,True,2.0,7.0,10.0,67.9,791.0,697.0,63.0,73.0,109.991,14.0,2.0,3.0,2.0
2020,2027070,53065,50139,1,2,0,True,1.0,3.0,2.0,32.1,254.0,176.0,63.0,16.0,107.296,13.0,5.0,7.0,10.0
2020,2027060,2603790,52826,2,1,3,True,2.0,6.0,8.0,58.9,707.0,611.0,55.0,67.0,117.5,10.0,1.0,2.0,3.0
2020,2027060,52826,2603790,1,2,0,True,1.0,2.0,3.0,41.099999999999994,394.0,288.0,80.0,29.0,112.706,8.0,4.0,6.0,8.0
2020,2027063,50143,52914,0,1,0,True,0.0,2.0,4.0,51.5,484.0,397.0,60.0,45.0,110.547,14.0,3.0,4.0,10.0
2020,2027063,52914,50143,1,0,3,True,1.0,4.0,10.0,48.5,447.0,369.0,74.0,52.0,105.753,15.0,2.0,2.0,4.0
2020,2027056,61582,7889,1,4,0,True,1.0,3.0,4.0,33.900000000000006,287.0,217.0,56.0,29.0,109.059,6.0,3.0,7.0,5.0
2020,2027056,7889,61582,4,1,3,True,4.0,7.0,5.0,66.10000000000001,812.0,724.0,85.0,60.0,110.764,14.0,2.0,3.0,4.0
2020,2027057,50030,50136,2,3,0,True,2.0,5.0,8.0,52.6,497.0,403.0,52.0,50.0,112.245,11.0,1.0,4.0,4.0
2020,2027057,50136,50030,3,2,3,True,3.0,4.0,4.0,47.4,467.0,374.0,69.0,31.0,103.533,10.0,3.0,5.0,8.0
2020,2027058,52498,50080,1,2,0,True,1.0,8.0,9.0,46.0,481.0,394.0,65.0,54.0,123.422,17.0,6.0,7.0,3.0
2020,2027058,50080,52498,2,1,3,True,2.0,7.0,3.0,54.0,525.0,449.0,58.0,36.0,106.986,9.0,7.0,8.0,9.0
2020,2027059,50138,52758,2,0,3,True,2.0,4.0,3.0,49.1,488.0,429.0,57.0,22.0,112.963,14.0,2.0,2.0,1.0
2020,2027059,52758,50138,0,2,0,True,0.0,2.0,1.0,50.9,661.0,593.0,61.0,53.0,108.339,15.0,2.0,4.0,3.0
2020,2027061,50147,5312,2,1,3,True,2.0,2.0,5.0,43.8,457.0,346.0,60.0,24.0,112.653,15.0,1.0,2.0,5.0
2020,2027061,5312,50147,1,2,0,True,1.0,2.0,5.0,56.2,589.0,482.0,75.0,40.0,110.617,18.0,0.0,2.0,5.0
2020,2027062,75797,52268,1,1,1,True,1.0,6.0,15.0,55.800000000000004,507.0,433.0,61.0,67.0,114.239,23.0,2.0,3.0,1.0
2020,2027062,52268,75797,1,1,1,True,1.0,3.0,1.0,44.2,402.0,327.0,64.0,16.0,108.72,10.0,5.0,6.0,15.0
2020,2027082,50080,52498,0,0,1,True,0.0,6.0,4.0,60.3,661.0,570.0,78.0,39.0,111.056,10.0,1.0,0.0,3.0
2020,2027082,52498,50080,0,0,1,True,0.0,0.0,3.0,39.7,401.0,329.0,60.0,45.0,125.317,17.0,7.0,6.0,4.0
2020,2027084,52826,2603790,0,2,0,True,0.0,5.0,4.0,36.0,338.0,245.0,69.0,29.0,111.023,7.0,7.0,9.0,4.0
2020,2027084,2603790,52826,2,0,3,True,2.0,9.0,4.0,64.0,746.0,649.0,64.0,65.0,117.537,12.0,5.0,5.0,4.0
2020,2027080,7889,61582,2,1,3,True,2.0,8.0,8.0,63.1,809.0,705.0,100.0,77.0,115.635,10.0,2.0,3.0,3.0
2020,2027080,61582,7889,1,2,0,True,1.0,3.0,3.0,36.9,327.0,230.0,74.0,22.0,115.229,4.0,6.0,8.0,8.0
2020,2027081,50136,50030,1,1,1,True,1.0,3.0,19.0,55.7,543.0,446.0,75.0,52.0,108.997,7.0,0.0,1.0,7.0
2020,2027081,50030,50136,1,1,1,True,1.0,1.0,7.0,44.3,419.0,331.0,59.0,35.0,114.865,25.0,4.0,3.0,19.0
2020,2027083,52758,50138,3,2,3,True,3.0,6.0,10.0,56.39999999999999,770.0,677.0,63.0,65.0,120.164,10.0,2.0,4.0,4.0
2020,2027083,50138,52758,2,3,0,True,2.0,4.0,4.0,43.6,499.0,426.0,58.0,24.0,122.389,9.0,5.0,6.0,10.0
2020,2027085,5312,50147,3,1,3,True,3.0,6.0,4.0,52.800000000000004,554.0,461.0,94.0,41.0,116.715,8.0,2.0,3.0,11.0
2020,2027085,50147,5312,1,3,0,True,1.0,3.0,11.0,47.199999999999996,481.0,390.0,55.0,55.0,117.399,9.0,3.0,6.0,4.0
2020,2027086,52268,75797,4,1,3,True,4.0,8.0,5.0,54.0,449.0,355.0,67.0,41.0,104.911,7.0,3.0,4.0,8.0
2020,2027086,75797,52268,1,4,0,True,1.0,4.0,8.0,46.0,375.0,298.0,49.0,41.0,106.508,19.0,5.0,8.0,5.0
2020,2027087,52914,50143,4,4,1,True,4.0,10.0,7.0,52.0,446.0,357.0,61.0,48.0,106.094,10.0,3.0,5.0,3.0
2020,2027087,50143,52914,4,4,1,True,4.0,5.0,3.0,48.0,387.0,271.0,70.0,35.0,104.812,12.0,6.0,10.0,7.0
2020,2027075,50037,2610,2,0,3,True,2.0,10.0,9.0,65.0,714.0,628.0,62.0,77.0,114.681,12.0,0.0,0.0,2.0
2020,2027075,2610,50037,0,2,0,True,0.0,0.0,2.0,35.0,320.0,232.0,61.0,12.0,111.673,10.0,8.0,10.0,9.0
2020,2027078,53065,50139,1,2,0,True,1.0,5.0,8.0,35.8,346.0,273.0,59.0,39.0,106.374,15.0,7.0,9.0,5.0
2020,2027078,50139,53065,2,1,3,True,2.0,9.0,5.0,64.2,789.0,699.0,47.0,60.0,108.796,7.0,4.0,5.0,8.0
2020,2027072,50051,50067,6,0,3,True,6.0,12.0,4.0,63.800000000000004,831.0,756.0,81.0,78.0,107.266,5.0,2.0,2.0,1.0
2020,2027072,50067,50051,0,6,0,True,0.0,2.0,1.0,36.199999999999996,381.0,319.0,60.0,21.0,105.106,11.0,6.0,12.0,4.0
2020,2027073,52747,50043,1,0,3,True,1.0,2.0,4.0,62.2,714.0,640.0,54.0,46.0,105.886,5.0,4.0,4.0,5.0
2020,2027073,50043,52747,0,1,0,True,0.0,4.0,5.0,37.8,405.0,326.0,49.0,51.0,111.921,16.0,2.0,2.0,4.0
2020,2027074,50069,1652,0,4,0,True,0.0,2.0,1.0,37.5,392.0,264.0,90.0,19.0,108.241,12.0,1.0,5.0,10.0
2020,2027074,1652,50069,4,0,3,True,4.0,5.0,10.0,62.5,713.0,588.0,107.0,56.0,109.079,14.0,2.0,2.0,1.0
2020,2027076,52816,52919,1,1,1,True,1.0,2.0,3.0,41.699999999999996,422.0,343.0,61.0,31.0,111.676,12.0,3.0,4.0,3.0
2020,2027076,52919,52816,1,1,1,True,1.0,4.0,3.0,58.3,571.0,502.0,92.0,44.0,109.45,11.0,2.0,2.0,3.0
2020,2027077,50164,52707,3,3,1,True,3.0,5.0,2.0,43.8,421.0,332.0,65.0,31.0,109.252,15.0,5.0,8.0,6.0
2020,2027077,52707,50164,3,3,1,True,3.0,8.0,6.0,56.2,621.0,542.0,69.0,49.0,108.962,11.0,2.0,5.0,2.0
2020,2027079,50109,50124,2,1,3,True,2.0,3.0,8.0,54.300000000000004,539.0,453.0,75.0,41.0,116.893,18.0,7.0,8.0,2.0
2020,2027079,50124,50109,1,2,0,True,1.0,8.0,2.0,45.7,480.0,388.0,62.0,51.0,114.939,7.0,3.0,3.0,8.0
2020,2027096,50067,50043,1,1,1,True,1.0,3.0,4.0,46.1,368.0,261.0,66.0,28.0,108.502,17.0,5.0,6.0,5.0
2020,2027096,50043,50067,1,1,1,True,1.0,6.0,5.0,53.900000000000006,443.0,338.0,63.0,47.0,112.916,21.0,2.0,3.0,4.0
2020,2027103,53065,50109,0,2,0,True,0.0,5.0,5.0,45.7,474.0,375.0,68.0,23.0,107.433,21.0,4.0,5.0,7.0
2020,2027103,50109,53065,2,0,3,True,2.0,5.0,7.0,54.300000000000004,584.0,478.0,75.0,46.0,116.158,18.0,5.0,5.0,5.0
2020,2027097,50051,52747,2,2,1,True,2.0,13.0,10.0,51.6,723.0,635.0,57.0,69.0,106.831,14.0,2.0,4.0,4.0
2020,2027097,52747,50051,2,2,1,True,2.0,4.0,4.0,48.4,636.0,546.0,52.0,31.0,105.529,8.0,11.0,13.0,10.0
2020,2027098,1652,2610,4,2,3,True,4.0,5.0,5.0,56.99999999999999,528.0,456.0,49.0,51.0,106.641,11.0,1.0,3.0,4.0
2020,2027098,2610,1652,2,4,0,True,2.0,3.0,4.0,43.0,371.0,289.0,59.0,23.0,101.135,15.0,1.0,5.0,5.0
2020,2027099,50069,50037,0,6,0,True,0.0,1.0,1.0,33.2,300.0,211.0,55.0,15.0,110.662,8.0,10.0,16.0,4.0
2020,2027099,50037,50069,6,0,3,True,6.0,16.0,4.0,66.8,721.0,628.0,101.0,80.0,109.775,9.0,1.0,1.0,1.0
2020,2027100,52919,52707,1,1,1,True,1.0,7.0,5.0,58.9,726.0,630.0,58.0,67.0,114.686,13.0,1.0,2.0,3.0
2020,2027100,52707,52919,1,1,1,True,1.0,2.0,3.0,41.099999999999994,417.0,329.0,77.0,17.0,115.411,5.0,6.0,7.0,5.0
2020,2027101,52816,50164,2,0,3,True,2.0,8.0,11.0,56.3,542.0,439.0,72.0,66.0,109.267,12.0,1.0,1.0,4.0
2020,2027101,50164,52816,0,2,0,True,0.0,1.0,4.0,43.7,384.0,262.0,72.0,33.0,104.855,16.0,6.0,8.0,11.0
2020,2027102,50139,50124,1,0,3,True,1.0,2.0,3.0,58.699999999999996,666.0,594.0,59.0,34.0,111.707,13.0,2.0,2.0,9.0
2020,2027102,50124,50139,0,1,0,True,0.0,2.0,9.0,41.3,455.0,358.0,56.0,46.0,114.381,14.0,1.0,2.0,3.0
2020,2027093,52826,5312,2,0,3,True,2.0,4.0,4.0,49.0,411.0,319.0,73.0,37.0,109.136,12.0,6.0,5.0,6.0
2020,2027093,5312,52826,0,2,0,True,0.0,5.0,6.0,51.0,493.0,393.0,64.0,58.0,110.565,12.0,2.0,4.0,4.0
2020,2027095,52268,52914,2,2,1,True,2.0,7.0,10.0,50.7,474.0,403.0,90.0,48.0,112.516,11.0,3.0,5.0,8.0
2020,2027095,52914,52268,2,2,1,True,2.0,5.0,8.0,49.3,486.0,414.0,67.0,43.0,112.127,22.0,5.0,7.0,10.0
2020,2027088,61582,50030,1,4,0,True,1.0,6.0,4.0,53.0,422.0,305.0,75.0,53.0,104.244,10.0,1.0,5.0,6.0
2020,2027088,50030,61582,4,1,3,True,4.0,5.0,6.0,47.0,471.0,354.0,60.0,48.0,110.768,17.0,5.0,6.0,4.0
2020,2027089,7889,50136,1,1,1,True,1.0,4.0,5.0,64.5,747.0,649.0,102.0,91.0,111.831,15.0,0.0,1.0,2.0
2020,2027089,50136,7889,1,1,1,True,1.0,1.0,2.0,35.5,298.0,218.0,62.0,17.0,110.578,5.0,3.0,4.0,5.0
2020,2027090,52498,50138,1,3,0,True,1.0,5.0,8.0,59.4,635.0,541.0,100.0,34.0,125.678,21.0,2.0,5.0,8.0
2020,2027090,50138,52498,3,1,3,True,3.0,5.0,8.0,40.6,401.0,308.0,72.0,24.0,121.261,14.0,4.0,5.0,8.0
2020,2027091,50080,52758,3,1,3,True,3.0,6.0,4.0,46.2,612.0,529.0,71.0,30.0,105.66,13.0,3.0,4.0,4.0
2020,2027091,52758,50080,1,3,0,True,1.0,4.0,4.0,53.800000000000004,721.0,642.0,88.0,28.0,109.336,7.0,3.0,6.0,4.0
2020,2027092,2603790,50147,2,2,1,True,2.0,10.0,8.0,63.2,664.0,585.0,53.0,67.0,114.448,10.0,2.0,4.0,5.0
2020,2027092,50147,2603790,2,2,1,True,2.0,4.0,5.0,36.8,346.0,280.0,54.0,26.0,113.149,11.0,8.0,10.0,8.0
2020,2027094,75797,50143,0,2,0,True,0.0,5.0,4.0,43.5,415.0,330.0,66.0,36.0,110.823,12.0,1.0,3.0,9.0
2020,2027094,50143,75797,2,0,3,True,2.0,3.0,9.0,56.49999999999999,583.0,482.0,60.0,42.0,116.164,16.0,5.0,5.0,4.0
2020,2027112,50030,7889,0,2,0,True,0.0,7.0,2.0,43.1,460.0,346.0,65.0,32.0,114.836,10.0,5.0,7.0,12.0
2020,2027112,7889,50030,2,0,3,True,2.0,7.0,12.0,56.89999999999999,618.0,508.0,84.0,51.0,111.092,4.0,7.0,7.0,2.0
2020,2027113,50136,61582,4,0,3,True,4.0,5.0,6.0,53.400000000000006,605.0,535.0,55.0,48.0,104.424,10.0,2.0,2.0,8.0
2020,2027113,61582,50136,0,4,0,True,0.0,2.0,8.0,46.6,479.0,416.0,65.0,49.0,102.406,16.0,1.0,5.0,6.0
2020,2027114,50138,50080,1,2,0,True,1.0,7.0,5.0,41.699999999999996,433.0,340.0,70.0,45.0,118.232,13.0,3.0,5.0,6.0
2020,2027114,50080,50138,2,1,3,True,2.0,5.0,6.0,58.3,712.0,615.0,82.0,49.0,111.746,11.0,6.0,7.0,5.0
2020,2027115,52758,52498,2,1,3,True,2.0,8.0,4.0,49.9,532.0,415.0,75.0,34.0,116.367,10.0,7.0,7.0,7.0
2020,2027115,52498,52758,1,2,0,True,1.0,7.0,7.0,50.1,576.0,446.0,68.0,50.0,125.749,14.0,6.0,8.0,4.0
2020,2027116,50147,52826,3,0,3,True,3.0,6.0,7.0,58.199999999999996,637.0,565.0,80.0,66.0,109.34,9.0,1.0,1.0,3.0
2020,2027116,52826,50147,0,3,0,True,0.0,1.0,3.0,41.8,387.0,314.0,78.0,26.0,105.017,13.0,4.0,6.0,7.0
2020,2027117,5312,2603790,2,2,1,True,2.0,7.0,4.0,48.1,470.0,354.0,77.0,51.0,114.477,11.0,1.0,3.0,4.0
2020,2027117,2603790,5312,2,2,1,True,2.0,3.0,4.0,51.9,507.0,413.0,55.0,39.0,117.554,17.0,5.0,7.0,4.0
2020,2027118,50143,52268,0,1,0,True,0.0,2.0,9.0,61.0,599.0,450.0,65.0,76.0,113.359,20.0,2.0,3.0,4.0
2020,2027118,52268,50143,1,0,3,True,1.0,3.0,4.0,39.0,332.0,227.0,72.0,21.0,107.202,7.0,3.0,2.0,9.0
2020,2027119,52914,75797,2,1,3,True,2.0,9.0,5.0,61.0,683.0,563.0,78.0,68.0,106.441,10.0,1.0,2.0,4.0
2020,2027119,75797,52914,1,2,0,True,1.0,2.0,4.0,39.0,376.0,277.0,40.0,16.0,110.935,7.0,7.0,9.0,5.0
2020,2027108,52707,52816,0,3,0,True,0.0,2.0,4.0,53.2,518.0,452.0,63.0,33.0,106.652,11.0,6.0,8.0,7.0
2020,2027108,52816,52707,3,0,3,True,3.0,8.0,7.0,46.800000000000004,521.0,458.0,40.0,40.0,112.54,16.0,2.0,2.0,4.0
2020,2027109,50164,52919,1,4,0,True,1.0,2.0,3.0,30.0,319.0,240.0,56.0,24.0,110.403,8.0,3.0,7.0,5.0
2020,2027109,52919,50164,4,1,3,True,4.0,7.0,5.0,70.0,956.0,886.0,63.0,62.0,115.79,6.0,1.0,2.0,3.0
2020,2027104,50043,50051,1,3,0,True,1.0,2.0,4.0,44.7,493.0,412.0,60.0,41.0,115.383,12.0,2.0,5.0,4.0
2020,2027104,50051,50043,3,1,3,True,3.0,5.0,4.0,55.300000000000004,639.0,558.0,82.0,37.0,113.856,10.0,1.0,2.0,4.0
2020,2027105,52747,50067,5,0,3,True,5.0,10.0,4.0,57.9,665.0,591.0,50.0,45.0,104.959,17.0,0.0,0.0,3.0
2020,2027105,50067,52747,0,5,0,True,0.0,0.0,3.0,42.1,464.0,369.0,74.0,23.0,101.708,17.0,5.0,10.0,4.0
2020,2027106,2610,50069,1,0,3,True,1.0,9.0,16.0,66.2,571.0,479.0,83.0,59.0,106.277,15.0,2.0,2.0,3.0
2020,2027106,50069,2610,0,1,0,True,0.0,2.0,3.0,33.800000000000004,233.0,158.0,60.0,20.0,109.127,11.0,8.0,9.0,16.0
2020,2027107,50037,1652,3,1,3,True,3.0,11.0,9.0,64.0,726.0,624.0,99.0,76.0,115.364,9.0,4.0,5.0,1.0
2020,2027107,1652,50037,1,3,0,True,1.0,5.0,1.0,36.0,346.0,250.0,70.0,18.0,115.105,9.0,8.0,11.0,9.0
2020,2027110,50124,53065,2,0,3,True,2.0,6.0,9.0,63.4,671.0,592.0,57.0,74.0,111.74,13.0,1.0,1.0,0.0
2020,2027110,53065,50124,0,2,0,True,0.0,1.0,0.0,36.6,331.0,245.0,64.0,10.0,104.101,15.0,4.0,6.0,9.0
2020,2027111,50109,50139,0,2,0,True,0.0,1.0,7.0,54.6,666.0,573.0,83.0,41.0,116.901,14.0,0.0,2.0,4.0
2020,2027111,50139,50109,2,0,3,True,2.0,2.0,4.0,45.4,562.0,483.0,57.0,28.0,114.451,9.0,1.0,1.0,7.0
2021,2029384,52826,50043,1,2,0,True,1.0,3.0,7.0,51.1,511.0,388.0,80.0,4.0,110.674,15.0,1.0,3.0,6.0
2021,2029384,50043,52826,2,1,3,True,2.0,3.0,6.0,48.9,472.0,344.0,73.0,3.0,109.945,10.0,3.0,3.0,7.0
2021,2029387,52723,50139,0,2,0,True,0.0,3.0,6.0,47.8,550.0,479.0,82.0,32.0,116.083,14.0,4.0,6.0,4.0
2021,2029387,50139,52723,2,0,3,True,2.0,6.0,4.0,52.2,587.0,523.0,83.0,38.0,115.593,11.0,3.0,3.0,6.0
2021,2029382,52914,52714,0,0,1,True,0.0,4.0,2.0,44.2,505.0,395.0,62.0,27.0,112.651,12.0,2.0,2.0,2.0
2021,2029382,52714,52914,0,0,1,True,0.0,2.0,2.0,55.800000000000004,616.0,506.0,88.0,45.0,111.82,9.0,4.0,4.0,2.0
2021,2029383,55031,2601038,1,1,1,True,1.0,7.0,9.0,60.099999999999994,625.0,528.0,104.0,40.0,112.513,22.0,3.0,3.0,4.0
2021,2029383,2601038,55031,1,1,1,True,1.0,3.0,4.0,39.900000000000006,378.0,277.0,75.0,28.0,119.694,9.0,6.0,7.0,9.0
2021,2029385,52973,52758,3,1,3,True,3.0,5.0,2.0,38.9,406.0,322.0,50.0,36.0,113.625,6.0,6.0,7.0,5.0
2021,2029385,52758,52973,1,3,0,True,1.0,7.0,5.0,61.1,734.0,638.0,63.0,61.0,110.572,8.0,3.0,5.0,2.0
2021,2029386,50080,52298,5,1,3,True,5.0,11.0,6.0,57.8,759.0,691.0,32.0,74.0,100.902,7.0,1.0,2.0,6.0
2021,2029386,52298,50080,1,5,0,True,1.0,2.0,6.0,42.199999999999996,476.0,420.0,46.0,25.0,104.897,15.0,6.0,11.0,6.0
2021,2029388,2603790,2600288,2,0,3,True,2.0,7.0,3.0,48.9,485.0,387.0,67.0,32.0,114.038,18.0,3.0,3.0,5.0
2021,2029388,2600288,2603790,0,2,0,True,0.0,3.0,5.0,51.1,539.0,434.0,78.0,46.0,107.156,15.0,5.0,7.0,3.0
2021,2029389,52747,52682,1,2,0,True,1.0,5.0,6.0,58.699999999999996,562.0,476.0,64.0,46.0,98.432,8.0,4.0,6.0,5.0
2021,2029389,52682,52747,2,1,3,True,2.0,6.0,5.0,41.3,369.0,298.0,65.0,37.0,104.353,14.0,4.0,5.0,6.0
2021,2029275,50030,53065,2,2,1,True,2.0,7.0,4.0,52.2,475.0,372.0,59.0,48.0,106.641,17.0,1.0,3.0,0.0
2021,2029275,53065,50030,2,2,1,True,2.0,3.0,0.0,47.8,383.0,280.0,67.0,20.0,102.957,16.0,5.0,7.0,4.0
2021,2029277,50051,52707,2,3,0,True,2.0,5.0,3.0,57.199999999999996,702.0,620.0,68.0,76.0,107.139,11.0,4.0,6.0,1.0
2021,2029277,52707,50051,3,2,3,True,3.0,6.0,1.0,42.8,484.0,421.0,50.0,18.0,111.453,8.0,3.0,5.0,3.0
2021,2029276,50037,50124,4,0,3,True,4.0,5.0,7.0,60.199999999999996,628.0,530.0,78.0,56.0,110.94,8.0,1.0,1.0,6.0
2021,2029276,50124,50037,0,4,0,True,0.0,1.0,6.0,39.800000000000004,444.0,350.0,47.0,41.0,110.922,13.0,1.0,5.0,7.0
2021,2029278,50138,52757,2,2,1,True,2.0,4.0,7.0,56.00000000000001,571.0,481.0,68.0,36.0,110.466,16.0,0.0,2.0,0.0
2021,2029278,52757,50138,2,2,1,True,2.0,2.0,0.0,44.0,432.0,336.0,74.0,26.0,112.558,11.0,2.0,4.0,7.0
2021,2029279,52919,50064,3,1,3,True,3.0,6.0,2.0,65.3,659.0,563.0,78.0,40.0,105.253,15.0,1.0,2.0,4.0
2021,2029279,50064,52919,1,3,0,True,1.0,2.0,4.0,34.699999999999996,327.0,237.0,61.0,21.0,110.066,4.0,3.0,6.0,2.0
2021,2029280,2610,52748,1,0,3,True,1.0,3.0,5.0,52.7,466.0,390.0,79.0,35.0,106.648,12.0,2.0,2.0,6.0
2021,2029280,52748,2610,0,1,0,True,0.0,2.0,6.0,47.3,472.0,397.0,55.0,31.0,107.637,14.0,2.0,3.0,5.0
2021,2029281,75795,52816,0,4,0,True,0.0,3.0,6.0,51.9,477.0,372.0,60.0,39.0,110.023,10.0,7.0,11.0,6.0
2021,2029281,52816,75795,4,0,3,True,4.0,11.0,6.0,48.1,513.0,420.0,50.0,42.0,106.434,12.0,3.0,3.0,6.0
2021,2029282,50143,7889,0,1,0,True,0.0,4.0,6.0,47.199999999999996,527.0,406.0,70.0,41.0,119.029,10.0,4.0,4.0,4.0
2021,2029282,7889,50143,1,0,3,True,1.0,4.0,4.0,52.800000000000004,565.0,426.0,103.0,52.0,117.755,9.0,4.0,4.0,6.0
2021,2029399,53065,50037,1,2,0,True,1.0,5.0,5.0,36.4,344.0,266.0,66.0,37.0,110.174,11.0,2.0,4.0,8.0
2021,2029399,50037,53065,2,1,3,True,2.0,4.0,8.0,63.6,646.0,566.0,90.0,57.0,110.772,15.0,4.0,5.0,5.0
2021,2029401,52707,50138,0,0,1,True,0.0,1.0,2.0,43.3,452.0,375.0,73.0,18.0,110.01,5.0,4.0,4.0,6.0
2021,2029401,50138,52707,0,0,1,True,0.0,4.0,6.0,56.699999999999996,604.0,528.0,69.0,50.0,109.359,14.0,1.0,1.0,2.0
2021,2029398,50124,50030,3,2,3,True,3.0,8.0,8.0,50.5,456.0,371.0,71.0,37.0,103.676,15.0,2.0,3.0,3.0
2021,2029398,50030,50124,2,3,0,True,2.0,3.0,3.0,49.5,507.0,405.0,51.0,32.0,106.042,14.0,5.0,8.0,8.0
2021,2029400,52757,50051,2,2,1,True,2.0,5.0,2.0,36.3,439.0,350.0,56.0,19.0,121.234,20.0,4.0,6.0,7.0
2021,2029400,50051,52757,2,2,1,True,2.0,6.0,7.0,63.7,826.0,723.0,95.0,71.0,113.352,7.0,3.0,5.0,2.0
2021,2029402,52748,52919,0,3,0,True,0.0,2.0,0.0,37.3,474.0,396.0,58.0,14.0,111.326,5.0,1.0,4.0,3.0
2021,2029402,52919,52748,3,0,3,True,3.0,4.0,3.0,62.7,842.0,765.0,73.0,50.0,112.055,10.0,2.0,2.0,0.0
2021,2029403,50064,2610,2,0,3,True,2.0,5.0,4.0,45.1,443.0,355.0,85.0,32.0,109.954,13.0,3.0,3.0,4.0
2021,2029403,2610,50064,0,2,0,True,0.0,3.0,4.0,54.900000000000006,566.0,465.0,103.0,36.0,105.39,17.0,3.0,5.0,4.0
2021,2029404,7889,75795,2,0,3,True,2.0,2.0,6.0,60.4,643.0,548.0,87.0,33.0,112.849,11.0,2.0,2.0,4.0
2021,2029404,75795,7889,0,2,0,True,0.0,2.0,4.0,39.6,382.0,284.0,64.0,23.0,114.059,11.0,0.0,2.0,6.0
2021,2029405,52816,50143,2,2,1,True,2.0,6.0,5.0,45.800000000000004,411.0,313.0,63.0,41.0,106.372,12.0,5.0,7.0,2.0
2021,2029405,50143,52816,2,2,1,True,2.0,7.0,2.0,54.2,507.0,401.0,52.0,50.0,107.608,16.0,4.0,6.0,5.0
2021,2029390,2601038,52914,0,4,0,True,0.0,4.0,7.0,33.6,301.0,206.0,47.0,35.0,114.607,12.0,4.0,8.0,3.0
2021,2029390,52914,2601038,4,0,3,True,4.0,8.0,3.0,66.4,722.0,622.0,75.0,36.0,111.507,12.0,4.0,4.0,7.0
2021,2029397,2600288,52747,0,2,0,True,0.0,4.0,8.0,48.1,457.0,380.0,67.0,48.0,102.845,11.0,2.0,4.0,9.0
2021,2029397,52747,2600288,2,0,3,True,2.0,4.0,9.0,51.9,525.0,455.0,50.0,53.0,102.871,6.0,4.0,4.0,8.0
2021,2029391,52714,55031,1,0,3,True,1.0,8.0,10.0,61.6,571.0,489.0,96.0,52.0,108.375,14.0,2.0,2.0,0.0
2021,2029391,55031,52714,0,1,0,True,0.0,2.0,0.0,38.4,310.0,237.0,62.0,9.0,106.809,19.0,7.0,8.0,10.0
2021,2029392,52758,52826,2,0,3,True,2.0,6.0,5.0,65.4,882.0,791.0,83.0,92.0,113.301,7.0,0.0,0.0,2.0
2021,2029392,52826,52758,0,2,0,True,0.0,0.0,2.0,34.599999999999994,405.0,337.0,69.0,16.0,113.494,7.0,4.0,6.0,5.0
2021,2029393,50043,52973,1,1,1,True,1.0,3.0,5.0,57.8,623.0,506.0,99.0,63.0,115.463,18.0,2.0,3.0,4.0
2021,2029393,52973,50043,1,1,1,True,1.0,3.0,4.0,42.199999999999996,411.0,325.0,85.0,22.0,117.937,13.0,2.0,3.0,5.0
2021,2029394,50139,50080,0,2,0,True,0.0,0.0,6.0,48.199999999999996,529.0,461.0,52.0,44.0,114.111,19.0,2.0,4.0,5.0
2021,2029394,50080,50139,2,0,3,True,2.0,4.0,5.0,51.800000000000004,728.0,649.0,55.0,53.0,112.59,16.0,0.0,0.0,6.0
2021,2029395,52298,52723,2,2,1,True,2.0,4.0,7.0,50.6,543.0,475.0,57.0,39.0,114.544,14.0,1.0,3.0,1.0
2021,2029395,52723,52298,2,2,1,True,2.0,3.0,1.0,49.4,540.0,468.0,72.0,28.0,114.424,11.0,2.0,4.0,7.0
2021,2029396,52682,2603790,5,0,3,True,5.0,8.0,3.0,48.5,461.0,399.0,53.0,31.0,106.101,18.0,2.0,2.0,3.0
2021,2029396,2603790,52682,0,5,0,True,0.0,2.0,3.0,51.5,519.0,429.0,64.0,45.0,106.824,20.0,3.0,8.0,3.0
2021,2029414,53065,50124,1,1,1,True,1.0,1.0,2.0,39.0,358.0,286.0,46.0,15.0,105.565,11.0,4.0,5.0,6.0
2021,2029414,50124,53065,1,1,1,True,1.0,5.0,6.0,61.0,653.0,539.0,71.0,76.0,108.312,7.0,0.0,1.0,2.0
2021,2029416,52707,52757,0,6,0,True,0.0,1.0,3.0,54.800000000000004,665.0,597.0,75.0,25.0,106.189,7.0,4.0,9.0,7.0
2021,2029416,52757,52707,6,0,3,True,6.0,9.0,7.0,45.2,544.0,471.0,58.0,33.0,115.308,15.0,1.0,1.0,3.0
2021,2029415,50030,50037,2,6,0,True,2.0,11.0,3.0,42.0,392.0,303.0,48.0,43.0,111.692,11.0,4.0,9.0,6.0
2021,2029415,50037,50030,6,2,3,True,6.0,9.0,6.0,57.99999999999999,564.0,481.0,78.0,48.0,109.128,13.0,9.0,11.0,3.0
2021,2029417,50051,50138,3,2,3,True,3.0,7.0,3.0,52.5,610.0,529.0,81.0,34.0,108.929,13.0,1.0,3.0,5.0
2021,2029417,50138,50051,2,3,0,True,2.0,3.0,5.0,47.5,493.0,410.0,54.0,34.0,113.743,14.0,4.0,7.0,3.0
2021,2029418,50064,52748,3,0,3,True,3.0,4.0,2.0,40.9,374.0,282.0,63.0,25.0,104.431,14.0,0.0,0.0,6.0
2021,2029418,52748,50064,0,3,0,True,0.0,0.0,6.0,59.099999999999994,561.0,455.0,69.0,43.0,100.093,19.0,1.0,4.0,2.0
2021,2029419,52919,2610,3,0,3,True,3.0,6.0,6.0,54.2,703.0,638.0,54.0,61.0,111.336,9.0,1.0,1.0,1.0
2021,2029419,2610,52919,0,3,0,True,0.0,1.0,1.0,45.800000000000004,518.0,453.0,65.0,19.0,109.51,7.0,3.0,6.0,6.0
2021,2029420,52816,7889,0,5,0,True,0.0,6.0,1.0,45.0,480.0,400.0,47.0,35.0,108.705,6.0,7.0,12.0,1.0
2021,2029420,7889,52816,5,0,3,True,5.0,12.0,1.0,55.00000000000001,623.0,536.0,89.0,45.0,112.166,16.0,6.0,6.0,1.0
2021,2029421,75795,50143,1,2,0,True,1.0,4.0,3.0,46.0,451.0,328.0,87.0,32.0,117.402,18.0,2.0,4.0,1.0
2021,2029421,50143,75795,2,1,3,True,2.0,4.0,1.0,54.0,566.0,465.0,67.0,34.0,114.826,18.0,3.0,4.0,3.0
2021,2029409,52826,52973,1,1,1,True,1.0,2.0,2.0,48.3,484.0,389.0,73.0,34.0,113.556,15.0,2.0,3.0,8.0
2021,2029409,52973,52826,1,1,1,True,1.0,3.0,8.0,51.7,556.0,462.0,93.0,41.0,116.981,9.0,1.0,2.0,2.0
2021,2029412,2600288,52682,2,1,3,True,2.0,3.0,3.0,37.5,357.0,277.0,62.0,17.0,106.479,9.0,1.0,2.0,3.0
2021,2029412,52682,2600288,1,2,0,True,1.0,2.0,3.0,62.5,770.0,663.0,60.0,72.0,108.6,9.0,1.0,3.0,3.0
2021,2029406,52714,2601038,3,2,3,True,3.0,12.0,8.0,61.8,697.0,609.0,88.0,65.0,110.175,12.0,1.0,3.0,3.0
2021,2029406,2601038,52714,2,3,0,True,2.0,3.0,3.0,38.2,406.0,315.0,47.0,31.0,120.227,13.0,9.0,12.0,8.0
2021,2029407,52914,55031,3,0,3,True,3.0,4.0,4.0,56.99999999999999,679.0,591.0,69.0,44.0,110.539,11.0,2.0,2.0,5.0
2021,2029407,55031,52914,0,3,0,True,0.0,2.0,5.0,43.0,513.0,427.0,71.0,27.0,108.913,8.0,1.0,4.0,4.0
2021,2029408,50043,52758,0,3,0,True,0.0,4.0,4.0,49.8,570.0,492.0,81.0,37.0,120.493,12.0,3.0,6.0,2.0
2021,2029408,52758,50043,3,0,3,True,3.0,6.0,2.0,50.2,661.0,575.0,65.0,36.0,124.19,7.0,4.0,4.0,4.0
2021,2029410,52298,50139,1,4,0,True,1.0,3.0,8.0,48.3,580.0,515.0,81.0,29.0,114.764,8.0,5.0,8.0,5.0
2021,2029410,50139,52298,4,1,3,True,4.0,8.0,5.0,51.7,671.0,611.0,50.0,40.0,114.491,11.0,2.0,3.0,8.0
2021,2029411,50080,52723,2,1,3,True,2.0,14.0,5.0,56.99999999999999,771.0,722.0,30.0,82.0,108.111,10.0,6.0,7.0,1.0
2021,2029411,52723,50080,1,2,0,True,1.0,7.0,1.0,43.0,448.0,406.0,48.0,30.0,113.435,4.0,12.0,14.0,5.0
2021,2029413,2603790,52747,2,1,3,True,2.0,5.0,4.0,46.5,489.0,388.0,56.0,40.0,112.225,20.0,1.0,2.0,2.0
2021,2029413,52747,2603790,1,2,0,True,1.0,2.0,2.0,53.5,520.0,429.0,78.0,28.0,102.944,20.0,3.0,5.0,4.0
2021,2029430,2601038,52714,1,2,0,True,1.0,3.0,1.0,41.4,393.0,302.0,58.0,4.0,113.997,15.0,6.0,8.0,6.0
2021,2029430,52714,2601038,2,1,3,True,2.0,8.0,6.0,58.599999999999994,595.0,516.0,79.0,1.0,111.922,10.0,2.0,3.0,1.0
2021,2029431,55031,52914,1,2,0,True,1.0,5.0,2.0,51.2,549.0,455.0,74.0,50.0,106.767,14.0,3.0,5.0,3.0
2021,2029431,52914,55031,2,1,3,True,2.0,5.0,3.0,48.8,539.0,459.0,68.0,31.0,107.378,9.0,4.0,5.0,2.0
2021,2029432,52758,50043,3,0,3,True,3.0,8.0,6.0,50.7,612.0,528.0,64.0,58.0,118.715,11.0,0.0,0.0,2.0
2021,2029432,50043,52758,0,3,0,True,0.0,0.0,2.0,49.3,572.0,486.0,69.0,23.0,117.829,12.0,5.0,8.0,6.0
2021,2029433,52973,52826,3,1,3,True,3.0,7.0,2.0,48.199999999999996,508.0,434.0,61.0,33.0,114.699,7.0,4.0,5.0,5.0
2021,2029433,52826,52973,1,3,0,True,1.0,5.0,5.0,51.800000000000004,546.0,470.0,81.0,46.0,110.149,13.0,4.0,7.0,2.0
2021,2029434,50139,52298,2,1,3,True,2.0,7.0,7.0,62.3,745.0,655.0,44.0,55.0,113.856,19.0,1.0,2.0,2.0
2021,2029434,52298,50139,1,2,0,True,1.0,2.0,2.0,37.7,402.0,311.0,82.0,19.0,115.068,11.0,5.0,7.0,7.0
2021,2029435,52723,50080,0,4,0,True,0.0,3.0,2.0,37.5,383.0,319.0,50.0,24.0,111.666,11.0,3.0,7.0,5.0
2021,2029435,50080,52723,4,0,3,True,4.0,7.0,5.0,62.5,843.0,757.0,44.0,70.0,110.866,6.0,3.0,3.0,2.0
2021,2029436,52682,2600288,4,1,3,True,4.0,8.0,4.0,48.8,552.0,471.0,49.0,43.0,108.031,14.0,3.0,4.0,7.0
2021,2029436,2600288,52682,1,4,0,True,1.0,4.0,7.0,51.2,515.0,436.0,57.0,45.0,102.862,12.0,4.0,8.0,4.0
2021,2029437,52747,2603790,1,0,3,True,1.0,3.0,4.0,40.6,396.0,316.0,54.0,28.0,105.061,15.0,3.0,3.0,9.0
2021,2029437,2603790,52747,0,1,0,True,0.0,3.0,9.0,59.4,659.0,557.0,77.0,48.0,110.131,19.0,2.0,3.0,4.0
2021,2029424,52757,52707,4,0,3,True,4.0,6.0,6.0,47.4,517.0,429.0,58.0,32.0,116.075,14.0,3.0,3.0,6.0
2021,2029424,52707,52757,0,4,0,True,0.0,3.0,6.0,52.6,576.0,490.0,65.0,35.0,108.84,13.0,2.0,6.0,6.0
2021,2029427,2610,52919,0,1,0,True,0.0,0.0,2.0,44.3,501.0,396.0,69.0,11.0,109.844,9.0,10.0,11.0,7.0
2021,2029427,52919,2610,1,0,3,True,1.0,11.0,7.0,55.7,696.0,598.0,55.0,62.0,113.553,8.0,0.0,0.0,2.0
2021,2029422,50124,53065,0,0,1,True,0.0,5.0,7.0,58.8,651.0,548.0,69.0,75.0,110.313,20.0,1.0,1.0,3.0
2021,2029422,53065,50124,0,0,1,True,0.0,1.0,3.0,41.199999999999996,356.0,276.0,76.0,16.0,105.955,8.0,5.0,5.0,7.0
2021,2029423,50037,50030,3,1,3,True,3.0,5.0,4.0,61.8,676.0,567.0,99.0,42.0,110.766,14.0,10.0,11.0,8.0
2021,2029423,50030,50037,1,3,0,True,1.0,11.0,8.0,38.2,447.0,343.0,45.0,35.0,113.109,16.0,2.0,5.0,4.0
2021,2029425,50138,50051,0,2,0,True,0.0,1.0,3.0,41.699999999999996,508.0,429.0,47.0,31.0,110.316,7.0,4.0,5.0,8.0
2021,2029425,50051,50138,2,0,3,True,2.0,5.0,8.0,58.3,820.0,760.0,83.0,50.0,113.137,10.0,1.0,1.0,3.0
2021,2029426,52748,50064,0,2,0,True,0.0,2.0,6.0,55.1,499.0,428.0,73.0,38.0,101.838,19.0,2.0,4.0,4.0
2021,2029426,50064,52748,2,0,3,True,2.0,4.0,4.0,44.9,386.0,314.0,73.0,27.0,103.794,14.0,2.0,2.0,6.0
2021,2029428,7889,52816,0,2,0,True,0.0,0.0,3.0,53.7,682.0,559.0,85.0,37.0,118.489,12.0,2.0,4.0,5.0
2021,2029428,52816,7889,2,0,3,True,2.0,4.0,5.0,46.300000000000004,593.0,493.0,76.0,37.0,116.601,15.0,0.0,0.0,3.0
2021,2029429,50143,75795,3,1,3,True,3.0,9.0,7.0,55.800000000000004,514.0,402.0,69.0,45.0,108.221,14.0,4.0,5.0,3.0
2021,2029429,75795,50143,1,3,0,True,1.0,5.0,3.0,44.2,361.0,256.0,71.0,24.0,111.186,10.0,6.0,9.0,7.0
2021,2029446,53065,50030,1,3,0,True,1.0,3.0,1.0,51.4,490.0,364.0,96.0,29.0,105.517,11.0,4.0,7.0,8.0
2021,2029446,50030,53065,3,1,3,True,3.0,7.0,8.0,48.6,452.0,335.0,72.0,36.0,111.553,17.0,2.0,3.0,1.0
2021,2029448,52707,50051,2,0,3,True,2.0,4.0,1.0,44.1,420.0,351.0,69.0,22.0,111.813,10.0,8.0,7.0,4.0
2021,2029448,50051,52707,0,2,0,True,0.0,7.0,4.0,55.900000000000006,595.0,517.0,78.0,65.0,111.222,15.0,2.0,4.0,1.0
2021,2029447,50124,50037,1,1,1,True,1.0,3.0,6.0,43.5,507.0,427.0,62.0,31.0,110.369,8.0,3.0,3.0,2.0
2021,2029447,50037,50124,1,1,1,True,1.0,3.0,2.0,56.49999999999999,599.0,515.0,69.0,39.0,106.121,12.0,2.0,3.0,6.0
2021,2029449,52757,50138,2,3,0,True,2.0,5.0,4.0,52.900000000000006,570.0,501.0,46.0,36.0,111.502,14.0,1.0,4.0,4.0
2021,2029449,50138,52757,3,2,3,True,3.0,4.0,4.0,47.099999999999994,495.0,427.0,49.0,37.0,111.501,13.0,3.0,5.0,4.0
2021,2029450,50064,52919,0,0,1,True,0.0,1.0,1.0,36.3,321.0,236.0,65.0,14.0,109.66,10.0,5.0,5.0,8.0
2021,2029450,52919,50064,0,0,1,True,0.0,5.0,8.0,63.7,678.0,580.0,61.0,74.0,107.164,13.0,1.0,1.0,1.0
2021,2029451,52748,2610,2,1,3,True,2.0,5.0,8.0,53.6,492.0,407.0,68.0,36.0,103.433,11.0,1.0,2.0,2.0
2021,2029451,2610,52748,1,2,0,True,1.0,2.0,2.0,46.400000000000006,411.0,321.0,55.0,35.0,100.035,14.0,3.0,5.0,8.0
2021,2029452,52816,75795,1,1,1,True,1.0,8.0,6.0,59.099999999999994,676.0,558.0,58.0,70.0,109.222,13.0,2.0,3.0,2.0
2021,2029452,75795,52816,1,1,1,True,1.0,3.0,2.0,40.9,342.0,229.0,84.0,20.0,112.811,16.0,7.0,8.0,6.0
2021,2029453,7889,50143,1,0,3,True,1.0,5.0,7.0,45.1,440.0,374.0,78.0,38.0,111.766,15.0,4.0,4.0,6.0
2021,2029453,50143,7889,0,1,0,True,0.0,4.0,6.0,54.900000000000006,578.0,479.0,72.0,40.0,113.232,10.0,4.0,5.0,7.0
2021,2029439,2601038,55031,1,0,3,True,1.0,3.0,5.0,45.2,429.0,329.0,68.0,33.0,108.746,11.0,5.0,5.0,2.0
2021,2029439,55031,2601038,0,1,0,True,0.0,5.0,2.0,54.800000000000004,548.0,458.0,83.0,46.0,105.71,22.0,2.0,3.0,5.0
2021,2029444,2600288,2603790,3,4,0,True,3.0,4.0,5.0,45.6,430.0,322.0,56.0,23.0,106.858,10.0,4.0,8.0,5.0
2021,2029444,2603790,2600288,4,3,3,True,4.0,8.0,5.0,54.400000000000006,520.0,414.0,82.0,42.0,114.938,16.0,1.0,4.0,5.0
2021,2029438,52714,52914,0,4,0,True,0.0,3.0,4.0,55.300000000000004,552.0,477.0,72.0,38.0,105.078,10.0,3.0,7.0,3.0
2021,2029438,52914,52714,4,0,3,True,4.0,7.0,3.0,44.7,438.0,370.0,57.0,34.0,105.209,15.0,3.0,3.0,4.0
2021,2029440,50043,52826,3,0,3,True,3.0,5.0,2.0,49.3,478.0,394.0,73.0,50.0,112.329,10.0,1.0,1.0,3.0
2021,2029440,52826,50043,0,3,0,True,0.0,1.0,3.0,50.7,479.0,392.0,64.0,29.0,109.146,11.0,2.0,5.0,2.0
2021,2029441,52758,52973,1,1,1,True,1.0,4.0,6.0,53.1,723.0,639.0,74.0,36.0,112.52,8.0,5.0,6.0,2.0
2021,2029441,52973,52758,1,1,1,True,1.0,6.0,2.0,46.9,561.0,481.0,55.0,40.0,113.914,7.0,4.0,4.0,6.0
2021,2029442,52298,50080,0,3,0,True,0.0,2.0,3.0,42.5,507.0,435.0,57.0,24.0,111.314,10.0,2.0,5.0,9.0
2021,2029442,50080,52298,3,0,3,True,3.0,5.0,9.0,57.49999999999999,846.0,775.0,42.0,56.0,112.218,13.0,2.0,2.0,3.0
2021,2029443,50139,52723,3,0,3,True,3.0,6.0,5.0,52.7,643.0,571.0,54.0,53.0,116.242,8.0,4.0,3.0,4.0
2021,2029443,52723,50139,0,3,0,True,0.0,3.0,4.0,47.3,566.0,496.0,55.0,37.0,116.212,12.0,3.0,6.0,5.0
2021,2029445,52682,52747,1,3,0,True,1.0,5.0,3.0,43.8,421.0,354.0,46.0,35.0,103.472,20.0,3.0,6.0,5.0
2021,2029445,52747,52682,3,1,3,True,3.0,6.0,5.0,56.2,546.0,479.0,56.0,33.0,101.909,10.0,4.0,5.0,3.0
2021,2029464,52826,52758,1,2,0,True,1.0,4.0,3.0,44.9,513.0,433.0,71.0,42.0,113.667,8.0,4.0,6.0,8.0
2021,2029464,52758,52826,2,1,3,True,2.0,6.0,8.0,55.1,649.0,561.0,70.0,59.0,116.273,13.0,3.0,4.0,3.0
2021,2029465,52973,50043,2,2,1,True,2.0,8.0,4.0,52.2,527.0,463.0,79.0,38.0,114.636,12.0,1.0,3.0,3.0
2021,2029465,50043,52973,2,2,1,True,2.0,3.0,3.0,47.8,501.0,406.0,92.0,32.0,111.18,15.0,7.0,8.0,4.0
2021,2029462,52914,2601038,1,1,1,True,1.0,5.0,8.0,60.3,697.0,599.0,53.0,66.0,111.859,20.0,1.0,2.0,3.0
2021,2029462,2601038,52914,1,1,1,True,1.0,2.0,3.0,39.7,399.0,309.0,65.0,22.0,114.053,10.0,4.0,5.0,8.0
2021,2029463,55031,52714,1,3,0,True,1.0,6.0,8.0,50.0,472.0,394.0,69.0,50.0,106.391,18.0,2.0,5.0,2.0
2021,2029463,52714,55031,3,1,3,True,3.0,5.0,2.0,50.0,479.0,404.0,70.0,23.0,110.454,8.0,5.0,6.0,8.0
2021,2029466,50080,50139,0,3,0,True,0.0,7.0,8.0,56.599999999999994,749.0,682.0,44.0,65.0,109.19,10.0,1.0,4.0,3.0
2021,2029466,50139,50080,3,0,3,True,3.0,4.0,3.0,43.4,519.0,441.0,63.0,28.0,112.651,15.0,7.0,7.0,8.0
2021,2029467,52723,52298,1,0,3,True,1.0,2.0,1.0,42.699999999999996,416.0,317.0,52.0,20.0,105.427,14.0,2.0,2.0,4.0
2021,2029467,52298,52723,0,1,0,True,0.0,2.0,4.0,57.3,567.0,453.0,106.0,29.0,105.915,18.0,1.0,2.0,1.0
2021,2029468,2603790,52682,3,2,3,True,3.0,4.0,5.0,47.099999999999994,423.0,327.0,68.0,27.0,111.0,18.0,7.0,7.0,6.0
2021,2029468,52682,2603790,2,3,0,True,2.0,7.0,6.0,52.900000000000006,518.0,405.0,68.0,52.0,106.207,7.0,1.0,4.0,5.0
2021,2029460,75795,7889,1,1,1,True,1.0,6.0,10.0,51.7,459.0,347.0,90.0,56.0,115.612,7.0,3.0,4.0,2.0
2021,2029460,7889,75795,1,1,1,True,1.0,4.0,2.0,48.3,476.0,368.0,74.0,16.0,112.39,11.0,5.0,6.0,10.0
2021,2029461,50143,52816,0,1,0,True,0.0,2.0,3.0,63.4,624.0,521.0,58.0,37.0,109.366,20.0,0.0,1.0,5.0
2021,2029461,52816,50143,1,0,3,True,1.0,1.0,5.0,36.6,371.0,262.0,53.0,27.0,111.805,14.0,2.0,2.0,3.0
2021,2029469,52747,2600288,5,1,3,True,5.0,9.0,4.0,63.5,782.0,712.0,63.0,61.0,103.812,5.0,3.0,4.0,3.0
2021,2029469,2600288,52747,1,5,0,True,1.0,4.0,3.0,36.5,370.0,289.0,54.0,30.0,102.843,14.0,4.0,9.0,4.0
2021,2029454,50030,50124,0,2,0,True,0.0,2.0,11.0,56.2,616.0,472.0,80.0,54.0,103.683,14.0,2.0,4.0,2.0
2021,2029454,50124,50030,2,0,3,True,2.0,4.0,2.0,43.8,436.0,321.0,64.0,31.0,103.912,11.0,2.0,2.0,11.0
2021,2029455,50037,53065,2,0,3,True,2.0,7.0,8.0,65.7,712.0,622.0,69.0,90.0,110.101,14.0,3.0,3.0,1.0
2021,2029455,53065,50037,0,2,0,True,0.0,3.0,1.0,34.300000000000004,312.0,245.0,61.0,28.0,107.562,10.0,5.0,7.0,8.0
2021,2029456,50051,52757,2,0,3,True,2.0,7.0,5.0,61.6,781.0,698.0,104.0,49.0,109.78,9.0,1.0,1.0,6.0
2021,2029456,52757,50051,0,2,0,True,0.0,1.0,6.0,38.4,444.0,379.0,32.0,18.0,113.941,15.0,5.0,7.0,5.0
2021,2029457,50138,52707,0,0,1,True,0.0,4.0,11.0,53.800000000000004,595.0,495.0,77.0,65.0,119.015,13.0,3.0,3.0,2.0
2021,2029457,52707,50138,0,0,1,True,0.0,3.0,2.0,46.2,488.0,405.0,75.0,20.0,116.435,9.0,4.0,4.0,11.0
2021,2029458,52919,52748,3,0,3,True,3.0,8.0,5.0,53.1,613.0,539.0,53.0,41.0,104.845,8.0,2.0,2.0,4.0
2021,2029458,52748,52919,0,3,0,True,0.0,2.0,4.0,46.9,568.0,485.0,72.0,26.0,107.895,7.0,6.0,8.0,5.0
2021,2029459,2610,50064,0,2,0,True,0.0,1.0,3.0,54.300000000000004,505.0,402.0,76.0,28.0,102.421,12.0,1.0,3.0,4.0
2021,2029459,50064,2610,2,0,3,True,2.0,3.0,4.0,45.7,397.0,306.0,62.0,25.0,112.637,18.0,1.0,1.0,3.0
2022,2032652,52714,50030,1,1,1,True,1.0,2.0,6.0,49.2,398.0,315.0,75.0,40.0,109.772,18.0,7.0,8.0,4.0
2022,2032652,50030,52714,1,1,1,True,1.0,8.0,4.0,50.8,436.0,357.0,81.0,57.0,117.048,16.0,1.0,2.0,6.0
2022,2032699,50031,52682,2,1,3,True,2.0,5.0,11.0,53.300000000000004,485.0,408.0,74.0,60.0,,14.0,1.0,2.0,0.0
2022,2032699,52682,50031,1,2,0,True,1.0,2.0,0.0,46.7,409.0,330.0,62.0,26.0,,3.0,3.0,5.0,11.0
2022,2032698,70691,52816,2,2,1,True,2.0,7.0,4.0,49.7,388.0,321.0,55.0,43.0,108.279,13.0,2.0,4.0,7.0
2022,2032698,52816,70691,2,2,1,True,2.0,4.0,7.0,50.3,451.0,369.0,66.0,45.0,111.014,11.0,5.0,7.0,4.0
2022,2032702,52914,52826,1,0,3,True,1.0,2.0,4.0,61.6,822.0,743.0,65.0,74.0,95.443,9.0,2.0,2.0,3.0
2022,2032702,52826,52914,0,1,0,True,0.0,2.0,3.0,38.4,419.0,365.0,59.0,25.0,96.619,5.0,1.0,2.0,4.0
2022,2032703,50152,50139,0,3,0,True,0.0,1.0,6.0,41.0,411.0,353.0,54.0,31.0,119.78,13.0,5.0,8.0,8.0
2022,2032703,50139,50152,3,0,3,True,3.0,8.0,8.0,59.0,637.0,574.0,72.0,52.0,117.692,12.0,1.0,1.0,6.0
2022,2032709,75797,64332,0,0,1,True,0.0,4.0,8.0,55.400000000000006,482.0,400.0,70.0,51.0,112.623,5.0,0.0,0.0,2.0
2022,2032709,64332,75797,0,0,1,True,0.0,0.0,2.0,44.6,416.0,333.0,71.0,22.0,109.956,16.0,4.0,4.0,8.0
2022,2032728,50080,50037,0,3,0,True,0.0,0.0,3.0,49.8,547.0,490.0,59.0,24.0,111.703,9.0,4.0,7.0,6.0
2022,2032728,50037,50080,3,0,3,True,3.0,7.0,6.0,50.2,600.0,534.0,55.0,53.0,119.838,13.0,0.0,0.0,3.0
2022,2032729,52723,50147,0,0,1,True,0.0,4.0,1.0,37.6,300.0,236.0,56.0,28.0,121.019,10.0,4.0,4.0,2.0
2022,2032729,50147,52723,0,0,1,True,0.0,4.0,2.0,62.4,636.0,566.0,65.0,70.0,115.023,12.0,4.0,4.0,1.0
2022,2032693,50157,52758,1,2,0,True,1.0,3.0,7.0,55.300000000000004,645.0,576.0,58.0,51.0,118.755,9.0,5.0,7.0,6.0
2022,2032693,52758,50157,2,1,3,True,2.0,7.0,6.0,44.7,476.0,402.0,54.0,42.0,117.25,14.0,2.0,3.0,7.0
2022,2032727,69606,52707,2,0,3,True,2.0,4.0,3.0,32.300000000000004,227.0,162.0,52.0,24.0,114.0,7.0,4.0,4.0,11.0
2022,2032727,52707,69606,0,2,0,True,0.0,4.0,11.0,67.7,681.0,618.0,42.0,94.0,112.099,7.0,2.0,4.0,3.0
2022,2032670,50138,50051,0,1,0,True,0.0,5.0,7.0,47.9,520.0,463.0,42.0,44.0,114.601,9.0,1.0,2.0,4.0
2022,2032670,50051,50138,1,0,3,True,1.0,2.0,4.0,52.1,595.0,525.0,51.0,54.0,108.105,11.0,5.0,5.0,7.0
2022,2032683,7889,50058,3,2,3,True,3.0,8.0,8.0,57.099999999999994,572.0,488.0,66.0,73.0,113.381,11.0,1.0,3.0,3.0
2022,2032683,50058,7889,2,3,0,True,2.0,3.0,3.0,42.9,369.0,288.0,59.0,23.0,116.26,10.0,6.0,8.0,8.0
2022,2032688,52919,2603790,6,3,3,True,6.0,8.0,1.0,51.4,464.0,402.0,66.0,43.0,110.809,9.0,0.0,3.0,4.0
2022,2032688,2603790,52919,3,6,0,True,3.0,3.0,4.0,48.6,456.0,385.0,58.0,26.0,111.959,17.0,3.0,8.0,1.0
2022,2032689,50043,52747,1,1,1,True,1.0,6.0,5.0,38.9,393.0,321.0,62.0,46.0,113.711,12.0,3.0,4.0,4.0
2022,2032689,52747,50043,1,1,1,True,1.0,4.0,4.0,61.1,665.0,596.0,54.0,36.0,106.11,9.0,5.0,6.0,5.0
2022,2032690,50124,50064,0,0,1,True,0.0,2.0,3.0,54.50000000000001,427.0,362.0,70.0,42.0,114.564,14.0,1.0,1.0,4.0
2022,2032690,50064,50124,0,0,1,True,0.0,1.0,4.0,45.5,349.0,274.0,83.0,26.0,115.565,21.0,2.0,2.0,3.0
2022,2032692,50149,50143,1,5,0,True,1.0,3.0,3.0,49.0,394.0,330.0,59.0,32.0,109.303,11.0,1.0,8.0,3.0
2022,2032692,50143,50149,5,1,3,True,5.0,8.0,3.0,51.0,450.0,387.0,41.0,43.0,115.022,27.0,2.0,3.0,3.0
2022,2032669,50143,50157,2,0,3,True,2.0,7.0,10.0,67.0,725.0,658.0,56.0,111.0,115.903,8.0,0.0,0.0,4.0
2022,2032669,50157,50143,0,2,0,True,0.0,0.0,4.0,33.0,288.0,223.0,50.0,22.0,113.352,12.0,5.0,7.0,10.0
2022,2032686,52707,50138,0,0,1,True,0.0,1.0,5.0,59.9,651.0,593.0,53.0,40.0,119.038,17.0,2.0,2.0,7.0
2022,2032686,50138,52707,0,0,1,True,0.0,2.0,7.0,40.1,337.0,288.0,51.0,33.0,122.857,18.0,1.0,1.0,5.0
2022,2032643,50058,50124,1,2,0,True,1.0,3.0,3.0,42.5,328.0,260.0,65.0,34.0,111.141,8.0,3.0,5.0,9.0
2022,2032643,50124,50058,2,1,3,True,2.0,5.0,9.0,57.49999999999999,590.0,509.0,87.0,69.0,118.593,11.0,2.0,3.0,3.0
2022,2032665,2603790,50043,1,2,0,True,1.0,4.0,4.0,61.0,626.0,513.0,66.0,50.0,118.683,14.0,3.0,5.0,0.0
2022,2032665,50043,2603790,2,1,3,True,2.0,5.0,0.0,39.0,322.0,225.0,66.0,39.0,117.074,16.0,3.0,4.0,4.0
2022,2032687,50051,69606,1,2,0,True,1.0,11.0,8.0,67.60000000000001,719.0,629.0,63.0,112.0,112.341,7.0,1.0,3.0,1.0
2022,2032687,69606,50051,2,1,3,True,2.0,3.0,1.0,32.4,245.0,177.0,51.0,11.0,116.079,12.0,11.0,11.0,8.0
2022,2032714,50064,7889,1,5,0,True,1.0,3.0,1.0,38.9,312.0,230.0,73.0,21.0,117.459,10.0,8.0,13.0,2.0
2022,2032714,7889,50064,5,1,3,True,5.0,13.0,2.0,61.1,633.0,544.0,83.0,68.0,115.522,10.0,2.0,3.0,1.0
2022,2032720,52747,52919,2,0,3,True,2.0,3.0,3.0,46.400000000000006,465.0,414.0,45.0,30.0,113.029,8.0,7.0,7.0,7.0
2022,2032720,52919,52747,0,2,0,True,0.0,7.0,7.0,53.6,540.0,486.0,62.0,86.0,115.418,12.0,1.0,3.0,3.0
2022,2032724,52758,50149,1,0,3,True,1.0,3.0,1.0,54.50000000000001,594.0,507.0,52.0,50.0,117.933,13.0,1.0,1.0,5.0
2022,2032724,50149,52758,0,1,0,True,0.0,1.0,5.0,45.5,425.0,348.0,53.0,30.0,112.036,6.0,2.0,3.0,1.0
2022,2032659,52816,50031,1,0,3,True,1.0,7.0,3.0,62.0,627.0,532.0,77.0,77.0,121.147,10.0,1.0,1.0,3.0
2022,2032659,50031,52816,0,1,0,True,0.0,1.0,3.0,38.0,355.0,249.0,74.0,18.0,123.411,12.0,6.0,7.0,3.0
2022,2032663,52826,50152,4,0,3,True,4.0,9.0,7.0,55.800000000000004,568.0,507.0,53.0,61.0,113.71,15.0,3.0,3.0,6.0
2022,2032663,50152,52826,0,4,0,True,0.0,3.0,6.0,44.2,452.0,395.0,56.0,21.0,108.385,10.0,5.0,9.0,7.0
2022,2032676,50030,75797,2,1,3,True,2.0,4.0,4.0,46.6,354.0,269.0,61.0,46.0,118.29,18.0,1.0,2.0,4.0
2022,2032676,75797,50030,1,2,0,True,1.0,2.0,4.0,53.400000000000006,430.0,337.0,61.0,42.0,113.77,12.0,2.0,4.0,4.0
2022,2032701,64332,52714,1,1,1,True,1.0,2.0,4.0,39.800000000000004,274.0,199.0,49.0,17.0,112.704,15.0,3.0,4.0,4.0
2022,2032701,52714,64332,1,1,1,True,1.0,4.0,4.0,60.199999999999996,587.0,516.0,73.0,67.0,112.34,12.0,1.0,2.0,4.0
2022,2032704,50147,50080,3,0,3,True,3.0,6.0,5.0,41.0,380.0,326.0,52.0,39.0,116.227,12.0,0.0,0.0,5.0
2022,2032704,50080,50147,0,3,0,True,0.0,0.0,5.0,59.0,541.0,481.0,50.0,45.0,115.131,14.0,3.0,6.0,5.0
2022,2032705,50037,52723,5,0,3,True,5.0,7.0,11.0,62.5,717.0,649.0,69.0,91.0,118.882,11.0,2.0,2.0,1.0
2022,2032705,52723,50037,0,5,0,True,0.0,2.0,1.0,37.5,409.0,332.0,64.0,28.0,121.31,6.0,2.0,7.0,11.0
2022,2032730,52682,70691,2,1,3,True,2.0,6.0,5.0,50.5,559.0,512.0,61.0,50.0,116.955,10.0,6.0,7.0,4.0
2022,2032730,70691,52682,1,2,0,True,1.0,7.0,4.0,49.5,449.0,390.0,61.0,26.0,118.243,10.0,5.0,6.0,5.0
2022,2032734,50139,52914,1,0,3,True,1.0,1.0,3.0,34.0,303.0,232.0,47.0,16.0,113.592,8.0,1.0,1.0,7.0
2022,2032734,52914,50139,0,1,0,True,0.0,1.0,7.0,66.0,796.0,714.0,57.0,83.0,111.76,18.0,0.0,1.0,3.0
2022,2032641,50043,52919,1,5,0,True,1.0,2.0,2.0,39.800000000000004,354.0,278.0,77.0,25.0,119.738,10.0,4.0,9.0,9.0
2022,2032641,52919,50043,5,1,3,True,5.0,9.0,9.0,60.199999999999996,625.0,565.0,76.0,68.0,122.495,8.0,1.0,2.0,2.0
2022,2032645,50157,50149,1,4,0,True,1.0,2.0,6.0,61.0,508.0,429.0,57.0,39.0,108.005,11.0,5.0,9.0,7.0
2022,2032645,50149,50157,4,1,3,True,4.0,9.0,7.0,39.0,280.0,206.0,52.0,35.0,111.647,13.0,1.0,2.0,6.0
2022,2032640,52747,2603790,3,2,3,True,3.0,4.0,5.0,64.5,612.0,552.0,45.0,38.0,101.382,7.0,2.0,4.0,7.0
2022,2032640,2603790,52747,2,3,0,True,2.0,4.0,7.0,35.5,331.0,276.0,41.0,44.0,111.783,20.0,1.0,4.0,5.0
2022,2032666,50124,7889,2,3,0,True,2.0,5.0,1.0,37.3,314.0,236.0,60.0,26.0,110.318,8.0,3.0,6.0,3.0
2022,2032666,7889,50124,3,2,3,True,3.0,6.0,3.0,62.7,669.0,588.0,73.0,41.0,107.103,9.0,3.0,5.0,1.0
2022,2032667,50064,50058,1,0,3,True,1.0,2.0,11.0,50.0,395.0,313.0,84.0,50.0,109.244,14.0,1.0,1.0,2.0
2022,2032667,50058,50064,0,1,0,True,0.0,1.0,2.0,50.0,374.0,307.0,67.0,23.0,107.339,18.0,1.0,2.0,11.0
2022,2032716,50143,52758,4,0,3,True,4.0,9.0,6.0,53.2,624.0,554.0,66.0,63.0,122.282,8.0,4.0,4.0,5.0
2022,2032716,52758,50143,0,4,0,True,0.0,4.0,5.0,46.800000000000004,499.0,418.0,57.0,36.0,120.192,6.0,6.0,9.0,6.0
2022,2032718,52707,50051,0,5,0,True,0.0,4.0,1.0,43.4,514.0,460.0,29.0,35.0,118.382,7.0,6.0,10.0,8.0
2022,2032718,50051,52707,5,0,3,True,5.0,10.0,8.0,56.599999999999994,736.0,671.0,74.0,61.0,113.998,2.0,4.0,4.0,1.0
2022,2032719,50138,69606,3,1,3,True,3.0,9.0,12.0,66.5,679.0,604.0,54.0,79.0,115.189,9.0,2.0,3.0,1.0
2022,2032719,69606,50138,1,3,0,True,1.0,3.0,1.0,33.5,299.0,238.0,49.0,22.0,110.771,6.0,6.0,9.0,12.0
2022,2032661,50030,64332,3,1,3,True,3.0,6.0,4.0,56.00000000000001,420.0,346.0,56.0,48.0,113.812,16.0,1.0,2.0,4.0
2022,2032661,64332,50030,1,3,0,True,1.0,2.0,4.0,44.0,340.0,280.0,51.0,33.0,110.858,9.0,3.0,6.0,4.0
2022,2032673,50080,52723,1,0,3,True,1.0,3.0,6.0,59.0,729.0,643.0,62.0,79.0,119.307,18.0,0.0,0.0,0.0
2022,2032673,52723,50080,0,1,0,True,0.0,0.0,0.0,41.0,437.0,367.0,67.0,16.0,120.797,7.0,3.0,3.0,6.0
2022,2032650,52682,52816,3,2,3,True,3.0,9.0,9.0,54.50000000000001,564.0,481.0,76.0,57.0,119.28,10.0,3.0,5.0,3.0
2022,2032650,52816,52682,2,3,0,True,2.0,5.0,3.0,45.5,434.0,352.0,52.0,39.0,122.53,12.0,6.0,9.0,9.0
2022,2032651,50031,70691,1,4,0,True,1.0,5.0,9.0,47.3,420.0,368.0,52.0,42.0,118.091,12.0,2.0,6.0,5.0
2022,2032651,70691,50031,4,1,3,True,4.0,6.0,5.0,52.7,441.0,381.0,54.0,35.0,117.065,5.0,4.0,5.0,9.0
2022,2032660,75797,52714,0,0,1,True,0.0,2.0,2.0,43.2,382.0,303.0,63.0,32.0,114.686,14.0,6.0,6.0,5.0
2022,2032660,52714,75797,0,0,1,True,0.0,6.0,5.0,56.8,628.0,542.0,103.0,49.0,118.35,5.0,2.0,2.0,2.0
2022,2032672,50147,50037,0,4,0,True,0.0,3.0,4.0,39.300000000000004,294.0,227.0,60.0,38.0,112.311,13.0,5.0,8.0,13.0
2022,2032672,50037,50147,4,0,3,True,4.0,8.0,13.0,60.699999999999996,549.0,490.0,46.0,60.0,116.159,11.0,3.0,3.0,4.0
2022,2032710,52826,50139,0,1,0,True,0.0,2.0,3.0,43.7,409.0,359.0,62.0,37.0,116.336,7.0,1.0,2.0,8.0
2022,2032710,50139,52826,1,0,3,True,1.0,2.0,8.0,56.3,564.0,501.0,81.0,67.0,117.636,10.0,2.0,2.0,3.0
2022,2032711,52914,50152,4,0,3,True,4.0,8.0,11.0,72.1,652.0,593.0,46.0,69.0,109.566,13.0,0.0,0.0,2.0
2022,2032711,50152,52914,0,4,0,True,0.0,0.0,2.0,27.900000000000002,240.0,169.0,41.0,7.0,106.776,8.0,5.0,8.0,11.0
2022,2032655,50152,52914,0,1,0,True,0.0,0.0,3.0,33.0,260.0,170.0,61.0,22.0,112.332,12.0,9.0,10.0,5.0
2022,2032655,52914,50152,1,0,3,True,1.0,10.0,5.0,67.0,667.0,589.0,69.0,83.0,110.677,9.0,0.0,0.0,3.0
2022,2032733,64332,50030,2,1,3,True,2.0,4.0,2.0,44.5,395.0,286.0,74.0,28.0,119.867,13.0,5.0,6.0,6.0
2022,2032733,50030,64332,1,2,0,True,1.0,6.0,6.0,55.50000000000001,548.0,433.0,62.0,62.0,118.964,13.0,2.0,4.0,2.0
2022,2032654,50139,52826,4,2,3,True,4.0,11.0,13.0,56.2,593.0,543.0,52.0,70.0,112.319,12.0,4.0,4.0,7.0
2022,2032654,52826,50139,2,4,0,True,2.0,4.0,7.0,43.8,438.0,372.0,69.0,36.0,111.753,7.0,7.0,11.0,13.0
2022,2032696,50037,50147,5,2,3,True,5.0,12.0,7.0,56.2,655.0,590.0,60.0,71.0,118.393,15.0,0.0,2.0,4.0
2022,2032696,50147,50037,2,5,0,True,2.0,2.0,4.0,43.8,338.0,279.0,55.0,24.0,114.084,5.0,7.0,12.0,7.0
2022,2032697,52723,50080,0,1,0,True,0.0,3.0,7.0,41.099999999999994,303.0,240.0,53.0,35.0,124.748,11.0,2.0,3.0,5.0
2022,2032697,50080,52723,1,0,3,True,1.0,3.0,5.0,58.9,581.0,518.0,70.0,73.0,119.891,16.0,3.0,3.0,7.0
2022,2032706,52816,52682,2,2,1,True,2.0,4.0,3.0,47.099999999999994,507.0,431.0,70.0,45.0,118.398,11.0,3.0,5.0,3.0
2022,2032706,52682,52816,2,2,1,True,2.0,5.0,3.0,52.900000000000006,563.0,481.0,68.0,42.0,116.815,14.0,2.0,4.0,3.0
2022,2032707,70691,50031,2,0,3,True,2.0,7.0,5.0,51.9,453.0,396.0,61.0,40.0,116.88,7.0,3.0,3.0,5.0
2022,2032707,50031,70691,0,2,0,True,0.0,3.0,5.0,48.1,444.0,377.0,85.0,37.0,120.719,18.0,5.0,7.0,5.0
2022,2032732,52714,75797,1,2,0,True,1.0,3.0,5.0,53.900000000000006,507.0,436.0,71.0,47.0,120.985,18.0,2.0,4.0,4.0
2022,2032732,75797,52714,2,1,3,True,2.0,4.0,4.0,46.1,362.0,296.0,62.0,38.0,119.027,13.0,2.0,3.0,5.0
2022,2032646,50051,52707,2,1,3,True,2.0,6.0,3.0,52.0,664.0,607.0,74.0,48.0,112.556,10.0,4.0,5.0,4.0
2022,2032646,52707,50051,1,2,0,True,1.0,5.0,4.0,48.0,552.0,499.0,51.0,47.0,118.699,15.0,4.0,6.0,3.0
2022,2032723,50058,50064,1,1,1,True,1.0,2.0,4.0,52.0,404.0,314.0,65.0,41.0,117.482,10.0,4.0,5.0,4.0
2022,2032723,50064,50058,1,1,1,True,1.0,5.0,4.0,48.0,373.0,288.0,77.0,39.0,117.875,20.0,2.0,2.0,4.0
2022,2032644,52758,50143,1,3,0,True,1.0,4.0,7.0,35.9,273.0,207.0,49.0,39.0,114.743,8.0,2.0,5.0,4.0
2022,2032644,50143,52758,3,1,3,True,3.0,5.0,4.0,64.1,653.0,573.0,77.0,59.0,119.363,6.0,3.0,4.0,7.0
2022,2032647,69606,50138,1,3,0,True,1.0,2.0,5.0,35.8,299.0,246.0,51.0,19.0,110.841,13.0,5.0,8.0,8.0
2022,2032647,50138,69606,3,1,3,True,3.0,8.0,8.0,64.2,608.0,547.0,58.0,62.0,114.94,11.0,1.0,2.0,5.0
2022,2032712,2603790,52747,2,2,1,True,2.0,5.0,6.0,49.1,472.0,400.0,53.0,63.0,114.723,17.0,2.0,4.0,1.0
2022,2032712,52747,2603790,2,2,1,True,2.0,4.0,1.0,50.9,420.0,356.0,66.0,22.0,107.406,14.0,3.0,5.0,6.0
2022,2032713,52919,50043,4,1,3,True,4.0,9.0,5.0,68.7,798.0,724.0,71.0,81.0,119.81,7.0,3.0,3.0,2.0
2022,2032713,50043,52919,1,4,0,True,1.0,3.0,2.0,31.3,314.0,243.0,59.0,26.0,121.52,2.0,5.0,9.0,5.0
2022,2032717,50149,50157,4,0,3,True,4.0,7.0,5.0,57.49999999999999,511.0,431.0,67.0,40.0,110.605,11.0,4.0,4.0,4.0
2022,2032717,50157,50149,0,4,0,True,0.0,4.0,4.0,42.5,373.0,285.0,50.0,31.0,103.691,13.0,3.0,7.0,5.0
2022,2032722,7889,50124,2,0,3,True,2.0,6.0,7.0,67.9,708.0,657.0,72.0,70.0,110.256,12.0,0.0,0.0,5.0
2022,2032722,50124,7889,0,2,0,True,0.0,0.0,5.0,32.1,277.0,204.0,64.0,35.0,110.543,9.0,4.0,6.0,7.0
2022,2032649,52723,50037,1,2,0,True,1.0,5.0,4.0,40.300000000000004,408.0,345.0,63.0,52.0,126.38,7.0,2.0,4.0,6.0
2022,2032649,50037,52723,2,1,3,True,2.0,4.0,6.0,59.699999999999996,656.0,589.0,67.0,61.0,123.589,15.0,4.0,5.0,4.0
2022,2032658,70691,52682,0,2,0,True,0.0,3.0,6.0,54.900000000000006,496.0,442.0,45.0,41.0,110.418,9.0,4.0,6.0,2.0
2022,2032658,52682,70691,2,0,3,True,2.0,6.0,2.0,45.1,483.0,431.0,55.0,41.0,110.184,5.0,3.0,3.0,6.0
2022,2032648,50080,50147,0,0,1,True,0.0,3.0,7.0,60.6,660.0,572.0,54.0,71.0,122.455,13.0,3.0,3.0,2.0
2022,2032648,50147,50080,0,0,1,True,0.0,3.0,2.0,39.4,363.0,279.0,62.0,28.0,123.5,14.0,3.0,3.0,7.0
2022,2032662,52914,50139,4,0,3,True,4.0,8.0,6.0,54.300000000000004,508.0,441.0,55.0,63.0,112.924,13.0,1.0,1.0,5.0
2022,2032662,50139,52914,0,4,0,True,0.0,1.0,5.0,45.7,438.0,373.0,46.0,27.0,110.267,13.0,4.0,8.0,6.0
2022,2032677,52714,64332,2,0,3,True,2.0,7.0,4.0,57.4,547.0,476.0,75.0,47.0,117.702,16.0,1.0,1.0,3.0
2022,2032677,64332,52714,0,2,0,True,0.0,1.0,3.0,42.6,350.0,268.0,57.0,19.0,119.948,13.0,5.0,7.0,4.0
2022,2032700,75797,50030,1,0,3,True,1.0,1.0,5.0,50.9,395.0,314.0,60.0,36.0,112.54,16.0,2.0,2.0,4.0
2022,2032700,50030,75797,0,1,0,True,0.0,2.0,4.0,49.1,439.0,344.0,63.0,46.0,118.658,15.0,0.0,1.0,5.0
2022,2032731,50031,52816,3,3,1,True,3.0,7.0,3.0,56.599999999999994,497.0,422.0,70.0,47.0,120.31,17.0,3.0,5.0,5.0
2022,2032731,52816,50031,3,3,1,True,3.0,5.0,5.0,43.4,353.0,278.0,66.0,33.0,117.457,16.0,4.0,7.0,3.0
2022,2032735,50152,52826,1,1,1,True,1.0,1.0,3.0,46.5,401.0,325.0,54.0,25.0,111.687,20.0,2.0,3.0,4.0
2022,2032735,52826,50152,1,1,1,True,1.0,3.0,4.0,53.5,478.0,407.0,53.0,40.0,109.86,11.0,0.0,1.0,3.0
2022,2032694,50138,52707,2,0,3,True,2.0,10.0,6.0,40.300000000000004,402.0,342.0,51.0,43.0,112.775,10.0,2.0,2.0,4.0
2022,2032694,52707,50138,0,2,0,True,0.0,2.0,4.0,59.699999999999996,552.0,501.0,53.0,32.0,108.831,12.0,8.0,10.0,6.0
2022,2032725,50157,50143,1,2,0,True,1.0,3.0,5.0,40.300000000000004,376.0,295.0,58.0,34.0,111.824,11.0,4.0,6.0,8.0
2022,2032725,50143,50157,2,1,3,True,2.0,6.0,8.0,59.699999999999996,485.0,418.0,53.0,71.0,114.745,17.0,2.0,3.0,5.0
2022,2032642,7889,50064,2,0,3,True,2.0,5.0,3.0,55.1,495.0,414.0,78.0,43.0,114.893,13.0,1.0,1.0,5.0
2022,2032642,50064,7889,0,2,0,True,0.0,1.0,5.0,44.9,353.0,259.0,73.0,38.0,115.295,12.0,3.0,5.0,3.0
2022,2032664,52919,52747,2,1,3,True,2.0,5.0,4.0,55.400000000000006,608.0,570.0,51.0,74.0,115.087,13.0,1.0,2.0,3.0
2022,2032664,52747,52919,1,2,0,True,1.0,2.0,3.0,44.6,518.0,474.0,45.0,25.0,105.234,5.0,4.0,5.0,4.0
2022,2032668,50149,52758,3,1,3,True,3.0,6.0,2.0,42.4,330.0,253.0,60.0,26.0,115.766,14.0,3.0,4.0,4.0
2022,2032668,52758,50149,1,3,0,True,1.0,4.0,4.0,57.599999999999994,619.0,527.0,53.0,53.0,115.457,11.0,3.0,6.0,2.0
2022,2032695,69606,50051,0,3,0,True,0.0,5.0,7.0,37.6,318.0,257.0,56.0,38.0,113.4,11.0,5.0,8.0,4.0
2022,2032695,50051,69606,3,0,3,True,3.0,8.0,4.0,62.4,742.0,676.0,45.0,79.0,110.209,12.0,5.0,5.0,7.0
2022,2032715,50124,50058,0,1,0,True,0.0,3.0,4.0,44.4,377.0,298.0,63.0,33.0,110.761,19.0,3.0,4.0,8.0
2022,2032715,50058,50124,1,0,3,True,1.0,4.0,8.0,55.60000000000001,519.0,463.0,60.0,55.0,109.837,14.0,3.0,3.0,4.0
2022,2032721,50043,2603790,0,5,0,True,0.0,3.0,3.0,52.300000000000004,424.0,325.0,63.0,44.0,114.664,13.0,8.0,13.0,8.0
2022,2032721,2603790,50043,5,0,3,True,5.0,13.0,8.0,47.699999999999996,343.0,252.0,63.0,51.0,117.118,10.0,3.0,3.0,3.0
2022,2032680,2603790,52919,2,1,3,True,2.0,5.0,2.0,42.5,443.0,379.0,62.0,21.0,115.164,19.0,2.0,3.0,5.0
2022,2032680,52919,2603790,1,2,0,True,1.0,3.0,5.0,57.49999999999999,558.0,497.0,90.0,51.0,112.625,8.0,3.0,5.0,2.0
2022,2032681,52747,50043,4,1,3,True,4.0,9.0,4.0,58.199999999999996,666.0,609.0,52.0,43.0,109.377,10.0,4.0,5.0,6.0
2022,2032681,50043,52747,1,4,0,True,1.0,5.0,6.0,41.8,425.0,352.0,46.0,51.0,113.563,9.0,5.0,9.0,4.0
2022,2032671,52707,69606,1,1,1,True,1.0,5.0,12.0,66.10000000000001,669.0,610.0,45.0,60.0,120.688,6.0,2.0,3.0,7.0
2022,2032671,69606,52707,1,1,1,True,1.0,3.0,7.0,33.900000000000006,295.0,234.0,58.0,31.0,116.608,15.0,4.0,5.0,12.0
2022,2032682,50064,50124,1,3,0,True,1.0,6.0,2.0,62.0,531.0,447.0,81.0,71.0,108.533,12.0,2.0,5.0,3.0
2022,2032682,50124,50064,3,1,3,True,3.0,5.0,3.0,38.0,261.0,177.0,43.0,28.0,114.555,15.0,5.0,6.0,2.0
2022,2032684,50143,50149,4,2,3,True,4.0,7.0,5.0,57.49999999999999,612.0,538.0,63.0,54.0,118.909,19.0,1.0,3.0,4.0
2022,2032684,50149,50143,2,4,0,True,2.0,3.0,4.0,42.5,439.0,371.0,57.0,27.0,117.784,9.0,3.0,7.0,5.0
2022,2032685,52758,50157,5,0,3,True,5.0,7.0,11.0,65.2,726.0,657.0,58.0,70.0,116.652,12.0,0.0,0.0,1.0
2022,2032685,50157,52758,0,5,0,True,0.0,0.0,1.0,34.8,320.0,243.0,57.0,16.0,104.12,7.0,2.0,7.0,11.0
2022,2032691,50058,7889,1,2,0,True,1.0,3.0,3.0,46.800000000000004,441.0,355.0,59.0,37.0,117.98,13.0,5.0,7.0,8.0
2022,2032691,7889,50058,2,1,3,True,2.0,7.0,8.0,53.2,444.0,373.0,91.0,50.0,117.28,17.0,3.0,3.0,3.0
2022,2032726,50051,50138,2,0,3,True,2.0,5.0,7.0,49.4,564.0,519.0,48.0,42.0,104.726,5.0,3.0,3.0,9.0
2022,2032726,50138,50051,0,2,0,True,0.0,3.0,9.0,50.6,546.0,500.0,39.0,52.0,111.21,10.0,3.0,5.0,7.0
2022,2032678,52826,52914,3,3,1,True,3.0,7.0,5.0,46.1,446.0,377.0,75.0,54.0,115.872,5.0,5.0,8.0,2.0
2022,2032678,52914,52826,3,3,1,True,3.0,8.0,2.0,53.900000000000006,521.0,466.0,68.0,58.0,113.047,8.0,4.0,7.0,5.0
2022,2032679,50139,50152,1,0,3,True,1.0,7.0,8.0,58.4,639.0,570.0,74.0,50.0,114.111,6.0,2.0,2.0,2.0
2022,2032679,50152,50139,0,1,0,True,0.0,2.0,2.0,41.6,445.0,359.0,53.0,27.0,116.235,11.0,6.0,7.0,8.0
2022,2032653,64332,75797,1,3,0,True,1.0,2.0,7.0,55.7,476.0,376.0,71.0,48.0,110.253,22.0,3.0,6.0,2.0
2022,2032653,75797,64332,3,1,3,True,3.0,6.0,2.0,44.3,376.0,277.0,56.0,35.0,109.915,8.0,1.0,2.0,7.0
2022,2032656,50037,50080,3,0,3,True,3.0,6.0,2.0,52.900000000000006,531.0,465.0,63.0,39.0,118.112,11.0,2.0,2.0,3.0
2022,2032656,50080,50037,0,3,0,True,0.0,2.0,3.0,47.099999999999994,475.0,399.0,54.0,43.0,114.161,13.0,3.0,6.0,2.0
2022,2032657,50147,52723,2,0,3,True,2.0,6.0,4.0,39.900000000000006,357.0,298.0,62.0,31.0,121.463,12.0,3.0,2.0,5.0
2022,2032657,52723,50147,0,2,0,True,0.0,2.0,5.0,60.099999999999994,636.0,563.0,72.0,48.0,124.04,13.0,4.0,6.0,4.0
2022,2032675,52682,50031,1,1,1,True,1.0,5.0,1.0,48.6,505.0,413.0,66.0,31.0,123.07,8.0,3.0,4.0,9.0
2022,2032675,50031,52682,1,1,1,True,1.0,4.0,9.0,51.4,506.0,421.0,86.0,51.0,123.762,14.0,4.0,5.0,1.0
2022,2032708,50030,52714,1,0,3,True,1.0,2.0,2.0,38.5,286.0,177.0,64.0,30.0,121.024,23.0,1.0,1.0,7.0
2022,2032708,52714,50030,0,1,0,True,0.0,1.0,7.0,61.5,540.0,446.0,87.0,53.0,114.539,8.0,1.0,2.0,2.0
2022,2032674,52816,70691,2,3,0,True,2.0,5.0,7.0,60.3,600.0,483.0,71.0,75.0,118.377,8.0,2.0,5.0,3.0
2022,2032674,70691,52816,3,2,3,True,3.0,5.0,3.0,39.7,333.0,228.0,90.0,29.0,121.715,10.0,3.0,5.0,7.0
2023,2035649,50164,52914,1,0,3,True,1.0,3.0,1.0,38.3,317.0,255.0,56.0,18.0,108.98,15.0,3.0,3.0,4.0
2023,2035649,52914,50164,0,1,0,True,0.0,3.0,4.0,61.7,664.0,596.0,36.0,75.0,112.644,15.0,2.0,3.0,1.0
2023,2035653,52758,52709,3,0,3,True,3.0,4.0,8.0,60.099999999999994,673.0,595.0,62.0,64.0,115.304,9.0,2.0,2.0,3.0
2023,2035653,52709,52758,0,3,0,True,0.0,2.0,3.0,39.900000000000006,410.0,343.0,45.0,17.0,115.152,8.0,1.0,4.0,8.0
2023,2035650,50030,50058,1,1,1,True,1.0,3.0,8.0,34.699999999999996,257.0,189.0,43.0,43.0,114.817,10.0,2.0,3.0,7.0
2023,2035650,50058,50030,1,1,1,True,1.0,3.0,7.0,65.3,499.0,422.0,70.0,54.0,112.339,18.0,2.0,3.0,8.0
2023,2035651,50050,50051,0,3,0,True,0.0,4.0,5.0,36.1,459.0,398.0,30.0,43.0,123.723,9.0,3.0,6.0,4.0
2023,2035651,50051,50050,3,0,3,True,3.0,6.0,4.0,63.9,849.0,792.0,78.0,48.0,111.896,4.0,4.0,4.0,5.0
2023,2035652,2603790,52707,1,4,0,True,1.0,2.0,8.0,63.6,637.0,558.0,75.0,85.0,112.708,11.0,0.0,4.0,1.0
2023,2035652,52707,2603790,4,1,3,True,4.0,4.0,1.0,36.4,315.0,261.0,47.0,9.0,117.577,12.0,1.0,2.0,8.0
2023,2035654,52714,52919,0,4,0,True,0.0,1.0,4.0,39.800000000000004,377.0,301.0,72.0,22.0,114.051,9.0,5.0,9.0,11.0
2023,2035654,52919,52714,4,0,3,True,4.0,9.0,11.0,60.199999999999996,613.0,556.0,57.0,68.0,116.97,8.0,1.0,1.0,4.0
2023,2035655,52747,50139,2,1,3,True,2.0,6.0,8.0,53.0,653.0,609.0,26.0,57.0,101.729,11.0,3.0,4.0,8.0
2023,2035655,50139,52747,1,2,0,True,1.0,4.0,8.0,47.0,492.0,452.0,51.0,31.0,105.484,18.0,4.0,6.0,8.0
2023,2035656,50147,59045,2,0,3,True,2.0,4.0,5.0,53.5,535.0,457.0,68.0,48.0,117.986,13.0,2.0,2.0,4.0
2023,2035656,59045,50147,0,2,0,True,0.0,2.0,4.0,46.5,411.0,338.0,56.0,33.0,110.733,12.0,2.0,4.0,5.0
2023,2035641,50143,50121,4,0,3,True,4.0,9.0,4.0,71.3,801.0,745.0,45.0,71.0,113.629,8.0,1.0,1.0,2.0
2023,2035641,50121,50143,0,4,0,True,0.0,1.0,2.0,28.7,271.0,219.0,39.0,15.0,107.265,4.0,5.0,9.0,4.0
2023,2035647,50072,50149,0,3,0,True,0.0,2.0,8.0,43.3,440.0,360.0,45.0,35.0,122.001,11.0,2.0,5.0,3.0
2023,2035647,50149,50072,3,0,3,True,3.0,5.0,3.0,56.699999999999996,554.0,463.0,72.0,33.0,118.649,7.0,2.0,2.0,8.0
2023,2035642,50136,7889,4,1,3,True,4.0,8.0,5.0,42.199999999999996,391.0,334.0,40.0,28.0,114.145,7.0,6.0,7.0,2.0
2023,2035642,7889,50136,1,4,0,True,1.0,7.0,2.0,57.8,600.0,527.0,73.0,70.0,111.014,13.0,4.0,8.0,5.0
2023,2035643,50124,50064,2,1,3,True,2.0,3.0,2.0,51.4,493.0,405.0,74.0,29.0,120.314,12.0,2.0,3.0,7.0
2023,2035643,50064,50124,1,2,0,True,1.0,3.0,7.0,48.6,433.0,351.0,76.0,39.0,118.649,13.0,1.0,3.0,2.0
2023,2035644,50043,50109,1,0,3,True,1.0,3.0,2.0,47.5,480.0,403.0,76.0,38.0,122.043,4.0,3.0,3.0,6.0
2023,2035644,50109,50043,0,1,0,True,0.0,3.0,6.0,52.5,511.0,432.0,61.0,50.0,119.108,11.0,2.0,3.0,2.0
2023,2035645,50080,64388,5,1,3,True,5.0,10.0,3.0,72.89999999999999,748.0,689.0,59.0,82.0,115.716,5.0,0.0,1.0,3.0
2023,2035645,64388,50080,1,5,0,True,1.0,1.0,3.0,27.1,237.0,175.0,55.0,22.0,116.574,8.0,5.0,10.0,3.0
2023,2035646,50138,50037,0,2,0,True,0.0,2.0,5.0,49.0,488.0,422.0,63.0,36.0,118.177,9.0,11.0,11.0,3.0
2023,2035646,50037,50138,2,0,3,True,2.0,11.0,3.0,51.0,618.0,556.0,57.0,50.0,118.508,11.0,2.0,2.0,5.0
2023,2035648,1652,52748,2,0,3,True,2.0,2.0,7.0,47.599999999999994,493.0,430.0,53.0,51.0,119.321,16.0,1.0,1.0,1.0
2023,2035648,52748,1652,0,2,0,True,0.0,1.0,1.0,52.400000000000006,498.0,440.0,73.0,46.0,112.382,9.0,0.0,2.0,7.0
2023,2035661,64388,50138,0,2,0,True,0.0,1.0,2.0,31.3,272.0,219.0,52.0,27.0,84.034,10.0,5.0,7.0,4.0
2023,2035661,50138,64388,2,0,3,True,2.0,7.0,4.0,68.7,710.0,648.0,73.0,52.0,85.423,9.0,1.0,1.0,2.0
2023,2035663,50149,1652,2,0,3,True,2.0,6.0,2.0,56.99999999999999,579.0,505.0,63.0,36.0,115.216,11.0,6.0,5.0,4.0
2023,2035663,1652,50149,0,2,0,True,0.0,5.0,4.0,43.0,469.0,403.0,45.0,48.0,115.606,10.0,4.0,6.0,2.0
2023,2035657,7889,50143,2,1,3,True,2.0,10.0,10.0,56.10000000000001,489.0,409.0,67.0,81.0,118.008,12.0,0.0,1.0,2.0
2023,2035657,50143,7889,1,2,0,True,1.0,1.0,2.0,43.9,385.0,313.0,68.0,22.0,117.248,19.0,8.0,10.0,10.0
2023,2035659,50064,50043,0,4,0,True,0.0,4.0,7.0,52.800000000000004,471.0,393.0,61.0,59.0,120.768,8.0,3.0,7.0,3.0
2023,2035659,50043,50064,4,0,3,True,4.0,7.0,3.0,47.199999999999996,399.0,314.0,75.0,27.0,120.512,16.0,5.0,4.0,7.0
2023,2035660,50109,50124,2,0,3,True,2.0,5.0,6.0,47.5,457.0,385.0,63.0,39.0,116.867,16.0,3.0,3.0,4.0
2023,2035660,50124,50109,0,2,0,True,0.0,3.0,4.0,52.5,558.0,491.0,60.0,47.0,116.816,13.0,3.0,5.0,6.0
2023,2035662,50037,50080,2,0,3,True,2.0,4.0,5.0,47.0,478.0,398.0,72.0,47.0,119.907,12.0,4.0,4.0,9.0
2023,2035662,50080,50037,0,2,0,True,0.0,4.0,9.0,53.0,544.0,477.0,72.0,56.0,118.599,8.0,2.0,4.0,5.0
2023,2035664,52748,50072,0,1,0,True,0.0,4.0,1.0,60.199999999999996,582.0,488.0,50.0,41.0,117.348,12.0,6.0,7.0,3.0
2023,2035664,50072,52748,1,0,3,True,1.0,7.0,3.0,39.800000000000004,370.0,277.0,50.0,26.0,122.165,16.0,4.0,4.0,1.0
2023,2035665,50058,50164,3,1,3,True,3.0,7.0,7.0,56.2,537.0,475.0,45.0,64.0,108.862,10.0,2.0,3.0,3.0
2023,2035665,50164,50058,1,3,0,True,1.0,3.0,3.0,43.8,403.0,350.0,46.0,20.0,101.868,9.0,4.0,7.0,7.0
2023,2035667,52707,50050,1,1,1,True,1.0,2.0,0.0,46.2,485.0,413.0,69.0,23.0,123.595,8.0,7.0,6.0,6.0
2023,2035667,50050,52707,1,1,1,True,1.0,6.0,6.0,53.800000000000004,603.0,535.0,72.0,54.0,124.467,7.0,1.0,2.0,0.0
2023,2035658,50121,50136,0,3,0,True,0.0,3.0,6.0,45.6,350.0,268.0,71.0,33.0,107.629,13.0,7.0,10.0,11.0
2023,2035658,50136,50121,3,0,3,True,3.0,10.0,11.0,54.400000000000006,478.0,391.0,51.0,62.0,115.36,12.0,3.0,3.0,6.0
2023,2035666,52914,50030,1,1,1,True,1.0,4.0,7.0,69.39999999999999,679.0,577.0,76.0,63.0,113.314,6.0,2.0,3.0,1.0
2023,2035666,50030,52914,1,1,1,True,1.0,3.0,1.0,30.599999999999998,268.0,172.0,53.0,26.0,119.466,16.0,3.0,4.0,7.0
2023,2035668,50051,2603790,2,0,3,True,2.0,3.0,8.0,52.800000000000004,540.0,484.0,60.0,57.0,109.378,9.0,3.0,3.0,2.0
2023,2035668,2603790,50051,0,2,0,True,0.0,3.0,2.0,47.199999999999996,482.0,410.0,51.0,33.0,113.03,11.0,1.0,3.0,8.0
2023,2035669,52919,52758,2,1,3,True,2.0,3.0,2.0,63.7,709.0,635.0,77.0,79.0,117.711,9.0,1.0,2.0,3.0
2023,2035669,52758,52919,1,2,0,True,1.0,2.0,3.0,36.3,372.0,305.0,59.0,20.0,121.671,7.0,1.0,3.0,2.0
2023,2035670,52709,52714,0,0,1,True,0.0,2.0,5.0,39.5,363.0,280.0,52.0,26.0,120.741,17.0,2.0,2.0,3.0
2023,2035670,52714,52709,0,0,1,True,0.0,2.0,3.0,60.5,605.0,521.0,78.0,44.0,118.974,8.0,2.0,2.0,5.0
2023,2035671,50139,50147,1,2,0,True,1.0,3.0,3.0,45.7,412.0,331.0,71.0,45.0,114.838,9.0,5.0,7.0,6.0
2023,2035671,50147,50139,2,1,3,True,2.0,7.0,6.0,54.300000000000004,530.0,457.0,71.0,62.0,121.852,15.0,2.0,3.0,3.0
2023,2035672,59045,52747,1,3,0,True,1.0,5.0,4.0,47.5,433.0,371.0,45.0,33.0,105.259,17.0,3.0,6.0,4.0
2023,2035672,52747,59045,3,1,3,True,3.0,6.0,4.0,52.5,555.0,477.0,40.0,57.0,105.293,6.0,4.0,5.0,4.0
2023,2035677,50037,64388,5,0,3,True,5.0,13.0,6.0,64.8,659.0,586.0,60.0,74.0,117.416,12.0,3.0,3.0,6.0
2023,2035677,64388,50037,0,5,0,True,0.0,3.0,6.0,35.199999999999996,285.0,212.0,65.0,25.0,116.512,9.0,8.0,13.0,6.0
2023,2035679,52748,50149,4,1,3,True,4.0,7.0,9.0,59.8,456.0,407.0,47.0,62.0,113.261,10.0,1.0,2.0,2.0
2023,2035679,50149,52748,1,4,0,True,1.0,2.0,2.0,40.2,365.0,285.0,48.0,16.0,102.771,12.0,3.0,7.0,9.0
2023,2035673,7889,50121,2,0,3,True,2.0,10.0,9.0,60.6,584.0,504.0,69.0,69.0,113.657,7.0,2.0,2.0,2.0
2023,2035673,50121,7889,0,2,0,True,0.0,2.0,2.0,39.4,333.0,258.0,63.0,19.0,111.426,6.0,8.0,10.0,9.0
2023,2035674,50143,50136,1,6,0,True,1.0,2.0,4.0,45.6,379.0,288.0,60.0,27.0,104.818,21.0,7.0,13.0,10.0
2023,2035674,50136,50143,6,1,3,True,6.0,13.0,10.0,54.400000000000006,498.0,419.0,52.0,48.0,111.126,5.0,2.0,2.0,4.0
2023,2035675,50064,50109,2,0,3,True,2.0,4.0,3.0,42.699999999999996,356.0,269.0,55.0,42.0,119.814,12.0,6.0,6.0,1.0
2023,2035675,50109,50064,0,2,0,True,0.0,6.0,1.0,57.3,507.0,429.0,76.0,38.0,113.184,13.0,2.0,4.0,3.0
2023,2035676,50043,50124,2,0,3,True,2.0,3.0,1.0,48.1,476.0,412.0,75.0,43.0,118.531,10.0,5.0,5.0,8.0
2023,2035676,50124,50043,0,2,0,True,0.0,5.0,8.0,51.9,547.0,470.0,63.0,40.0,116.352,8.0,1.0,3.0,1.0
2023,2035678,50138,50080,1,0,3,True,1.0,2.0,1.0,31.7,291.0,234.0,43.0,23.0,124.248,9.0,2.0,2.0,4.0
2023,2035678,50080,50138,0,1,0,True,0.0,2.0,4.0,68.30000000000001,713.0,648.0,45.0,99.0,120.24,9.0,1.0,2.0,1.0
2023,2035680,50072,1652,0,0,1,True,0.0,2.0,2.0,44.9,477.0,373.0,60.0,28.0,122.929,8.0,1.0,1.0,7.0
2023,2035680,1652,50072,0,0,1,True,0.0,1.0,7.0,55.1,606.0,518.0,63.0,32.0,120.118,9.0,2.0,2.0,2.0
2023,2035681,50030,50164,1,0,3,True,1.0,6.0,7.0,48.6,453.0,366.0,58.0,54.0,115.176,11.0,3.0,3.0,5.0
2023,2035681,50164,50030,0,1,0,True,0.0,3.0,5.0,51.4,489.0,398.0,77.0,33.0,108.114,9.0,5.0,6.0,7.0
2023,2035683,2603790,50050,3,1,3,True,3.0,6.0,3.0,56.8,633.0,553.0,65.0,45.0,125.188,6.0,3.0,4.0,4.0
2023,2035683,50050,2603790,1,3,0,True,1.0,4.0,4.0,43.2,438.0,375.0,58.0,29.0,122.167,9.0,3.0,6.0,3.0
2023,2035682,52914,50058,3,0,3,True,3.0,6.0,2.0,45.7,493.0,421.0,51.0,43.0,107.91,15.0,1.0,1.0,1.0
2023,2035682,50058,52914,0,3,0,True,0.0,1.0,1.0,54.300000000000004,490.0,401.0,51.0,28.0,112.006,14.0,3.0,6.0,2.0
2023,2035684,50051,52707,2,1,3,True,2.0,13.0,16.0,56.10000000000001,688.0,644.0,45.0,77.0,109.928,7.0,2.0,3.0,6.0
2023,2035684,52707,50051,1,2,0,True,1.0,3.0,6.0,43.9,494.0,435.0,53.0,19.0,115.559,14.0,11.0,13.0,16.0
2023,2035685,52919,52709,5,0,3,True,5.0,16.0,6.0,72.7,855.0,799.0,82.0,87.0,115.195,7.0,1.0,0.0,1.0
2023,2035685,52709,52919,0,5,0,True,0.0,0.0,1.0,27.3,274.0,211.0,53.0,13.0,120.152,6.0,12.0,16.0,6.0
2023,2035686,52714,52758,1,4,0,True,1.0,6.0,10.0,55.7,544.0,463.0,64.0,53.0,113.601,14.0,3.0,6.0,8.0
2023,2035686,52758,52714,4,1,3,True,4.0,6.0,8.0,44.3,393.0,317.0,67.0,34.0,117.465,13.0,5.0,6.0,10.0
2023,2035687,50139,59045,3,1,3,True,3.0,7.0,8.0,51.2,493.0,420.0,68.0,52.0,113.762,6.0,3.0,4.0,8.0
2023,2035687,59045,50139,1,3,0,True,1.0,4.0,8.0,48.8,475.0,408.0,54.0,46.0,109.577,10.0,4.0,7.0,8.0
2023,2035688,50147,52747,1,1,1,True,1.0,6.0,2.0,39.5,374.0,312.0,51.0,29.0,119.138,14.0,6.0,7.0,4.0
2023,2035688,52747,50147,1,1,1,True,1.0,7.0,4.0,60.5,700.0,623.0,52.0,54.0,109.366,9.0,6.0,6.0,2.0
2023,2035701,52709,52919,0,0,1,True,0.0,1.0,4.0,42.4,447.0,386.0,48.0,32.0,124.987,13.0,4.0,4.0,6.0
2023,2035701,52919,52709,0,0,1,True,0.0,4.0,6.0,57.599999999999994,641.0,581.0,59.0,54.0,115.529,6.0,1.0,1.0,4.0
2023,2035703,59045,50139,2,0,3,True,2.0,4.0,4.0,45.1,383.0,307.0,58.0,39.0,108.839,16.0,5.0,5.0,5.0
2023,2035703,50139,59045,0,2,0,True,0.0,5.0,5.0,54.900000000000006,482.0,408.0,68.0,60.0,109.051,12.0,2.0,4.0,4.0
2023,2035697,50164,50030,1,1,1,True,1.0,3.0,5.0,54.0,494.0,389.0,86.0,46.0,116.977,6.0,2.0,3.0,8.0
2023,2035697,50030,50164,1,1,1,True,1.0,3.0,8.0,46.0,375.0,274.0,61.0,44.0,118.78,13.0,2.0,3.0,5.0
2023,2035698,50058,52914,0,2,0,True,0.0,1.0,4.0,37.3,312.0,253.0,59.0,25.0,106.108,12.0,2.0,4.0,6.0
2023,2035698,52914,50058,2,0,3,True,2.0,4.0,6.0,62.7,712.0,671.0,72.0,47.0,109.501,18.0,1.0,1.0,4.0
2023,2035699,52707,50051,1,1,1,True,1.0,2.0,4.0,44.2,478.0,416.0,68.0,31.0,120.7,6.0,4.0,5.0,10.0
2023,2035699,50051,52707,1,1,1,True,1.0,5.0,10.0,55.800000000000004,658.0,589.0,61.0,77.0,119.01,8.0,1.0,2.0,4.0
2023,2035700,50050,2603790,0,2,0,True,0.0,2.0,9.0,41.199999999999996,433.0,373.0,28.0,3.0,119.526,11.0,3.0,5.0,4.0
2023,2035700,2603790,50050,2,0,3,True,2.0,5.0,4.0,58.8,619.0,554.0,65.0,,121.112,4.0,2.0,2.0,9.0
2023,2035702,52758,52714,1,1,1,True,1.0,3.0,3.0,51.0,535.0,455.0,75.0,33.0,114.316,11.0,1.0,2.0,5.0
2023,2035702,52714,52758,1,1,1,True,1.0,2.0,5.0,49.0,501.0,418.0,62.0,28.0,117.898,7.0,2.0,3.0,3.0
2023,2035704,52747,50147,1,1,1,True,1.0,3.0,2.0,59.8,623.0,570.0,60.0,52.0,110.533,5.0,0.0,1.0,3.0
2023,2035704,50147,52747,1,1,1,True,1.0,1.0,3.0,40.2,382.0,324.0,48.0,31.0,116.22,18.0,2.0,3.0,2.0
2023,2035689,50136,50143,4,2,3,True,4.0,5.0,5.0,44.4,436.0,390.0,28.0,34.0,112.039,11.0,1.0,3.0,6.0
2023,2035689,50143,50136,2,4,0,True,2.0,3.0,6.0,55.60000000000001,539.0,482.0,46.0,46.0,108.849,11.0,1.0,5.0,5.0
2023,2035691,50124,50043,0,0,1,True,0.0,9.0,8.0,60.4,642.0,573.0,76.0,74.0,120.299,8.0,2.0,2.0,4.0
2023,2035691,50043,50124,0,0,1,True,0.0,2.0,4.0,39.6,349.0,278.0,60.0,20.0,117.346,7.0,9.0,9.0,8.0
2023,2035690,50121,7889,1,7,0,True,1.0,2.0,2.0,45.800000000000004,415.0,305.0,93.0,25.0,111.119,7.0,2.0,9.0,5.0
2023,2035690,7889,50121,7,1,3,True,7.0,9.0,5.0,54.2,544.0,457.0,48.0,43.0,113.736,6.0,1.0,2.0,2.0
2023,2035692,50109,50064,0,3,0,True,0.0,4.0,9.0,63.6,624.0,555.0,62.0,73.0,118.912,16.0,0.0,3.0,2.0
2023,2035692,50064,50109,3,0,3,True,3.0,3.0,2.0,36.4,352.0,281.0,69.0,22.0,126.136,10.0,4.0,4.0,9.0
2023,2035693,50080,50138,3,3,1,True,3.0,11.0,10.0,56.2,536.0,448.0,65.0,68.0,126.36,12.0,6.0,8.0,3.0
2023,2035693,50138,50080,3,3,1,True,3.0,8.0,3.0,43.8,329.0,239.0,71.0,36.0,124.565,15.0,8.0,11.0,10.0
2023,2035694,64388,50037,2,4,0,True,2.0,6.0,6.0,34.599999999999994,300.0,230.0,57.0,41.0,111.34,9.0,5.0,8.0,7.0
2023,2035694,50037,64388,4,2,3,True,4.0,8.0,7.0,65.4,680.0,611.0,52.0,47.0,120.918,11.0,4.0,6.0,6.0
2023,2035695,1652,50072,3,2,3,True,3.0,9.0,2.0,52.0,500.0,430.0,66.0,24.0,117.8,13.0,4.0,6.0,2.0
2023,2035695,50072,1652,2,3,0,True,2.0,6.0,2.0,48.0,467.0,388.0,66.0,33.0,114.308,15.0,6.0,9.0,2.0
2023,2035696,50149,52748,0,2,0,True,0.0,2.0,1.0,34.300000000000004,291.0,230.0,55.0,14.0,83.663,14.0,3.0,5.0,10.0
2023,2035696,52748,50149,2,0,3,True,2.0,5.0,10.0,65.7,648.0,598.0,54.0,67.0,89.18,15.0,2.0,2.0,1.0
2023,2035713,50030,52914,1,2,0,True,1.0,6.0,4.0,32.0,231.0,129.0,59.0,45.0,117.236,18.0,8.0,10.0,2.0
2023,2035713,52914,50030,2,1,3,True,2.0,10.0,2.0,68.0,601.0,516.0,61.0,43.0,110.113,11.0,5.0,6.0,4.0
2023,2035717,52714,52709,3,0,3,True,3.0,11.0,4.0,56.599999999999994,518.0,462.0,57.0,39.0,106.027,11.0,2.0,2.0,5.0
2023,2035717,52709,52714,0,3,0,True,0.0,2.0,5.0,43.4,379.0,313.0,47.0,35.0,112.701,18.0,8.0,11.0,4.0
2023,2035714,50164,50058,0,4,0,True,0.0,6.0,2.0,55.2,531.0,464.0,63.0,35.0,107.092,6.0,7.0,10.0,3.0
2023,2035714,50058,50164,4,0,3,True,4.0,10.0,3.0,44.800000000000004,410.0,353.0,53.0,47.0,112.528,15.0,6.0,6.0,2.0
2023,2035715,50050,52707,1,1,1,True,1.0,5.0,7.0,52.800000000000004,616.0,556.0,33.0,77.0,118.343,6.0,2.0,3.0,3.0
2023,2035715,52707,50050,1,1,1,True,1.0,3.0,3.0,47.199999999999996,534.0,476.0,54.0,26.0,116.087,10.0,4.0,5.0,7.0
2023,2035716,2603790,50051,3,2,3,True,3.0,6.0,5.0,43.6,481.0,424.0,40.0,37.0,119.938,7.0,4.0,6.0,5.0
2023,2035716,50051,2603790,2,3,0,True,2.0,6.0,5.0,56.39999999999999,631.0,573.0,46.0,54.0,113.617,6.0,3.0,6.0,5.0
2023,2035718,52758,52919,0,0,1,True,0.0,4.0,3.0,30.2,350.0,290.0,57.0,20.0,116.416,5.0,3.0,3.0,3.0
2023,2035718,52919,52758,0,0,1,True,0.0,3.0,3.0,69.8,900.0,835.0,68.0,57.0,115.367,10.0,4.0,4.0,3.0
2023,2035719,52747,59045,7,2,3,True,7.0,9.0,8.0,57.3,655.0,607.0,43.0,54.0,107.063,6.0,3.0,5.0,4.0
2023,2035719,59045,52747,2,7,0,True,2.0,5.0,4.0,42.699999999999996,384.0,334.0,45.0,42.0,105.094,12.0,3.0,9.0,8.0
2023,2035720,50147,50139,4,3,3,True,4.0,6.0,9.0,53.1,487.0,422.0,65.0,52.0,,5.0,2.0,5.0,5.0
2023,2035720,50139,50147,3,4,0,True,3.0,5.0,5.0,46.9,406.0,339.0,65.0,37.0,,9.0,3.0,6.0,9.0
2023,2035707,50043,50064,0,4,0,True,0.0,4.0,3.0,56.10000000000001,430.0,336.0,87.0,53.0,110.334,12.0,5.0,9.0,8.0
2023,2035707,50064,50043,4,0,3,True,4.0,9.0,8.0,43.9,332.0,243.0,76.0,33.0,115.246,13.0,4.0,4.0,3.0
2023,2035709,50138,64388,4,0,3,True,4.0,9.0,7.0,59.4,592.0,544.0,53.0,66.0,113.625,9.0,1.0,1.0,2.0
2023,2035709,64388,50138,0,4,0,True,0.0,1.0,2.0,40.6,330.0,271.0,57.0,30.0,113.027,8.0,5.0,9.0,7.0
2023,2035705,50136,50121,3,0,3,True,3.0,6.0,5.0,61.6,789.0,732.0,71.0,54.0,118.291,12.0,1.0,1.0,4.0
2023,2035705,50121,50136,0,3,0,True,0.0,1.0,4.0,38.4,439.0,367.0,59.0,29.0,114.498,11.0,3.0,6.0,5.0
2023,2035706,50143,7889,0,3,0,True,0.0,1.0,8.0,51.0,540.0,449.0,73.0,40.0,117.813,6.0,3.0,5.0,7.0
2023,2035706,7889,50143,3,0,3,True,3.0,5.0,7.0,49.0,563.0,489.0,52.0,38.0,118.281,11.0,1.0,1.0,8.0
2023,2035708,50124,50109,2,2,1,True,2.0,10.0,7.0,59.4,662.0,596.0,66.0,82.0,120.394,8.0,5.0,7.0,5.0
2023,2035708,50109,50124,2,2,1,True,2.0,7.0,5.0,40.6,400.0,325.0,58.0,30.0,123.984,11.0,10.0,10.0,7.0
2023,2035710,50080,50037,0,3,0,True,0.0,0.0,3.0,51.800000000000004,495.0,430.0,55.0,55.0,117.807,14.0,4.0,7.0,4.0
2023,2035710,50037,50080,3,0,3,True,3.0,7.0,4.0,48.199999999999996,481.0,421.0,52.0,30.0,121.177,13.0,0.0,0.0,3.0
2023,2035711,1652,50149,1,1,1,True,1.0,6.0,9.0,53.2,566.0,480.0,67.0,66.0,123.651,13.0,3.0,4.0,7.0
2023,2035711,50149,1652,1,1,1,True,1.0,4.0,7.0,46.800000000000004,412.0,335.0,69.0,31.0,122.28,9.0,5.0,6.0,9.0
2023,2035712,50072,52748,2,1,3,True,2.0,4.0,2.0,45.0,413.0,322.0,70.0,31.0,122.368,15.0,2.0,3.0,7.0
2023,2035712,52748,50072,1,2,0,True,1.0,3.0,7.0,55.00000000000001,531.0,426.0,70.0,51.0,120.985,11.0,2.0,4.0,2.0
2023,2035723,50064,50124,2,1,3,True,2.0,8.0,4.0,51.5,486.0,402.0,74.0,27.0,120.996,10.0,5.0,5.0,4.0
2023,2035723,50124,50064,1,2,0,True,1.0,5.0,4.0,48.5,466.0,393.0,80.0,37.0,116.152,7.0,6.0,8.0,4.0
2023,2035724,50109,50043,0,0,1,True,0.0,4.0,6.0,52.7,542.0,457.0,58.0,48.0,118.96,13.0,1.0,1.0,6.0
2023,2035724,50043,50109,0,0,1,True,0.0,1.0,6.0,47.3,475.0,383.0,82.0,28.0,119.47,6.0,4.0,4.0,6.0
2023,2035721,7889,50136,2,0,3,True,2.0,6.0,6.0,52.400000000000006,485.0,406.0,73.0,48.0,118.29,18.0,2.0,2.0,7.0
2023,2035721,50136,7889,0,2,0,True,0.0,2.0,7.0,47.599999999999994,462.0,378.0,60.0,33.0,119.407,10.0,4.0,6.0,6.0
2023,2035722,50121,50143,1,3,0,True,1.0,3.0,3.0,45.7,439.0,371.0,55.0,45.0,113.715,9.0,4.0,7.0,3.0
2023,2035722,50143,50121,3,1,3,True,3.0,7.0,3.0,54.300000000000004,540.0,476.0,53.0,41.0,117.86,13.0,2.0,3.0,3.0
2023,2035725,50037,50138,2,0,3,True,2.0,8.0,9.0,58.4,604.0,546.0,53.0,57.0,124.94,15.0,4.0,4.0,2.0
2023,2035725,50138,50037,0,2,0,True,0.0,4.0,2.0,41.6,407.0,338.0,61.0,32.0,124.238,13.0,6.0,8.0,9.0
2023,2035726,64388,50080,2,4,0,True,2.0,8.0,6.0,27.1,202.0,140.0,48.0,39.0,119.269,15.0,4.0,7.0,4.0
2023,2035726,50080,64388,4,2,3,True,4.0,7.0,4.0,72.89999999999999,764.0,698.0,75.0,38.0,113.118,9.0,6.0,8.0,6.0
2023,2035727,50149,50072,1,2,0,True,1.0,2.0,1.0,51.4,451.0,369.0,70.0,28.0,112.367,14.0,3.0,4.0,1.0
2023,2035727,50072,50149,2,1,3,True,2.0,4.0,1.0,48.6,507.0,425.0,56.0,37.0,117.508,17.0,1.0,2.0,1.0
2023,2035728,52748,1652,1,2,0,True,1.0,4.0,9.0,61.0,669.0,598.0,77.0,69.0,125.058,9.0,1.0,3.0,3.0
2023,2035728,1652,52748,2,1,3,True,2.0,3.0,3.0,39.0,377.0,316.0,64.0,25.0,130.724,10.0,3.0,4.0,9.0
2023,2035731,50051,50050,5,1,3,True,5.0,9.0,6.0,62.2,755.0,700.0,64.0,59.0,,6.0,7.0,8.0,3.0
2023,2035731,50050,50051,1,5,0,True,1.0,8.0,3.0,37.8,397.0,346.0,30.0,40.0,,8.0,4.0,9.0,6.0
2023,2035732,52707,2603790,0,4,0,True,0.0,1.0,3.0,50.4,509.0,442.0,68.0,25.0,109.814,15.0,4.0,7.0,5.0
2023,2035732,2603790,52707,4,0,3,True,4.0,7.0,5.0,49.6,540.0,483.0,56.0,45.0,,10.0,1.0,1.0,3.0
2023,2035729,52914,50164,2,1,3,True,2.0,6.0,12.0,56.89999999999999,604.0,547.0,45.0,62.0,113.43,17.0,1.0,2.0,1.0
2023,2035729,50164,52914,1,2,0,True,1.0,2.0,1.0,43.1,417.0,340.0,55.0,25.0,111.466,16.0,4.0,6.0,12.0
2023,2035730,50058,50030,4,0,3,True,4.0,7.0,4.0,50.5,384.0,305.0,90.0,39.0,110.286,5.0,5.0,5.0,8.0
2023,2035730,50030,50058,0,4,0,True,0.0,5.0,8.0,49.5,412.0,342.0,46.0,37.0,111.004,9.0,4.0,7.0,4.0
2023,2035733,52919,52714,3,1,3,True,3.0,7.0,8.0,60.4,685.0,624.0,57.0,70.0,116.372,9.0,1.0,2.0,5.0
2023,2035733,52714,52919,1,3,0,True,1.0,2.0,5.0,39.6,432.0,384.0,58.0,15.0,117.756,7.0,4.0,7.0,8.0
2023,2035734,52709,52758,1,1,1,True,1.0,9.0,9.0,41.5,451.0,385.0,55.0,47.0,132.102,9.0,0.0,1.0,7.0
2023,2035734,52758,52709,1,1,1,True,1.0,1.0,7.0,58.5,606.0,526.0,95.0,40.0,122.562,7.0,8.0,9.0,9.0
2023,2035735,50139,52747,1,2,0,True,1.0,2.0,8.0,49.1,563.0,521.0,52.0,58.0,115.151,14.0,3.0,5.0,2.0
2023,2035735,52747,50139,2,1,3,True,2.0,5.0,2.0,50.9,635.0,580.0,40.0,43.0,110.687,13.0,1.0,2.0,8.0
2023,2035736,59045,50147,1,6,0,True,1.0,2.0,1.0,43.2,438.0,375.0,60.0,29.0,,10.0,4.0,10.0,4.0
2023,2035736,50147,59045,6,1,3,True,6.0,10.0,4.0,56.8,596.0,534.0,67.0,51.0,,6.0,1.0,2.0,1.0
2024,2039189,50058,59324,0,0,1,True,0.0,8.0,10.0,54.0,413.0,354.0,68.0,52.0,110.899,16.0,1.0,1.0,3.0
2024,2039189,59324,50058,0,0,1,True,0.0,1.0,3.0,46.0,380.0,325.0,53.0,28.0,115.222,13.0,8.0,8.0,10.0
2024,2039191,50031,2603790,1,3,0,True,1.0,3.0,3.0,53.1,504.0,427.0,72.0,48.0,118.925,12.0,5.0,8.0,8.0
2024,2039191,2603790,50031,3,1,3,True,3.0,8.0,8.0,46.9,404.0,329.0,51.0,44.0,118.633,11.0,2.0,3.0,3.0
2024,2039186,52749,50050,2,0,3,True,2.0,5.0,5.0,57.599999999999994,632.0,570.0,44.0,53.0,121.965,13.0,3.0,3.0,2.0
2024,2039186,50050,52749,0,2,0,True,0.0,3.0,2.0,42.4,412.0,343.0,45.0,24.0,116.384,11.0,3.0,5.0,5.0
2024,2039187,52973,50124,1,1,1,True,1.0,7.0,4.0,51.4,594.0,537.0,61.0,67.0,121.456,6.0,3.0,4.0,1.0
2024,2039187,50124,52973,1,1,1,True,1.0,4.0,1.0,48.6,622.0,561.0,59.0,38.0,114.789,12.0,7.0,7.0,4.0
2024,2039188,52747,52758,2,0,3,True,2.0,2.0,10.0,64.8,695.0,629.0,68.0,62.0,111.851,8.0,1.0,1.0,7.0
2024,2039188,52758,52747,0,2,0,True,0.0,1.0,7.0,35.199999999999996,321.0,250.0,41.0,28.0,115.59,10.0,0.0,2.0,10.0
2024,2039190,52919,50069,3,1,3,True,3.0,16.0,11.0,69.8,741.0,703.0,58.0,104.0,117.438,5.0,1.0,2.0,1.0
2024,2039190,50069,52919,1,3,0,True,1.0,2.0,1.0,30.2,241.0,187.0,57.0,14.0,115.404,9.0,13.0,16.0,11.0
2024,2039192,50080,50113,5,0,3,True,5.0,9.0,6.0,64.8,816.0,761.0,47.0,86.0,114.586,10.0,1.0,1.0,2.0
2024,2039192,50113,50080,0,5,0,True,0.0,1.0,2.0,35.199999999999996,361.0,306.0,47.0,17.0,112.218,8.0,5.0,9.0,6.0
2024,2039193,52707,50064,1,3,0,True,1.0,4.0,2.0,49.1,446.0,400.0,82.0,31.0,115.877,14.0,6.0,9.0,4.0
2024,2039193,50064,52707,3,1,3,True,3.0,9.0,4.0,50.9,530.0,481.0,69.0,43.0,123.365,8.0,3.0,4.0,2.0
2024,2039179,50067,52709,2,2,1,True,2.0,5.0,6.0,60.8,591.0,505.0,74.0,59.0,111.714,11.0,1.0,3.0,1.0
2024,2039179,52709,50067,2,2,1,True,2.0,3.0,1.0,39.2,329.0,243.0,51.0,38.0,121.262,17.0,4.0,5.0,6.0
2024,2039183,50051,77977,1,0,3,True,1.0,7.0,14.0,71.6,826.0,763.0,62.0,91.0,114.063,8.0,0.0,0.0,2.0
2024,2039183,77977,50051,0,1,0,True,0.0,0.0,2.0,28.4,266.0,191.0,62.0,16.0,121.901,11.0,6.0,7.0,14.0
2024,2039178,50037,52682,4,3,3,True,4.0,9.0,3.0,58.5,600.0,546.0,58.0,48.0,115.318,8.0,1.0,4.0,4.0
2024,2039178,52682,50037,3,4,0,True,3.0,4.0,4.0,41.5,390.0,333.0,48.0,35.0,115.105,8.0,5.0,9.0,3.0
2024,2039180,52714,52277,1,1,1,True,1.0,6.0,3.0,54.50000000000001,453.0,382.0,67.0,53.0,113.358,18.0,2.0,3.0,3.0
2024,2039180,52277,52714,1,1,1,True,1.0,3.0,3.0,45.5,353.0,276.0,45.0,32.0,114.436,16.0,5.0,6.0,3.0
2024,2039181,52280,50062,4,0,3,True,4.0,8.0,5.0,60.3,589.0,535.0,70.0,49.0,121.217,8.0,4.0,4.0,4.0
2024,2039181,50062,52280,0,4,0,True,0.0,4.0,4.0,39.7,415.0,349.0,50.0,51.0,115.257,8.0,4.0,8.0,5.0
2024,2039182,52336,50136,1,2,0,True,1.0,2.0,10.0,52.800000000000004,482.0,397.0,76.0,52.0,101.763,14.0,5.0,6.0,6.0
2024,2039182,50136,52336,2,1,3,True,2.0,6.0,6.0,47.199999999999996,415.0,346.0,50.0,45.0,104.289,12.0,1.0,2.0,10.0
2024,2039184,50123,50138,1,1,1,True,1.0,5.0,4.0,45.0,354.0,286.0,50.0,39.0,116.232,14.0,0.0,1.0,3.0
2024,2039184,50138,50123,1,1,1,True,1.0,1.0,3.0,55.00000000000001,452.0,376.0,59.0,37.0,117.244,15.0,4.0,5.0,4.0
2024,2039185,50147,50030,0,2,0,True,0.0,7.0,7.0,55.7,524.0,442.0,62.0,60.0,113.877,9.0,2.0,4.0,4.0
2024,2039185,50030,50147,2,0,3,True,2.0,4.0,4.0,44.3,397.0,315.0,60.0,35.0,127.988,19.0,7.0,7.0,7.0
2024,2039098,77977,52336,2,3,0,True,2.0,4.0,5.0,39.0,297.0,228.0,60.0,35.0,124.181,12.0,3.0,6.0,3.0
2024,2039098,52336,77977,3,2,3,True,3.0,6.0,3.0,61.0,586.0,518.0,72.0,47.0,118.469,10.0,2.0,4.0,5.0
2024,2039099,50030,50123,0,2,0,True,0.0,1.0,6.0,46.6,433.0,344.0,55.0,43.0,118.705,11.0,2.0,4.0,3.0
2024,2039099,50123,50030,2,0,3,True,2.0,4.0,3.0,53.400000000000006,491.0,424.0,66.0,44.0,117.501,13.0,1.0,1.0,6.0
2024,2039100,52682,50067,2,3,0,True,2.0,5.0,5.0,51.9,452.0,344.0,89.0,51.0,114.701,13.0,1.0,4.0,7.0
2024,2039100,50067,52682,3,2,3,True,3.0,4.0,7.0,48.1,380.0,283.0,81.0,31.0,117.527,16.0,4.0,5.0,5.0
2024,2039101,52709,50037,1,2,0,True,1.0,4.0,3.0,40.6,451.0,372.0,64.0,33.0,130.266,10.0,3.0,5.0,4.0
2024,2039101,50037,52709,2,1,3,True,2.0,5.0,4.0,59.4,619.0,546.0,77.0,71.0,119.89,11.0,3.0,4.0,3.0
2024,2039102,52277,52280,2,1,3,True,2.0,3.0,5.0,32.2,344.0,280.0,47.0,23.0,118.344,8.0,5.0,6.0,3.0
2024,2039102,52280,52277,1,2,0,True,1.0,6.0,3.0,67.80000000000001,705.0,640.0,65.0,61.0,119.512,10.0,1.0,3.0,5.0
2024,2039103,50062,52714,2,2,1,True,2.0,7.0,12.0,59.199999999999996,458.0,385.0,74.0,68.0,113.754,11.0,0.0,2.0,6.0
2024,2039103,52714,50062,2,2,1,True,2.0,2.0,6.0,40.8,280.0,201.0,67.0,36.0,114.531,9.0,5.0,7.0,12.0
2024,2039104,50136,50051,2,3,0,True,2.0,7.0,3.0,49.4,518.0,460.0,52.0,56.0,111.678,9.0,3.0,5.0,4.0
2024,2039104,50051,50136,3,2,3,True,3.0,5.0,4.0,50.6,516.0,470.0,37.0,50.0,108.747,12.0,5.0,7.0,3.0
2024,2039105,50138,50147,1,0,3,True,1.0,7.0,8.0,46.300000000000004,487.0,405.0,54.0,51.0,119.842,10.0,3.0,3.0,2.0
2024,2039105,50147,50138,0,1,0,True,0.0,3.0,2.0,53.7,541.0,462.0,60.0,35.0,117.522,5.0,7.0,7.0,8.0
2024,2039106,50124,52749,3,2,3,True,3.0,3.0,2.0,45.6,494.0,424.0,45.0,29.0,111.129,8.0,6.0,7.0,6.0
2024,2039106,52749,50124,2,3,0,True,2.0,7.0,6.0,54.400000000000006,525.0,451.0,40.0,64.0,115.028,7.0,0.0,3.0,2.0
2024,2039107,50113,52707,2,3,0,True,2.0,5.0,5.0,52.800000000000004,530.0,461.0,78.0,35.0,118.183,7.0,3.0,6.0,5.0
2024,2039107,52707,50113,3,2,3,True,3.0,6.0,5.0,47.199999999999996,469.0,402.0,59.0,37.0,117.115,7.0,3.0,5.0,5.0
2024,2039108,50050,52973,1,2,0,True,1.0,5.0,4.0,54.400000000000006,648.0,556.0,66.0,43.0,88.217,10.0,1.0,3.0,2.0
2024,2039108,52973,50050,2,1,3,True,2.0,3.0,2.0,45.6,534.0,447.0,60.0,30.0,89.475,14.0,4.0,5.0,4.0
2024,2039109,52758,50058,0,0,1,True,0.0,3.0,10.0,56.599999999999994,529.0,467.0,63.0,55.0,114.86,9.0,2.0,2.0,7.0
2024,2039109,50058,52758,0,0,1,True,0.0,2.0,7.0,43.4,390.0,328.0,51.0,35.0,114.25,15.0,3.0,3.0,10.0
2024,2039110,59324,52747,4,1,3,True,4.0,8.0,2.0,30.7,240.0,173.0,55.0,29.0,123.275,16.0,1.0,2.0,6.0
2024,2039110,52747,59324,1,4,0,True,1.0,2.0,6.0,69.3,674.0,595.0,66.0,48.0,114.381,9.0,4.0,8.0,2.0
2024,2039111,2603790,52919,1,3,0,True,1.0,1.0,1.0,30.7,359.0,304.0,34.0,22.0,121.528,12.0,3.0,6.0,7.0
2024,2039111,52919,2603790,3,1,3,True,3.0,6.0,7.0,69.3,762.0,707.0,64.0,67.0,116.788,6.0,0.0,1.0,1.0
2024,2039112,50069,50031,2,2,1,True,2.0,8.0,6.0,47.3,300.0,217.0,61.0,47.0,114.54,12.0,4.0,6.0,5.0
2024,2039112,50031,50069,2,2,1,True,2.0,6.0,5.0,52.7,316.0,239.0,59.0,47.0,118.269,13.0,6.0,8.0,6.0
2024,2039113,50064,50080,0,1,0,True,0.0,5.0,4.0,40.0,372.0,305.0,70.0,44.0,124.836,5.0,2.0,3.0,4.0
2024,2039113,50080,50064,1,0,3,True,1.0,3.0,4.0,60.0,492.0,433.0,69.0,38.0,120.185,18.0,5.0,5.0,4.0
2024,2039114,50067,50037,1,3,0,True,1.0,4.0,10.0,49.9,455.0,383.0,55.0,60.0,110.109,11.0,3.0,6.0,6.0
2024,2039114,50037,50067,3,1,3,True,3.0,6.0,6.0,50.1,429.0,363.0,58.0,36.0,109.493,13.0,3.0,4.0,10.0
2024,2039115,50138,50030,2,1,3,True,2.0,3.0,8.0,52.900000000000006,518.0,439.0,73.0,30.0,117.43,3.0,5.0,6.0,2.0
2024,2039115,50030,50138,1,2,0,True,1.0,6.0,2.0,47.099999999999994,413.0,346.0,61.0,44.0,123.305,15.0,1.0,3.0,8.0
2024,2039116,52682,52709,1,0,3,True,1.0,4.0,7.0,51.1,496.0,436.0,63.0,49.0,124.052,8.0,4.0,4.0,5.0
2024,2039116,52709,52682,0,1,0,True,0.0,4.0,5.0,48.9,509.0,440.0,47.0,43.0,134.239,6.0,3.0,4.0,7.0
2024,2039117,52714,52280,1,2,0,True,1.0,2.0,7.0,54.300000000000004,534.0,463.0,70.0,47.0,116.007,7.0,3.0,5.0,4.0
2024,2039117,52280,52714,2,1,3,True,2.0,5.0,4.0,45.7,420.0,356.0,40.0,44.0,121.505,13.0,1.0,2.0,7.0
2024,2039118,52277,50062,1,1,1,True,1.0,2.0,10.0,45.7,423.0,339.0,56.0,40.0,117.666,19.0,0.0,1.0,4.0
2024,2039118,50062,52277,1,1,1,True,1.0,1.0,4.0,54.300000000000004,495.0,411.0,87.0,42.0,116.094,12.0,1.0,2.0,10.0
2024,2039119,52336,50051,1,2,0,True,1.0,2.0,9.0,45.300000000000004,481.0,433.0,61.0,51.0,113.969,7.0,4.0,6.0,7.0
2024,2039119,50051,52336,2,1,3,True,2.0,6.0,7.0,54.7,546.0,500.0,55.0,44.0,111.105,11.0,2.0,2.0,9.0
2024,2039120,77977,50136,0,1,0,True,0.0,1.0,8.0,41.5,393.0,298.0,76.0,36.0,124.285,21.0,0.0,1.0,2.0
2024,2039120,50136,77977,1,0,3,True,1.0,1.0,2.0,58.5,593.0,526.0,52.0,34.0,116.049,10.0,1.0,1.0,8.0
2024,2039121,50147,50123,0,1,0,True,0.0,4.0,2.0,37.6,350.0,278.0,54.0,29.0,120.055,5.0,1.0,2.0,9.0
2024,2039121,50123,50147,1,0,3,True,1.0,2.0,9.0,62.4,582.0,512.0,68.0,54.0,116.871,15.0,4.0,4.0,2.0
2024,2039122,52749,52973,3,1,3,True,3.0,5.0,6.0,48.0,536.0,473.0,59.0,43.0,126.122,18.0,3.0,4.0,3.0
2024,2039122,52973,52749,1,3,0,True,1.0,4.0,3.0,52.0,617.0,549.0,66.0,33.0,124.529,8.0,2.0,5.0,6.0
2024,2039123,50080,52707,2,1,3,True,2.0,6.0,7.0,56.2,523.0,456.0,65.0,61.0,116.292,9.0,0.0,1.0,4.0
2024,2039123,52707,50080,1,2,0,True,1.0,1.0,4.0,43.8,456.0,390.0,55.0,24.0,118.334,17.0,4.0,6.0,7.0
2024,2039124,50050,50124,2,2,1,True,2.0,3.0,2.0,51.5,647.0,558.0,57.0,43.0,128.182,12.0,4.0,6.0,6.0
2024,2039124,50124,50050,2,2,1,True,2.0,6.0,6.0,48.5,568.0,483.0,64.0,44.0,124.61,11.0,2.0,3.0,2.0
2024,2039125,52747,50058,3,0,3,True,3.0,7.0,4.0,56.99999999999999,524.0,465.0,54.0,41.0,112.793,17.0,4.0,4.0,6.0
2024,2039125,50058,52747,0,3,0,True,0.0,4.0,6.0,43.0,323.0,265.0,50.0,43.0,113.138,11.0,4.0,7.0,4.0
2024,2039126,59324,52758,0,1,0,True,0.0,4.0,4.0,59.199999999999996,468.0,391.0,61.0,54.0,89.762,8.0,4.0,5.0,2.0
2024,2039126,52758,59324,1,0,3,True,1.0,5.0,2.0,40.8,318.0,242.0,56.0,35.0,89.785,15.0,4.0,4.0,4.0
2024,2039127,2603790,50069,3,1,3,True,3.0,10.0,9.0,63.7,562.0,494.0,65.0,65.0,120.329,7.0,2.0,3.0,9.0
2024,2039127,50069,2603790,1,3,0,True,1.0,3.0,9.0,36.3,290.0,232.0,59.0,39.0,115.048,16.0,7.0,10.0,9.0
2024,2039128,50031,52919,1,3,0,True,1.0,4.0,2.0,32.7,344.0,300.0,52.0,29.0,125.787,10.0,10.0,13.0,5.0
2024,2039128,52919,50031,3,1,3,True,3.0,13.0,5.0,67.30000000000001,726.0,690.0,71.0,69.0,120.818,7.0,3.0,4.0,2.0
2024,2039129,50113,50064,1,4,0,True,1.0,2.0,6.0,55.60000000000001,464.0,385.0,80.0,44.0,121.623,13.0,3.0,7.0,1.0
2024,2039129,50064,50113,4,1,3,True,4.0,7.0,1.0,44.4,391.0,312.0,57.0,34.0,127.105,8.0,1.0,2.0,6.0
2024,2039130,52758,59324,2,0,3,True,2.0,9.0,4.0,46.300000000000004,403.0,335.0,51.0,46.0,115.456,13.0,5.0,5.0,3.0
2024,2039130,59324,52758,0,2,0,True,0.0,5.0,3.0,53.7,478.0,415.0,67.0,41.0,113.06,5.0,7.0,9.0,4.0
2024,2039131,52707,50080,1,0,3,True,1.0,4.0,4.0,36.6,353.0,278.0,60.0,22.0,123.479,10.0,1.0,1.0,8.0
2024,2039131,50080,52707,0,1,0,True,0.0,1.0,8.0,63.4,721.0,651.0,56.0,81.0,122.399,9.0,3.0,4.0,4.0
2024,2039132,50124,50050,6,0,3,True,6.0,12.0,9.0,59.9,770.0,722.0,76.0,80.0,119.259,10.0,2.0,1.0,0.0
2024,2039132,50050,50124,0,6,0,True,0.0,1.0,0.0,40.1,390.0,341.0,61.0,29.0,111.534,5.0,7.0,12.0,9.0
2024,2039133,52973,52749,1,0,3,True,1.0,1.0,4.0,37.8,378.0,315.0,35.0,32.0,125.596,15.0,3.0,3.0,3.0
2024,2039133,52749,52973,0,1,0,True,0.0,3.0,3.0,62.2,690.0,630.0,58.0,46.0,120.114,11.0,0.0,1.0,4.0
2024,2039134,50058,52747,2,1,3,True,2.0,8.0,6.0,37.6,264.0,211.0,40.0,40.0,116.43,5.0,5.0,6.0,6.0
2024,2039134,52747,50058,1,2,0,True,1.0,6.0,6.0,62.4,595.0,550.0,60.0,80.0,112.205,13.0,6.0,8.0,6.0
2024,2039135,52919,50031,3,0,3,True,3.0,8.0,10.0,69.8,721.0,676.0,35.0,79.0,114.646,5.0,0.0,0.0,0.0
2024,2039135,50031,52919,0,3,0,True,0.0,0.0,0.0,30.2,290.0,243.0,45.0,10.0,112.726,21.0,6.0,8.0,10.0
2024,2039136,50069,2603790,1,2,0,True,1.0,3.0,5.0,51.4,467.0,378.0,68.0,40.0,120.705,12.0,2.0,4.0,10.0
2024,2039136,2603790,50069,2,1,3,True,2.0,4.0,10.0,48.6,466.0,394.0,58.0,56.0,117.992,11.0,3.0,3.0,5.0
2024,2039137,50064,50113,2,0,3,True,2.0,6.0,7.0,63.2,656.0,593.0,64.0,57.0,124.176,6.0,1.0,1.0,3.0
2024,2039137,50113,50064,0,2,0,True,0.0,1.0,3.0,36.8,290.0,223.0,63.0,18.0,112.937,9.0,4.0,6.0,7.0
2024,2039138,50136,77977,1,1,1,True,1.0,5.0,8.0,66.2,744.0,659.0,72.0,72.0,124.466,9.0,5.0,6.0,5.0
2024,2039138,77977,50136,1,1,1,True,1.0,6.0,5.0,33.800000000000004,274.0,203.0,60.0,31.0,128.71,15.0,4.0,5.0,8.0
2024,2039139,50123,50147,3,1,3,True,3.0,6.0,5.0,52.0,422.0,341.0,47.0,58.0,113.897,18.0,3.0,4.0,3.0
2024,2039139,50147,50123,1,3,0,True,1.0,4.0,3.0,48.0,385.0,298.0,42.0,34.0,112.058,9.0,3.0,6.0,5.0
2024,2039140,50037,50067,2,1,3,True,2.0,4.0,10.0,61.1,585.0,516.0,82.0,56.0,117.826,9.0,1.0,2.0,3.0
2024,2039140,50067,50037,1,2,0,True,1.0,2.0,3.0,38.9,365.0,291.0,63.0,30.0,116.815,14.0,2.0,4.0,10.0
2024,2039141,52709,52682,4,3,3,True,4.0,8.0,6.0,48.9,514.0,454.0,43.0,65.0,131.539,9.0,5.0,8.0,1.0
2024,2039141,52682,52709,3,4,0,True,3.0,8.0,1.0,51.1,491.0,429.0,79.0,34.0,114.557,8.0,4.0,8.0,6.0
2024,2039142,52280,52714,2,0,3,True,2.0,3.0,7.0,60.099999999999994,532.0,474.0,54.0,52.0,117.174,12.0,1.0,1.0,0.0
2024,2039142,52714,52280,0,2,0,True,0.0,1.0,0.0,39.900000000000006,340.0,265.0,61.0,10.0,115.343,15.0,1.0,3.0,7.0
2024,2039143,50062,52277,1,0,3,True,1.0,7.0,4.0,47.8,386.0,293.0,70.0,48.0,120.325,19.0,3.0,3.0,8.0
2024,2039143,52277,50062,0,1,0,True,0.0,3.0,8.0,52.2,447.0,355.0,58.0,43.0,121.37,10.0,6.0,7.0,4.0
2024,2039144,50051,52336,3,0,3,True,3.0,7.0,4.0,48.8,530.0,493.0,31.0,51.0,115.35,11.0,4.0,4.0,4.0
2024,2039144,52336,50051,0,3,0,True,0.0,4.0,4.0,51.2,586.0,543.0,41.0,36.0,113.594,7.0,4.0,7.0,4.0
2024,2039145,50030,50138,0,1,0,True,0.0,5.0,5.0,52.6,432.0,372.0,56.0,48.0,123.292,17.0,5.0,6.0,8.0
2024,2039145,50138,50030,1,0,3,True,1.0,6.0,8.0,47.4,435.0,369.0,53.0,49.0,120.452,14.0,5.0,5.0,5.0
2024,2039146,52973,50050,2,0,3,True,2.0,5.0,13.0,46.2,500.0,442.0,51.0,43.0,124.108,14.0,4.0,4.0,2.0
2024,2039146,50050,52973,0,2,0,True,0.0,4.0,2.0,53.800000000000004,601.0,532.0,77.0,26.0,118.234,9.0,3.0,5.0,13.0
2024,2039147,52707,50113,1,0,3,True,1.0,5.0,6.0,46.1,379.0,322.0,55.0,40.0,117.288,6.0,4.0,4.0,4.0
2024,2039147,50113,52707,0,1,0,True,0.0,4.0,4.0,53.900000000000006,494.0,434.0,66.0,59.0,115.825,12.0,4.0,5.0,6.0
2024,2039148,52749,50124,1,3,0,True,1.0,4.0,3.0,51.300000000000004,557.0,492.0,49.0,71.0,122.988,10.0,2.0,3.0,3.0
2024,2039148,50124,52749,3,1,3,True,3.0,3.0,3.0,48.699999999999996,538.0,463.0,64.0,33.0,120.723,4.0,3.0,4.0,3.0
2024,2039149,52747,59324,1,1,1,True,1.0,7.0,14.0,67.30000000000001,767.0,711.0,50.0,93.0,120.557,14.0,1.0,2.0,2.0
2024,2039149,59324,52747,1,1,1,True,1.0,2.0,2.0,32.7,284.0,216.0,61.0,20.0,124.904,7.0,6.0,7.0,14.0
2024,2039150,50058,52758,1,3,0,True,1.0,4.0,6.0,55.2,516.0,476.0,34.0,75.0,118.919,10.0,1.0,4.0,5.0
2024,2039150,52758,50058,3,1,3,True,3.0,4.0,5.0,44.800000000000004,459.0,400.0,52.0,41.0,119.157,6.0,3.0,4.0,6.0
2024,2039151,52919,2603790,3,2,3,True,3.0,6.0,7.0,68.60000000000001,804.0,751.0,54.0,59.0,121.919,10.0,1.0,3.0,2.0
2024,2039151,2603790,52919,2,3,0,True,2.0,3.0,2.0,31.4,330.0,281.0,40.0,19.0,124.303,11.0,3.0,6.0,7.0
2024,2039152,50031,50069,2,0,3,True,2.0,6.0,9.0,50.4,369.0,296.0,63.0,59.0,120.183,13.0,4.0,3.0,10.0
2024,2039152,50069,50031,0,2,0,True,0.0,3.0,10.0,49.6,427.0,350.0,62.0,44.0,115.818,12.0,5.0,6.0,9.0
2024,2039153,50080,50064,2,1,3,True,2.0,7.0,8.0,56.3,475.0,400.0,65.0,50.0,120.416,11.0,4.0,5.0,3.0
2024,2039153,50064,50080,1,2,0,True,1.0,5.0,3.0,43.7,392.0,319.0,55.0,37.0,123.358,21.0,5.0,7.0,8.0
2024,2039154,50067,52682,3,3,1,True,3.0,7.0,5.0,54.7,434.0,351.0,64.0,48.0,108.253,15.0,1.0,4.0,9.0
2024,2039154,52682,50067,3,3,1,True,3.0,4.0,9.0,45.300000000000004,312.0,246.0,64.0,36.0,109.481,18.0,4.0,7.0,5.0
2024,2039155,52714,50062,2,3,0,True,2.0,4.0,5.0,42.5,322.0,242.0,69.0,31.0,113.308,14.0,5.0,7.0,6.0
2024,2039155,50062,52714,3,2,3,True,3.0,7.0,6.0,57.49999999999999,487.0,423.0,61.0,50.0,115.466,11.0,2.0,4.0,5.0
2024,2039156,50037,52709,0,0,1,True,0.0,2.0,6.0,59.199999999999996,693.0,610.0,58.0,71.0,115.369,7.0,4.0,4.0,3.0
2024,2039156,52709,50037,0,0,1,True,0.0,4.0,3.0,40.8,425.0,352.0,48.0,25.0,123.362,5.0,2.0,2.0,6.0
2024,2039157,52280,52277,6,0,3,True,6.0,8.0,5.0,49.7,458.0,407.0,50.0,43.0,120.274,14.0,2.0,3.0,1.0
2024,2039157,52277,52280,0,6,0,True,0.0,3.0,1.0,50.3,483.0,422.0,50.0,32.0,113.511,11.0,2.0,8.0,5.0
2024,2039158,50051,50136,4,2,3,True,4.0,9.0,10.0,52.7,575.0,528.0,61.0,63.0,115.665,6.0,1.0,3.0,2.0
2024,2039158,50136,50051,2,4,0,True,2.0,3.0,2.0,47.3,511.0,446.0,44.0,34.0,119.074,14.0,5.0,9.0,10.0
2024,2039159,52336,77977,1,1,1,True,1.0,2.0,6.0,55.60000000000001,549.0,489.0,89.0,43.0,108.846,11.0,1.0,2.0,3.0
2024,2039159,77977,52336,1,1,1,True,1.0,2.0,3.0,44.4,468.0,413.0,45.0,38.0,121.576,12.0,1.0,2.0,6.0
2024,2039160,50147,50138,3,3,1,True,3.0,5.0,4.0,42.8,425.0,366.0,55.0,39.0,123.209,13.0,6.0,9.0,3.0
2024,2039160,50138,50147,3,3,1,True,3.0,9.0,3.0,57.199999999999996,603.0,556.0,63.0,39.0,121.934,9.0,2.0,5.0,4.0
2024,2039161,50123,50030,0,0,1,True,0.0,7.0,9.0,67.30000000000001,601.0,526.0,97.0,62.0,112.401,10.0,1.0,1.0,1.0
2024,2039161,50030,50123,0,0,1,True,0.0,1.0,1.0,32.7,272.0,195.0,55.0,21.0,116.656,9.0,8.0,7.0,9.0
2024,2039162,52277,52714,2,1,3,True,2.0,2.0,1.0,37.6,306.0,237.0,43.0,18.0,110.608,11.0,3.0,4.0,5.0
2024,2039162,52714,52277,1,2,0,True,1.0,4.0,5.0,62.4,575.0,486.0,59.0,60.0,113.155,12.0,0.0,2.0,1.0
2024,2039163,50062,52280,1,1,1,True,1.0,4.0,8.0,44.9,403.0,358.0,59.0,32.0,118.857,9.0,1.0,2.0,8.0
2024,2039163,52280,50062,1,1,1,True,1.0,2.0,8.0,55.1,568.0,510.0,45.0,42.0,124.917,6.0,3.0,4.0,8.0
2024,2039164,52682,50037,0,1,0,True,0.0,1.0,3.0,43.5,415.0,346.0,54.0,38.0,119.756,10.0,2.0,3.0,3.0
2024,2039164,50037,52682,1,0,3,True,1.0,3.0,3.0,56.49999999999999,603.0,537.0,62.0,44.0,119.221,9.0,1.0,1.0,3.0
2024,2039165,52709,50067,1,0,3,True,1.0,3.0,6.0,41.699999999999996,358.0,256.0,64.0,39.0,125.966,10.0,4.0,4.0,7.0
2024,2039165,50067,52709,0,1,0,True,0.0,4.0,7.0,58.3,573.0,451.0,113.0,72.0,116.874,5.0,2.0,3.0,6.0
2024,2039166,50136,52336,2,0,3,True,2.0,6.0,1.0,51.300000000000004,462.0,399.0,62.0,39.0,115.655,12.0,5.0,5.0,10.0
2024,2039166,52336,50136,0,2,0,True,0.0,5.0,10.0,48.699999999999996,464.0,401.0,64.0,58.0,112.184,13.0,5.0,6.0,1.0
2024,2039167,77977,50051,2,3,0,True,2.0,5.0,2.0,28.599999999999998,311.0,247.0,47.0,20.0,121.873,10.0,6.0,9.0,10.0
2024,2039167,50051,77977,3,2,3,True,3.0,9.0,10.0,71.39999999999999,895.0,865.0,60.0,67.0,113.683,5.0,3.0,5.0,2.0
2024,2039168,50138,50123,0,0,1,True,0.0,2.0,6.0,38.4,421.0,347.0,50.0,28.0,119.45,9.0,2.0,2.0,0.0
2024,2039168,50123,50138,0,0,1,True,0.0,2.0,0.0,61.6,537.0,464.0,56.0,41.0,119.369,21.0,2.0,2.0,6.0
2024,2039169,50030,50147,1,3,0,True,1.0,6.0,7.0,45.4,432.0,346.0,81.0,33.0,123.501,8.0,4.0,6.0,9.0
2024,2039169,50147,50030,3,1,3,True,3.0,6.0,9.0,54.6,531.0,427.0,70.0,66.0,119.936,8.0,5.0,6.0,7.0
2024,2039170,2603790,50031,2,1,3,True,2.0,2.0,3.0,51.0,510.0,417.0,60.0,23.0,118.779,9.0,3.0,4.0,12.0
2024,2039170,50031,2603790,1,2,0,True,1.0,4.0,12.0,49.0,427.0,345.0,60.0,52.0,117.788,18.0,0.0,2.0,3.0
2024,2039171,50069,52919,2,3,0,True,2.0,6.0,3.0,30.099999999999998,301.0,244.0,60.0,23.0,116.148,21.0,0.0,3.0,4.0
2024,2039171,52919,50069,3,2,3,True,3.0,3.0,4.0,69.89999999999999,668.0,619.0,79.0,51.0,114.753,9.0,4.0,6.0,3.0
2024,2039172,50124,52973,2,0,3,True,2.0,4.0,9.0,56.8,686.0,605.0,64.0,38.0,119.159,12.0,4.0,4.0,4.0
2024,2039172,52973,50124,0,2,0,True,0.0,4.0,4.0,43.2,509.0,442.0,65.0,42.0,118.744,10.0,2.0,4.0,9.0
2024,2039173,50050,52749,2,1,3,True,2.0,7.0,2.0,49.1,437.0,378.0,48.0,48.0,122.086,4.0,6.0,7.0,4.0
2024,2039173,52749,50050,1,2,0,True,1.0,7.0,4.0,50.9,477.0,400.0,57.0,41.0,120.844,14.0,5.0,7.0,2.0
2024,2039174,52758,52747,1,1,1,True,1.0,6.0,4.0,44.800000000000004,372.0,300.0,66.0,34.0,118.96,13.0,4.0,5.0,7.0
2024,2039174,52747,52758,1,1,1,True,1.0,5.0,7.0,55.2,553.0,483.0,52.0,62.0,114.326,14.0,5.0,6.0,4.0
2024,2039175,59324,50058,1,2,0,True,1.0,6.0,6.0,54.800000000000004,473.0,393.0,63.0,59.0,117.823,18.0,0.0,2.0,6.0
2024,2039175,50058,59324,2,1,3,True,2.0,2.0,6.0,45.2,350.0,279.0,47.0,30.0,116.506,14.0,5.0,6.0,6.0
2024,2039176,50064,52707,5,3,3,True,5.0,9.0,4.0,49.9,428.0,366.0,62.0,50.0,120.196,12.0,4.0,6.0,2.0
2024,2039176,52707,50064,3,5,0,True,3.0,6.0,2.0,50.1,464.0,399.0,60.0,30.0,112.515,17.0,4.0,9.0,4.0
2024,2039177,50113,50080,3,2,3,True,3.0,5.0,6.0,35.699999999999996,289.0,242.0,50.0,36.0,139.93,10.0,1.0,3.0,3.0
2024,2039177,50080,50113,2,3,0,True,2.0,3.0,3.0,64.3,684.0,623.0,54.0,73.0,138.834,8.0,2.0,5.0,6.0
2025,2042029,50139,50062,3,1,3,True,3.0,5.0,6.0,47.8,485.0,419.0,53.0,31.0,119.67,7.0,4.0,5.0,2.0
2025,2042029,50062,50139,1,3,0,True,1.0,5.0,2.0,52.2,611.0,537.0,60.0,50.0,114.717,6.0,2.0,5.0,6.0
2025,2042041,50031,52683,0,3,0,True,0.0,5.0,6.0,45.0,364.0,312.0,59.0,28.0,113.244,14.0,4.0,7.0,8.0
2025,2042041,52683,50031,3,0,3,True,3.0,7.0,8.0,55.00000000000001,417.0,361.0,50.0,49.0,112.85,12.0,5.0,5.0,6.0
2025,2042032,50037,50164,9,2,3,True,9.0,19.0,3.0,66.7,776.0,717.0,41.0,83.0,124.582,8.0,1.0,3.0,1.0
2025,2042032,50164,50037,2,9,0,True,2.0,3.0,1.0,33.300000000000004,329.0,263.0,48.0,14.0,112.72,6.0,10.0,19.0,3.0
2025,2042036,50058,7889,1,3,0,True,1.0,2.0,4.0,49.6,445.0,377.0,44.0,26.0,115.365,9.0,9.0,12.0,8.0
2025,2042036,7889,50058,3,1,3,True,3.0,12.0,8.0,50.4,467.0,404.0,51.0,51.0,116.997,12.0,1.0,2.0,4.0
2025,2042038,50051,50107,3,1,3,True,3.0,8.0,4.0,48.0,439.0,377.0,63.0,53.0,109.469,13.0,6.0,7.0,7.0
2025,2042038,50107,50051,1,3,0,True,1.0,7.0,7.0,52.0,518.0,455.0,52.0,40.0,117.749,10.0,5.0,8.0,4.0
2025,2042040,50149,75797,2,0,3,True,2.0,5.0,7.0,49.2,452.0,396.0,35.0,38.0,115.133,17.0,2.0,2.0,0.0
2025,2042040,75797,50149,0,2,0,True,0.0,2.0,0.0,50.8,462.0,388.0,59.0,28.0,109.757,18.0,3.0,5.0,7.0
2025,2042034,52969,52707,0,0,1,True,0.0,4.0,6.0,48.4,461.0,403.0,68.0,58.0,123.004,13.0,1.0,1.0,1.0
2025,2042034,52707,52969,0,0,1,True,0.0,1.0,1.0,51.6,513.0,440.0,69.0,20.0,124.142,12.0,4.0,4.0,6.0
2025,2042042,50033,50030,3,0,3,True,3.0,6.0,5.0,34.0,256.0,182.0,57.0,32.0,114.533,11.0,1.0,1.0,4.0
2025,2042042,50030,50033,0,3,0,True,0.0,1.0,4.0,66.0,638.0,568.0,40.0,54.0,114.307,13.0,3.0,6.0,5.0
2025,2042025,50043,52758,0,3,0,True,0.0,5.0,7.0,37.3,421.0,368.0,58.0,42.0,119.842,11.0,3.0,6.0,7.0
2025,2042025,52758,50043,3,0,3,True,3.0,6.0,7.0,62.7,736.0,686.0,47.0,55.0,122.543,4.0,5.0,5.0,7.0
2025,2042026,50050,52797,5,1,3,True,5.0,11.0,4.0,58.199999999999996,571.0,504.0,43.0,68.0,116.362,16.0,1.0,2.0,2.0
2025,2042026,52797,50050,1,5,0,True,1.0,2.0,2.0,41.8,375.0,310.0,51.0,27.0,108.327,10.0,7.0,11.0,4.0
2025,2042035,52919,50138,0,0,1,True,0.0,5.0,10.0,60.199999999999996,665.0,615.0,45.0,73.0,117.157,12.0,3.0,3.0,7.0
2025,2042035,50138,52919,0,0,1,True,0.0,3.0,7.0,39.800000000000004,449.0,393.0,54.0,20.0,119.248,9.0,5.0,5.0,10.0
2025,2042039,52747,2602798,1,0,3,True,1.0,5.0,9.0,61.9,641.0,599.0,39.0,61.0,115.722,8.0,1.0,1.0,1.0
2025,2042039,2602798,52747,0,1,0,True,0.0,1.0,1.0,38.1,357.0,300.0,45.0,15.0,122.512,18.0,5.0,5.0,9.0
2025,2042027,50069,50147,1,2,0,True,1.0,3.0,9.0,54.2,463.0,402.0,58.0,53.0,111.149,12.0,1.0,3.0,5.0
2025,2042027,50147,50069,2,1,3,True,2.0,3.0,5.0,45.800000000000004,376.0,307.0,43.0,35.0,116.958,11.0,2.0,3.0,9.0
2025,2042028,52749,50109,0,4,0,True,0.0,4.0,4.0,52.0,524.0,460.0,46.0,52.0,112.112,4.0,1.0,4.0,5.0
2025,2042028,50109,52749,4,0,3,True,4.0,4.0,5.0,48.0,519.0,468.0,57.0,27.0,114.383,8.0,4.0,4.0,4.0
2025,2042030,52816,52280,0,0,1,True,0.0,2.0,4.0,51.1,508.0,427.0,58.0,40.0,111.554,7.0,2.0,2.0,3.0
2025,2042030,52280,52816,0,0,1,True,0.0,2.0,3.0,48.9,439.0,370.0,52.0,25.0,115.949,11.0,2.0,2.0,4.0
2025,2042031,50124,2603790,2,1,3,True,2.0,4.0,10.0,50.7,569.0,497.0,80.0,60.0,118.492,13.0,2.0,3.0,2.0
2025,2042031,2603790,50124,1,2,0,True,1.0,3.0,2.0,49.3,531.0,459.0,48.0,15.0,117.159,13.0,2.0,4.0,10.0
2025,2042033,50023,50080,2,1,3,True,2.0,8.0,4.0,56.599999999999994,438.0,378.0,58.0,48.0,106.971,16.0,0.0,1.0,3.0
2025,2042033,50080,50023,1,2,0,True,1.0,1.0,3.0,43.4,342.0,281.0,59.0,16.0,104.035,14.0,6.0,8.0,4.0
2025,2042037,2601306,50111,2,1,3,True,2.0,5.0,5.0,54.6,362.0,292.0,75.0,45.0,112.009,14.0,1.0,1.0,3.0
2025,2042037,50111,2601306,1,2,0,True,1.0,1.0,3.0,45.4,294.0,237.0,35.0,23.0,115.424,23.0,3.0,5.0,5.0
2025,2041941,50030,2601306,0,4,0,True,0.0,6.0,4.0,51.9,458.0,389.0,32.0,50.0,118.417,17.0,2.0,6.0,6.0
2025,2041941,2601306,50030,4,0,3,True,4.0,6.0,6.0,48.1,426.0,349.0,82.0,28.0,116.009,11.0,6.0,6.0,4.0
2025,2041943,50107,50033,1,1,1,True,1.0,11.0,6.0,69.1,680.0,620.0,45.0,84.0,113.306,10.0,2.0,3.0,6.0
2025,2041943,50033,50107,1,1,1,True,1.0,3.0,6.0,30.9,208.0,141.0,52.0,22.0,112.27,12.0,10.0,11.0,6.0
2025,2041935,50138,50069,4,0,3,True,4.0,7.0,6.0,50.3,556.0,508.0,43.0,46.0,,11.0,3.0,3.0,6.0
2025,2041935,50069,50138,0,4,0,True,0.0,3.0,6.0,49.7,501.0,452.0,56.0,36.0,,8.0,3.0,7.0,6.0
2025,2041936,52758,50050,7,1,3,True,7.0,14.0,2.0,52.800000000000004,515.0,453.0,43.0,50.0,115.956,15.0,1.0,3.0,3.0
2025,2041936,50050,52758,1,7,0,True,1.0,3.0,3.0,47.199999999999996,450.0,390.0,36.0,27.0,112.623,7.0,7.0,14.0,2.0
2025,2041937,50080,50031,5,0,3,True,5.0,8.0,4.0,66.7,679.0,616.0,54.0,83.0,113.134,9.0,1.0,1.0,3.0
2025,2041937,50031,50080,0,5,0,True,0.0,1.0,3.0,33.300000000000004,296.0,241.0,54.0,17.0,112.657,10.0,4.0,8.0,4.0
2025,2041938,50109,50058,1,0,3,True,1.0,9.0,7.0,47.699999999999996,581.0,538.0,38.0,51.0,125.86,15.0,5.0,5.0,7.0
2025,2041938,50058,50109,0,1,0,True,0.0,5.0,7.0,52.300000000000004,568.0,522.0,49.0,45.0,116.697,4.0,8.0,9.0,7.0
2025,2041939,52280,52747,2,0,3,True,2.0,5.0,1.0,37.6,354.0,291.0,46.0,37.0,118.934,8.0,2.0,2.0,7.0
2025,2041939,52747,52280,0,2,0,True,0.0,2.0,7.0,62.4,662.0,584.0,62.0,55.0,113.459,8.0,3.0,5.0,1.0
2025,2041940,50062,50149,1,1,1,True,1.0,6.0,8.0,53.6,557.0,492.0,63.0,39.0,121.542,18.0,2.0,3.0,3.0
2025,2041940,50149,50062,1,1,1,True,1.0,3.0,3.0,46.400000000000006,402.0,332.0,51.0,31.0,121.691,15.0,5.0,6.0,8.0
2025,2041942,52797,52919,0,4,0,True,0.0,0.0,2.0,25.7,241.0,170.0,45.0,8.0,107.474,2.0,10.0,14.0,11.0
2025,2041942,52919,52797,4,0,3,True,4.0,14.0,11.0,74.3,758.0,711.0,45.0,110.0,113.34,8.0,0.0,0.0,2.0
2025,2041947,52707,52816,0,3,0,True,0.0,0.0,4.0,48.4,434.0,370.0,61.0,29.0,120.441,6.0,2.0,5.0,13.0
2025,2041947,52816,52707,3,0,3,True,3.0,5.0,13.0,51.6,482.0,432.0,62.0,60.0,119.978,8.0,0.0,0.0,4.0
2025,2041951,2602798,52749,2,3,0,True,2.0,6.0,3.0,62.7,591.0,522.0,58.0,47.0,115.843,11.0,1.0,2.0,4.0
2025,2041951,52749,2602798,3,2,3,True,3.0,2.0,4.0,37.3,311.0,261.0,45.0,25.0,114.146,15.0,4.0,6.0,3.0
2025,2041944,7889,52969,2,0,3,True,2.0,4.0,5.0,51.6,464.0,379.0,60.0,33.0,113.777,10.0,2.0,2.0,4.0
2025,2041944,52969,7889,0,2,0,True,0.0,2.0,4.0,48.4,434.0,355.0,45.0,28.0,114.851,8.0,2.0,4.0,5.0
2025,2041945,2603790,50139,2,3,0,True,2.0,7.0,9.0,44.6,412.0,354.0,55.0,54.0,122.193,4.0,2.0,5.0,7.0
2025,2041945,50139,2603790,3,2,3,True,3.0,5.0,7.0,55.400000000000006,497.0,460.0,41.0,40.0,121.203,14.0,5.0,7.0,9.0
2025,2041946,50147,50124,4,0,3,True,4.0,10.0,5.0,52.400000000000006,614.0,557.0,60.0,44.0,119.792,6.0,0.0,0.0,2.0
2025,2041946,50124,50147,0,4,0,True,0.0,0.0,2.0,47.599999999999994,537.0,478.0,49.0,35.0,116.466,8.0,6.0,10.0,5.0
2025,2041948,50164,50023,2,2,1,True,2.0,3.0,3.0,41.3,332.0,253.0,55.0,38.0,115.22,16.0,2.0,4.0,0.0
2025,2041948,50023,50164,2,2,1,True,2.0,4.0,0.0,58.699999999999996,529.0,443.0,48.0,41.0,115.074,16.0,1.0,3.0,3.0
2025,2041949,75797,50051,1,0,3,True,1.0,3.0,3.0,45.5,441.0,378.0,54.0,33.0,122.838,12.0,5.0,5.0,5.0
2025,2041949,50051,75797,0,1,0,True,0.0,5.0,5.0,54.50000000000001,599.0,536.0,70.0,39.0,111.924,14.0,2.0,3.0,3.0
2025,2041950,52683,50037,1,0,3,True,1.0,2.0,2.0,36.0,290.0,226.0,42.0,15.0,115.966,8.0,7.0,7.0,4.0
2025,2041950,50037,52683,0,1,0,True,0.0,7.0,4.0,64.0,658.0,600.0,55.0,61.0,119.621,12.0,1.0,2.0,2.0
2025,2041952,50111,50043,0,1,0,True,0.0,1.0,3.0,42.3,413.0,334.0,64.0,31.0,127.117,14.0,3.0,4.0,5.0
2025,2041952,50043,50111,1,0,3,True,1.0,4.0,5.0,57.699999999999996,664.0,592.0,71.0,54.0,117.527,13.0,1.0,1.0,3.0
2025,2041957,50058,50043,3,1,3,True,3.0,5.0,6.0,63.9,682.0,647.0,40.0,57.0,114.61,7.0,4.0,5.0,3.0
2025,2041957,50043,50058,1,3,0,True,1.0,5.0,3.0,36.1,424.0,377.0,55.0,18.0,110.097,9.0,2.0,5.0,6.0
2025,2041958,50023,50069,5,1,3,True,5.0,9.0,14.0,66.60000000000001,564.0,508.0,66.0,74.0,112.389,16.0,1.0,2.0,2.0
2025,2041958,50069,50023,1,5,0,True,1.0,2.0,2.0,33.4,239.0,161.0,55.0,25.0,108.359,8.0,4.0,9.0,14.0
2025,2041954,52747,50062,1,1,1,True,1.0,8.0,10.0,56.699999999999996,597.0,528.0,57.0,88.0,121.839,11.0,2.0,3.0,4.0
2025,2041954,50062,52747,1,1,1,True,1.0,3.0,4.0,43.3,384.0,322.0,65.0,33.0,125.246,12.0,7.0,8.0,10.0
2025,2041955,50139,50107,0,1,0,True,0.0,1.0,4.0,48.6,424.0,378.0,53.0,33.0,113.126,11.0,10.0,11.0,5.0
2025,2041955,50107,50139,1,0,3,True,1.0,11.0,5.0,51.4,432.0,386.0,39.0,58.0,116.847,12.0,1.0,1.0,4.0
2025,2041956,52280,52707,1,0,3,True,1.0,5.0,6.0,56.10000000000001,618.0,551.0,50.0,55.0,117.055,7.0,1.0,1.0,4.0
2025,2041956,52707,52280,0,1,0,True,0.0,1.0,4.0,43.9,478.0,421.0,43.0,31.0,117.231,10.0,5.0,5.0,6.0
2025,2041959,52683,52969,2,0,3,True,2.0,6.0,4.0,52.300000000000004,465.0,403.0,45.0,55.0,112.53,13.0,4.0,4.0,5.0
2025,2041959,52969,52683,0,2,0,True,0.0,4.0,5.0,47.699999999999996,397.0,336.0,72.0,39.0,112.241,9.0,4.0,6.0,4.0
2025,2041960,2602798,52797,2,0,3,True,2.0,7.0,4.0,65.5,557.0,510.0,40.0,53.0,113.098,19.0,2.0,2.0,4.0
2025,2041960,52797,2602798,0,2,0,True,0.0,2.0,4.0,34.5,329.0,271.0,47.0,21.0,107.08,18.0,5.0,7.0,4.0
2025,2041961,50111,50149,0,2,0,True,0.0,5.0,3.0,43.8,379.0,322.0,59.0,46.0,123.591,8.0,3.0,5.0,7.0
2025,2041961,50149,50111,2,0,3,True,2.0,5.0,7.0,56.2,572.0,500.0,73.0,45.0,115.956,9.0,5.0,5.0,3.0
2025,2042043,50051,52758,5,2,3,True,5.0,10.0,8.0,53.300000000000004,526.0,480.0,42.0,70.0,106.593,10.0,5.0,7.0,1.0
2025,2042043,52758,50051,2,5,0,True,2.0,7.0,1.0,46.7,516.0,462.0,37.0,29.0,110.951,11.0,6.0,10.0,8.0
2025,2041966,52816,50050,0,0,1,True,0.0,7.0,12.0,61.6,643.0,566.0,59.0,99.0,115.495,5.0,2.0,2.0,2.0
2025,2041966,50050,52816,0,0,1,True,0.0,2.0,2.0,38.4,340.0,273.0,59.0,20.0,121.68,9.0,7.0,7.0,12.0
2025,2041970,2601306,50109,1,1,1,True,1.0,3.0,5.0,45.300000000000004,466.0,395.0,70.0,33.0,121.77,10.0,2.0,3.0,3.0
2025,2041970,50109,2601306,1,1,1,True,1.0,3.0,3.0,54.7,642.0,577.0,67.0,38.0,124.492,12.0,2.0,3.0,5.0
2025,2041962,52919,50033,5,0,3,True,5.0,9.0,2.0,76.3,782.0,731.0,34.0,98.0,112.547,5.0,1.0,1.0,3.0
2025,2041962,50033,52919,0,5,0,True,0.0,1.0,3.0,23.7,200.0,149.0,45.0,15.0,108.951,4.0,4.0,9.0,2.0
2025,2041963,2603790,7889,0,1,0,True,0.0,6.0,3.0,42.699999999999996,445.0,388.0,35.0,38.0,117.993,9.0,6.0,7.0,7.0
2025,2041963,7889,2603790,1,0,3,True,1.0,7.0,7.0,57.3,602.0,537.0,48.0,44.0,116.965,8.0,7.0,6.0,3.0
2025,2041964,50080,50037,4,1,3,True,4.0,4.0,3.0,42.3,376.0,313.0,40.0,22.0,124.488,11.0,2.0,3.0,5.0
2025,2041964,50037,50080,1,4,0,True,1.0,3.0,5.0,57.699999999999996,569.0,502.0,67.0,44.0,119.202,10.0,0.0,4.0,3.0
2025,2041965,50124,75797,1,3,0,True,1.0,4.0,5.0,56.2,556.0,483.0,56.0,38.0,112.009,9.0,1.0,4.0,4.0
2025,2041965,75797,50124,3,1,3,True,3.0,4.0,4.0,43.8,329.0,257.0,67.0,31.0,116.76,11.0,3.0,4.0,5.0
2025,2041967,50147,52749,1,3,0,True,1.0,8.0,3.0,56.699999999999996,535.0,469.0,85.0,54.0,115.409,13.0,3.0,6.0,6.0
2025,2041967,52749,50147,3,1,3,True,3.0,6.0,6.0,43.3,323.0,269.0,43.0,39.0,118.245,10.0,7.0,8.0,3.0
2025,2041968,50030,50164,0,2,0,True,0.0,2.0,6.0,49.6,450.0,400.0,42.0,55.0,115.373,10.0,4.0,6.0,6.0
2025,2041968,50164,50030,2,0,3,True,2.0,6.0,6.0,50.4,476.0,414.0,59.0,42.0,113.029,10.0,2.0,2.0,6.0
2025,2041969,50031,50138,0,1,0,True,0.0,2.0,11.0,43.2,373.0,305.0,64.0,50.0,124.499,20.0,5.0,6.0,6.0
2025,2041969,50138,50031,1,0,3,True,1.0,6.0,6.0,56.8,538.0,477.0,69.0,46.0,121.151,8.0,2.0,2.0,11.0
2025,2041975,50062,2602798,4,0,3,True,4.0,11.0,8.0,57.4,577.0,522.0,45.0,57.0,113.009,11.0,3.0,3.0,2.0
2025,2041975,2602798,50062,0,4,0,True,0.0,3.0,2.0,42.6,358.0,297.0,52.0,20.0,111.116,10.0,8.0,11.0,8.0
2025,2041978,52797,50164,1,4,0,True,1.0,4.0,10.0,52.6,505.0,443.0,48.0,53.0,111.784,6.0,1.0,5.0,6.0
2025,2041978,50164,52797,4,1,3,True,4.0,5.0,6.0,47.4,356.0,303.0,51.0,47.0,115.153,13.0,3.0,4.0,10.0
2025,2041971,50051,50058,1,3,0,True,1.0,10.0,11.0,51.9,523.0,486.0,42.0,63.0,107.2,11.0,6.0,9.0,1.0
2025,2041971,50058,50051,3,1,3,True,3.0,9.0,1.0,48.1,412.0,368.0,52.0,38.0,112.524,9.0,9.0,10.0,11.0
2025,2041972,7889,50109,4,0,3,True,4.0,8.0,5.0,52.2,472.0,415.0,53.0,43.0,114.73,15.0,4.0,4.0,5.0
2025,2041972,50109,7889,0,4,0,True,0.0,4.0,5.0,47.8,521.0,450.0,51.0,39.0,117.657,10.0,4.0,8.0,5.0
2025,2041973,52758,50111,1,0,3,True,1.0,6.0,8.0,62.0,622.0,543.0,105.0,79.0,122.503,9.0,1.0,1.0,6.0
2025,2041973,50111,52758,0,1,0,True,0.0,1.0,6.0,38.0,313.0,242.0,61.0,18.0,126.796,15.0,5.0,6.0,8.0
2025,2041974,50149,52919,4,1,3,True,4.0,6.0,2.0,32.9,236.0,188.0,48.0,18.0,108.35,8.0,5.0,6.0,6.0
2025,2041974,52919,50149,1,4,0,True,1.0,6.0,6.0,67.10000000000001,598.0,558.0,40.0,65.0,107.602,10.0,2.0,6.0,2.0
2025,2041976,75797,50139,1,1,1,True,1.0,3.0,1.0,36.1,322.0,262.0,47.0,27.0,122.61,13.0,2.0,3.0,4.0
2025,2041976,50139,75797,1,1,1,True,1.0,3.0,4.0,63.9,627.0,567.0,87.0,54.0,122.288,6.0,2.0,3.0,1.0
2025,2041977,50050,2603790,3,1,3,True,3.0,5.0,8.0,55.800000000000004,656.0,603.0,51.0,46.0,121.646,7.0,2.0,3.0,4.0
2025,2041977,2603790,50050,1,3,0,True,1.0,3.0,4.0,44.2,432.0,377.0,48.0,36.0,117.559,13.0,2.0,5.0,8.0
2025,2041979,52969,50023,0,1,0,True,0.0,2.0,3.0,46.5,360.0,269.0,54.0,36.0,115.811,16.0,3.0,4.0,4.0
2025,2041979,50023,52969,1,0,3,True,1.0,4.0,4.0,53.5,426.0,342.0,59.0,44.0,113.157,14.0,2.0,2.0,3.0
2025,2041983,50043,52683,1,0,3,True,1.0,7.0,2.0,39.7,412.0,356.0,59.0,28.0,117.887,12.0,2.0,2.0,5.0
2025,2041983,52683,50043,0,1,0,True,0.0,2.0,5.0,60.3,533.0,478.0,49.0,34.0,113.789,12.0,6.0,7.0,2.0
2025,2041984,52707,50031,2,1,3,True,2.0,6.0,5.0,46.9,423.0,344.0,68.0,39.0,118.804,13.0,0.0,1.0,5.0
2025,2041984,50031,52707,1,2,0,True,1.0,1.0,5.0,53.1,443.0,386.0,71.0,29.0,120.619,12.0,4.0,6.0,5.0
2025,2041981,52747,50124,1,2,0,True,1.0,9.0,8.0,68.89999999999999,870.0,803.0,43.0,93.0,117.865,9.0,1.0,3.0,1.0
2025,2041981,50124,52747,2,1,3,True,2.0,3.0,1.0,31.1,357.0,280.0,49.0,23.0,125.274,11.0,8.0,9.0,8.0
2025,2041982,50138,52280,1,0,3,True,1.0,1.0,4.0,39.7,323.0,253.0,56.0,25.0,117.506,12.0,5.0,5.0,7.0
2025,2041982,52280,50138,0,1,0,True,0.0,5.0,7.0,60.3,505.0,440.0,34.0,78.0,118.6,21.0,0.0,1.0,4.0
2025,2041985,52749,50030,1,3,0,True,1.0,4.0,9.0,57.99999999999999,550.0,471.0,60.0,57.0,116.462,15.0,0.0,3.0,4.0
2025,2041985,50030,52749,3,1,3,True,3.0,3.0,4.0,42.0,400.0,318.0,60.0,34.0,123.532,13.0,3.0,4.0,9.0
2025,2041986,50069,50080,2,5,0,True,2.0,2.0,0.0,38.0,288.0,221.0,50.0,15.0,111.984,4.0,4.0,9.0,10.0
2025,2041986,50080,50069,5,2,3,True,5.0,9.0,10.0,62.0,667.0,605.0,40.0,66.0,116.442,12.0,0.0,2.0,0.0
2025,2041987,50033,2601306,1,2,0,True,1.0,1.0,2.0,48.3,412.0,304.0,82.0,30.0,120.249,10.0,6.0,7.0,7.0
2025,2041987,2601306,50033,2,1,3,True,2.0,7.0,7.0,51.7,412.0,314.0,74.0,44.0,115.003,7.0,0.0,1.0,2.0
2025,2041988,50107,52816,0,2,0,True,0.0,0.0,8.0,54.0,543.0,454.0,59.0,35.0,121.09,8.0,2.0,4.0,2.0
2025,2041988,52816,50107,2,0,3,True,2.0,4.0,2.0,46.0,458.0,383.0,56.0,46.0,119.285,17.0,0.0,0.0,8.0
2025,2041980,50037,50147,1,0,3,True,1.0,10.0,8.0,69.69999999999999,886.0,828.0,46.0,101.0,120.57,8.0,0.0,0.0,1.0
2025,2041980,50147,50037,0,1,0,True,0.0,0.0,1.0,30.3,318.0,252.0,44.0,12.0,116.84,8.0,9.0,10.0,8.0
2025,2041996,52797,50058,2,3,0,True,2.0,2.0,2.0,36.4,317.0,241.0,54.0,23.0,109.108,15.0,3.0,6.0,4.0
2025,2041996,50058,52797,3,2,3,True,3.0,6.0,4.0,63.6,562.0,502.0,50.0,67.0,109.478,12.0,0.0,2.0,2.0
2025,2041997,50033,50124,0,6,0,True,0.0,2.0,2.0,44.2,453.0,393.0,52.0,21.0,121.732,12.0,4.0,10.0,8.0
2025,2041997,50124,50033,6,0,3,True,6.0,10.0,8.0,55.800000000000004,664.0,617.0,42.0,64.0,122.061,9.0,2.0,2.0,2.0
2025,2041989,52919,52749,3,3,1,True,3.0,8.0,3.0,58.599999999999994,637.0,577.0,42.0,61.0,116.064,7.0,1.0,4.0,4.0
2025,2041989,52749,52919,3,3,1,True,3.0,4.0,4.0,41.4,381.0,319.0,50.0,19.0,115.478,13.0,5.0,8.0,3.0
2025,2041990,50037,52747,1,0,3,True,1.0,7.0,7.0,56.89999999999999,593.0,505.0,58.0,47.0,121.222,13.0,3.0,3.0,4.0
2025,2041990,52747,50037,0,1,0,True,0.0,3.0,4.0,43.1,430.0,341.0,59.0,32.0,114.664,10.0,6.0,7.0,7.0
2025,2041991,50138,2603790,1,0,3,True,1.0,3.0,6.0,48.8,497.0,423.0,37.0,44.0,,11.0,1.0,1.0,5.0
2025,2041991,2603790,50138,0,1,0,True,0.0,1.0,5.0,51.2,491.0,411.0,44.0,37.0,,12.0,4.0,3.0,6.0
2025,2041992,50080,2601306,3,0,3,True,3.0,7.0,4.0,66.0,777.0,693.0,75.0,70.0,120.873,8.0,0.0,0.0,2.0
2025,2041992,2601306,50080,0,3,0,True,0.0,0.0,2.0,34.0,254.0,192.0,52.0,18.0,119.053,19.0,4.0,7.0,4.0
2025,2041993,50109,50030,5,0,3,True,5.0,13.0,7.0,55.7,699.0,635.0,58.0,76.0,123.167,11.0,2.0,2.0,3.0
2025,2041993,50030,50109,0,5,0,True,0.0,2.0,3.0,44.3,425.0,368.0,51.0,29.0,120.716,11.0,8.0,13.0,7.0
2025,2041994,50149,52280,1,5,0,True,1.0,8.0,8.0,51.800000000000004,504.0,449.0,50.0,49.0,108.378,6.0,4.0,9.0,2.0
2025,2041994,52280,50149,5,1,3,True,5.0,9.0,2.0,48.199999999999996,452.0,396.0,36.0,57.0,116.543,8.0,8.0,8.0,8.0
2025,2041995,50031,52816,1,6,0,True,1.0,1.0,3.0,46.5,368.0,289.0,64.0,36.0,118.822,16.0,4.0,10.0,2.0
2025,2041995,52816,50031,6,1,3,True,6.0,10.0,2.0,53.5,454.0,401.0,49.0,45.0,116.166,7.0,0.0,1.0,3.0
2025,2042001,50069,50107,5,1,3,True,5.0,7.0,2.0,33.1,272.0,211.0,52.0,24.0,120.851,14.0,1.0,2.0,3.0
2025,2042001,50107,50069,1,5,0,True,1.0,2.0,3.0,66.9,684.0,600.0,59.0,70.0,118.494,17.0,2.0,7.0,2.0
2025,2042006,50111,2602798,1,0,3,True,1.0,5.0,3.0,32.800000000000004,303.0,243.0,56.0,24.0,124.687,11.0,1.0,1.0,6.0
2025,2042006,2602798,50111,0,1,0,True,0.0,1.0,6.0,67.2,655.0,597.0,80.0,51.0,121.401,15.0,4.0,5.0,3.0
2025,2041998,7889,50051,2,0,3,True,2.0,7.0,8.0,59.8,641.0,580.0,39.0,66.0,110.733,11.0,3.0,3.0,4.0
2025,2041998,50051,7889,0,2,0,True,0.0,3.0,4.0,40.2,386.0,336.0,32.0,35.0,105.726,10.0,5.0,7.0,8.0
2025,2041999,50062,52707,3,2,3,True,3.0,18.0,7.0,57.3,609.0,550.0,47.0,86.0,121.491,4.0,1.0,3.0,5.0
2025,2041999,52707,50062,2,3,0,True,2.0,3.0,5.0,42.699999999999996,283.0,221.0,62.0,23.0,120.421,2.0,15.0,18.0,7.0
2025,2042000,50164,52758,0,3,0,True,0.0,1.0,1.0,34.300000000000004,287.0,223.0,47.0,27.0,114.351,12.0,3.0,6.0,9.0
2025,2042000,52758,50164,3,0,3,True,3.0,6.0,9.0,65.7,679.0,615.0,52.0,61.0,118.333,11.0,1.0,1.0,1.0
2025,2042002,50050,50043,1,1,1,True,1.0,3.0,4.0,62.0,684.0,615.0,45.0,52.0,123.215,5.0,3.0,3.0,4.0
2025,2042002,50043,50050,1,1,1,True,1.0,3.0,4.0,38.0,447.0,378.0,73.0,30.0,120.713,8.0,2.0,3.0,4.0
2025,2042003,50023,50147,2,3,0,True,2.0,5.0,4.0,49.2,408.0,311.0,56.0,37.0,114.797,11.0,5.0,8.0,5.0
2025,2042003,50147,50023,3,2,3,True,3.0,8.0,5.0,50.8,491.0,393.0,74.0,47.0,118.807,8.0,3.0,5.0,4.0
2025,2042004,52683,50139,0,0,1,True,0.0,2.0,3.0,47.599999999999994,407.0,361.0,41.0,46.0,108.867,13.0,2.0,2.0,5.0
2025,2042004,50139,52683,0,0,1,True,0.0,2.0,5.0,52.400000000000006,496.0,447.0,56.0,35.0,107.889,14.0,2.0,2.0,3.0
2025,2042005,52969,75797,1,2,0,True,1.0,6.0,3.0,54.6,519.0,457.0,67.0,42.0,119.635,12.0,7.0,7.0,4.0
2025,2042005,75797,52969,2,1,3,True,2.0,7.0,4.0,45.4,398.0,331.0,43.0,39.0,121.255,9.0,5.0,6.0,3.0
2025,2042012,50164,50050,0,0,1,True,0.0,2.0,6.0,33.5,305.0,227.0,56.0,25.0,116.231,9.0,1.0,1.0,2.0
2025,2042012,50050,50164,0,0,1,True,0.0,1.0,2.0,66.5,642.0,569.0,33.0,51.0,117.632,9.0,2.0,2.0,6.0
2025,2042014,2602798,7889,0,1,0,True,0.0,5.0,4.0,41.099999999999994,377.0,315.0,49.0,30.0,112.053,11.0,6.0,7.0,5.0
2025,2042014,7889,2602798,1,0,3,True,1.0,7.0,5.0,58.9,618.0,556.0,39.0,72.0,111.076,8.0,5.0,5.0,4.0
2025,2042007,2603790,52683,2,3,0,True,2.0,6.0,6.0,45.7,454.0,384.0,44.0,37.0,110.062,12.0,5.0,8.0,8.0
2025,2042007,52683,2603790,3,2,3,True,3.0,8.0,8.0,54.300000000000004,508.0,440.0,36.0,48.0,111.969,7.0,4.0,6.0,6.0
2025,2042008,50109,50138,1,0,3,True,1.0,5.0,7.0,58.9,726.0,670.0,48.0,64.0,109.835,11.0,0.0,0.0,3.0
2025,2042008,50138,50109,0,1,0,True,0.0,0.0,3.0,41.099999999999994,476.0,423.0,43.0,19.0,107.464,7.0,5.0,5.0,7.0
2025,2042009,52816,50051,2,3,0,True,2.0,9.0,7.0,52.5,583.0,518.0,36.0,66.0,114.855,15.0,3.0,6.0,3.0
2025,2042009,50051,52816,3,2,3,True,3.0,6.0,3.0,47.5,477.0,413.0,51.0,23.0,115.555,13.0,7.0,9.0,7.0
2025,2042010,50043,50149,2,1,3,True,2.0,4.0,5.0,42.8,515.0,453.0,55.0,35.0,125.697,11.0,1.0,2.0,4.0
2025,2042010,50149,50043,1,2,0,True,1.0,2.0,4.0,57.199999999999996,670.0,622.0,43.0,45.0,122.652,13.0,3.0,4.0,5.0
2025,2042011,52707,50037,1,5,0,True,1.0,4.0,5.0,37.2,323.0,264.0,54.0,19.0,114.007,16.0,3.0,9.0,7.0
2025,2042011,50037,52707,5,1,3,True,5.0,9.0,7.0,62.8,619.0,545.0,40.0,68.0,119.998,10.0,3.0,4.0,5.0
2025,2042013,50030,52747,0,3,0,True,0.0,1.0,1.0,32.1,354.0,274.0,42.0,20.0,125.309,9.0,5.0,8.0,6.0
2025,2042013,52747,50030,3,0,3,True,3.0,8.0,6.0,67.9,815.0,746.0,67.0,79.0,115.003,11.0,1.0,1.0,1.0
2025,2042015,2601306,50062,1,0,3,True,1.0,4.0,4.0,36.8,289.0,211.0,46.0,36.0,118.815,14.0,5.0,5.0,7.0
2025,2042015,50062,2601306,0,1,0,True,0.0,5.0,7.0,63.2,600.0,519.0,69.0,55.0,115.918,9.0,3.0,4.0,4.0
2025,2042017,50124,52797,3,1,3,True,3.0,6.0,8.0,57.099999999999994,683.0,623.0,50.0,77.0,122.183,11.0,1.0,2.0,3.0
2025,2042017,52797,50124,1,3,0,True,1.0,2.0,3.0,42.9,477.0,412.0,61.0,26.0,118.829,4.0,3.0,6.0,8.0
2025,2042023,75797,50111,3,2,3,True,3.0,9.0,8.0,63.0,652.0,576.0,47.0,78.0,121.4,6.0,2.0,4.0,3.0
2025,2042023,50111,75797,2,3,0,True,2.0,4.0,3.0,37.0,316.0,238.0,48.0,23.0,124.328,8.0,6.0,9.0,8.0
2025,2042016,52758,50080,2,3,0,True,2.0,2.0,7.0,46.2,421.0,365.0,50.0,37.0,114.089,9.0,5.0,8.0,3.0
2025,2042016,50080,52758,3,2,3,True,3.0,8.0,3.0,53.800000000000004,527.0,464.0,42.0,31.0,118.203,10.0,0.0,2.0,7.0
2025,2042018,50139,52919,2,0,3,True,2.0,5.0,3.0,32.0,317.0,279.0,49.0,21.0,116.056,8.0,3.0,2.0,3.0
2025,2042018,52919,50139,0,2,0,True,0.0,2.0,3.0,68.0,693.0,650.0,36.0,62.0,111.351,7.0,3.0,5.0,3.0
2025,2042019,50147,52969,0,0,1,True,0.0,6.0,1.0,49.2,414.0,341.0,62.0,51.0,117.59,14.0,1.0,1.0,2.0
2025,2042019,52969,50147,0,0,1,True,0.0,1.0,2.0,50.8,435.0,364.0,46.0,35.0,119.189,13.0,6.0,6.0,1.0
2025,2042020,52280,50023,3,0,3,True,3.0,8.0,6.0,58.599999999999994,531.0,475.0,45.0,47.0,118.733,12.0,2.0,2.0,5.0
2025,2042020,50023,52280,0,3,0,True,0.0,2.0,5.0,41.4,439.0,383.0,49.0,32.0,114.091,7.0,5.0,8.0,6.0
2025,2042021,50058,50069,2,1,3,True,2.0,10.0,6.0,54.1,446.0,396.0,39.0,39.0,113.057,18.0,3.0,4.0,6.0
2025,2042021,50069,50058,1,2,0,True,1.0,4.0,6.0,45.9,378.0,325.0,53.0,42.0,113.159,12.0,8.0,10.0,6.0
2025,2042022,52749,50033,4,2,3,True,4.0,9.0,4.0,55.900000000000006,498.0,407.0,69.0,40.0,115.287,6.0,4.0,5.0,3.0
2025,2042022,50033,52749,2,4,0,True,2.0,5.0,3.0,44.1,379.0,282.0,69.0,27.0,119.863,16.0,5.0,9.0,4.0
2025,2042024,50107,50031,5,1,3,True,5.0,6.0,8.0,62.9,628.0,553.0,66.0,42.0,118.396,10.0,0.0,1.0,2.0
2025,2042024,50031,50107,1,5,0,True,1.0,1.0,2.0,37.1,350.0,270.0,56.0,20.0,120.349,16.0,1.0,6.0,8.0
2025,2042056,52816,50111,5,0,3,True,5.0,9.0,11.0,60.8,607.0,546.0,69.0,79.0,116.444,12.0,1.0,1.0,3.0
2025,2042056,50111,52816,0,5,0,True,0.0,1.0,3.0,39.2,390.0,319.0,51.0,18.0,120.363,13.0,4.0,9.0,11.0
2025,2042057,50023,52683,1,0,3,True,1.0,4.0,3.0,41.8,323.0,255.0,59.0,30.0,112.663,14.0,5.0,5.0,4.0
2025,2042057,52683,50023,0,1,0,True,0.0,5.0,4.0,58.199999999999996,515.0,448.0,51.0,43.0,113.683,14.0,3.0,4.0,3.0
2025,2042046,52797,50107,1,3,0,True,1.0,2.0,3.0,43.8,370.0,270.0,61.0,23.0,113.766,10.0,5.0,8.0,8.0
2025,2042046,50107,52797,3,1,3,True,3.0,8.0,8.0,56.2,500.0,407.0,62.0,70.0,115.999,14.0,1.0,2.0,3.0
2025,2042055,50043,50139,0,0,1,True,0.0,0.0,5.0,41.9,444.0,379.0,64.0,28.0,117.117,7.0,1.0,1.0,4.0
2025,2042055,50139,50043,0,0,1,True,0.0,1.0,4.0,58.099999999999994,590.0,522.0,57.0,55.0,119.623,12.0,0.0,0.0,5.0
2025,2042058,50124,50109,2,1,3,True,2.0,2.0,2.0,36.6,310.0,237.0,59.0,39.0,109.212,7.0,3.0,4.0,6.0
2025,2042058,50109,50124,1,2,0,True,1.0,4.0,6.0,63.4,718.0,661.0,53.0,77.0,113.383,14.0,0.0,2.0,2.0
2025,2042059,50147,50080,4,5,0,True,4.0,5.0,1.0,31.6,248.0,178.0,53.0,23.0,122.103,9.0,6.0,11.0,6.0
2025,2042059,50080,50147,5,4,3,True,5.0,11.0,6.0,68.4,743.0,672.0,44.0,85.0,119.968,9.0,2.0,5.0,1.0
2025,2042060,7889,75797,2,1,3,True,2.0,7.0,6.0,55.60000000000001,578.0,521.0,62.0,48.0,118.707,12.0,0.0,1.0,1.0
2025,2042060,75797,7889,1,2,0,True,1.0,1.0,1.0,44.4,463.0,417.0,45.0,25.0,117.153,8.0,5.0,7.0,6.0
2025,2042061,52969,52758,2,1,3,True,2.0,6.0,7.0,52.7,387.0,316.0,64.0,48.0,112.885,15.0,1.0,2.0,1.0
2025,2042061,52758,52969,1,2,0,True,1.0,2.0,1.0,47.3,345.0,266.0,61.0,22.0,116.524,18.0,4.0,6.0,7.0
2025,2042063,50069,50062,2,3,0,True,2.0,7.0,10.0,52.7,464.0,405.0,50.0,64.0,114.516,10.0,2.0,5.0,6.0
2025,2042063,50062,50069,3,2,3,True,3.0,5.0,6.0,47.3,365.0,301.0,68.0,27.0,115.307,12.0,5.0,7.0,10.0
2025,2042045,2603790,50149,2,1,3,True,2.0,5.0,3.0,47.4,473.0,397.0,34.0,26.0,109.292,16.0,1.0,2.0,6.0
2025,2042045,50149,2603790,1,2,0,True,1.0,2.0,6.0,52.6,509.0,430.0,57.0,55.0,104.812,6.0,3.0,5.0,3.0
2025,2042047,52707,2601306,2,0,3,True,2.0,5.0,3.0,48.6,458.0,388.0,74.0,32.0,118.83,17.0,4.0,4.0,5.0
2025,2042047,2601306,52707,0,2,0,True,0.0,4.0,5.0,51.4,504.0,418.0,71.0,56.0,119.893,11.0,3.0,5.0,3.0
2025,2041953,50051,50030,5,1,3,True,5.0,6.0,4.0,65.8,790.0,734.0,64.0,51.0,104.093,11.0,2.0,3.0,1.0
2025,2041953,50030,50051,1,5,0,True,1.0,3.0,1.0,34.2,326.0,284.0,33.0,32.0,115.771,9.0,1.0,6.0,4.0
2025,2042044,52747,52919,4,2,3,True,4.0,8.0,10.0,57.8,623.0,573.0,71.0,70.0,120.55,10.0,5.0,6.0,2.0
2025,2042044,52919,52747,2,4,0,True,2.0,6.0,2.0,42.199999999999996,352.0,306.0,56.0,32.0,125.704,10.0,4.0,8.0,10.0
2025,2042048,50033,50138,0,1,0,True,0.0,2.0,3.0,34.5,324.0,256.0,53.0,29.0,,11.0,3.0,4.0,4.0
2025,2042048,50138,50033,1,0,3,True,1.0,4.0,4.0,65.5,733.0,666.0,75.0,47.0,,7.0,2.0,2.0,3.0
2025,2042054,52280,50164,3,0,3,True,3.0,4.0,4.0,59.9,541.0,489.0,29.0,76.0,113.455,9.0,0.0,0.0,1.0
2025,2042054,50164,52280,0,3,0,True,0.0,0.0,1.0,40.1,319.0,254.0,51.0,25.0,109.457,7.0,1.0,4.0,4.0
2025,2042062,50050,50031,1,0,3,True,1.0,7.0,5.0,54.1,500.0,418.0,62.0,47.0,114.527,12.0,4.0,4.0,4.0
2025,2042062,50031,50050,0,1,0,True,0.0,4.0,4.0,45.9,348.0,271.0,79.0,35.0,115.765,15.0,7.0,7.0,5.0
2025,2042064,52749,50037,3,0,3,True,3.0,3.0,3.0,32.7,199.0,130.0,54.0,16.0,122.726,5.0,7.0,6.0,12.0
2025,2042064,50037,52749,0,3,0,True,0.0,6.0,12.0,67.30000000000001,753.0,683.0,58.0,116.0,128.323,6.0,0.0,3.0,3.0
2025,2042065,50058,2602798,1,0,3,True,1.0,6.0,8.0,46.300000000000004,395.0,348.0,52.0,35.0,120.702,12.0,3.0,3.0,6.0
2025,2042065,2602798,50058,0,1,0,True,0.0,3.0,6.0,53.7,532.0,480.0,45.0,42.0,123.734,18.0,5.0,6.0,8.0
2025,2042049,50149,52969,1,1,1,True,1.0,5.0,3.0,54.900000000000006,439.0,364.0,61.0,26.0,112.228,18.0,1.0,2.0,8.0
2025,2042049,52969,50149,1,1,1,True,1.0,2.0,8.0,45.1,325.0,256.0,73.0,37.0,114.667,29.0,4.0,5.0,3.0
2025,2042050,50062,7889,3,2,3,True,3.0,4.0,5.0,49.4,510.0,437.0,63.0,44.0,118.989,11.0,3.0,5.0,3.0
2025,2042050,7889,50062,2,3,0,True,2.0,5.0,3.0,50.6,448.0,391.0,48.0,40.0,120.484,11.0,1.0,4.0,5.0
2025,2042051,50031,50069,0,1,0,True,0.0,3.0,4.0,43.6,306.0,251.0,45.0,31.0,116.89,13.0,2.0,3.0,5.0
2025,2042051,50069,50031,1,0,3,True,1.0,3.0,5.0,56.39999999999999,430.0,375.0,63.0,58.0,116.785,10.0,3.0,3.0,4.0
2025,2042052,50107,52747,1,4,0,True,1.0,2.0,3.0,41.199999999999996,431.0,349.0,48.0,39.0,121.929,10.0,2.0,6.0,3.0
2025,2042052,52747,50107,4,1,3,True,4.0,6.0,3.0,58.8,610.0,544.0,77.0,46.0,120.259,8.0,2.0,2.0,3.0
2025,2042053,50111,2603790,1,0,3,True,1.0,5.0,3.0,44.1,317.0,219.0,70.0,,115.441,13.0,5.0,5.0,6.0
2025,2042053,2603790,50111,0,1,0,True,0.0,5.0,6.0,55.900000000000006,447.0,356.0,54.0,,114.269,10.0,4.0,5.0,3.0
2025,2042066,52919,50043,3,1,3,True,3.0,5.0,6.0,73.4,830.0,793.0,51.0,86.0,116.842,2.0,4.0,5.0,4.0
2025,2042066,50043,52919,1,3,0,True,1.0,5.0,4.0,26.6,295.0,254.0,44.0,22.0,114.639,3.0,3.0,5.0,6.0
2025,2042067,50037,52797,3,1,3,True,3.0,9.0,13.0,63.6,775.0,692.0,66.0,,129.114,11.0,2.0,3.0,2.0
2025,2042067,52797,50037,1,3,0,True,1.0,3.0,2.0,36.4,274.0,199.0,70.0,,122.969,7.0,6.0,9.0,13.0
2025,2042068,50138,50023,3,0,3,True,3.0,7.0,12.0,62.5,715.0,652.0,98.0,60.0,,12.0,0.0,0.0,0.0
2025,2042068,50023,50138,0,3,0,True,0.0,0.0,0.0,37.5,394.0,325.0,62.0,19.0,,5.0,4.0,7.0,12.0
2025,2042069,52758,52707,3,1,3,True,3.0,7.0,3.0,46.300000000000004,448.0,386.0,60.0,44.0,117.269,10.0,1.0,2.0,2.0
2025,2042069,52707,52758,1,3,0,True,1.0,2.0,2.0,53.7,542.0,466.0,60.0,44.0,110.872,9.0,4.0,7.0,3.0
2025,2042070,50080,52816,2,2,1,True,2.0,7.0,5.0,65.8,637.0,577.0,96.0,41.0,117.755,7.0,3.0,4.0,4.0
2025,2042070,52816,50080,2,2,1,True,2.0,4.0,4.0,34.2,289.0,236.0,61.0,31.0,115.811,13.0,5.0,7.0,5.0
2025,2042071,50109,50033,2,0,3,True,2.0,10.0,10.0,64.4,767.0,718.0,55.0,79.0,118.853,5.0,1.0,1.0,8.0
2025,2042071,50033,50109,0,2,0,True,0.0,1.0,8.0,35.6,318.0,262.0,54.0,19.0,120.724,6.0,8.0,10.0,10.0
2025,2042072,50139,50147,0,2,0,True,0.0,4.0,7.0,62.5,655.0,579.0,80.0,65.0,119.818,8.0,4.0,6.0,4.0
2025,2042072,50147,50139,2,0,3,True,2.0,6.0,4.0,37.5,332.0,252.0,67.0,27.0,124.17,7.0,4.0,4.0,7.0
2025,2042073,50164,50058,2,1,3,True,2.0,5.0,4.0,45.4,365.0,307.0,50.0,32.0,122.675,11.0,4.0,5.0,5.0
2025,2042073,50058,50164,1,2,0,True,1.0,5.0,5.0,54.6,491.0,426.0,55.0,54.0,116.443,16.0,3.0,5.0,4.0
2025,2042074,50030,50124,1,4,0,True,1.0,2.0,4.0,53.300000000000004,546.0,487.0,54.0,47.0,121.786,10.0,4.0,8.0,2.0
2025,2042074,50124,50030,4,1,3,True,4.0,8.0,2.0,46.7,559.0,484.0,66.0,38.0,125.392,10.0,1.0,2.0,4.0
2025,2042075,75797,52749,6,1,3,True,6.0,5.0,7.0,58.4,571.0,519.0,50.0,54.0,118.613,6.0,2.0,3.0,2.0
2025,2042075,52749,75797,1,6,0,True,1.0,3.0,2.0,41.6,357.0,303.0,45.0,24.0,111.582,11.0,1.0,5.0,7.0
2025,2042076,52683,50050,4,2,3,True,4.0,7.0,6.0,63.5,507.0,459.0,47.0,44.0,115.889,4.0,2.0,4.0,2.0
2025,2042076,50050,52683,2,4,0,True,2.0,4.0,2.0,36.5,357.0,312.0,46.0,24.0,117.945,15.0,3.0,7.0,6.0
2025,2042077,2602798,52280,1,2,0,True,1.0,3.0,1.0,41.3,312.0,257.0,46.0,19.0,113.212,13.0,4.0,6.0,7.0
2025,2042077,52280,2602798,2,1,3,True,2.0,6.0,7.0,58.699999999999996,479.0,419.0,43.0,60.0,116.096,13.0,2.0,3.0,1.0
2025,2042078,2601306,50051,0,3,0,True,0.0,5.0,13.0,45.2,428.0,372.0,56.0,48.0,119.598,11.0,3.0,6.0,6.0
2025,2042078,50051,2601306,3,0,3,True,3.0,6.0,6.0,54.800000000000004,624.0,572.0,68.0,45.0,111.758,12.0,5.0,5.0,13.0
2026,2045907,50062,64125,1,3,0,True,1.0,3.0,5.0,60.4,526.0,450.0,66.0,54.0,112.977,9.0,4.0,7.0,7.0
2026,2045907,64125,50062,3,1,3,True,3.0,7.0,7.0,39.6,331.0,257.0,52.0,44.0,117.075,9.0,2.0,3.0,5.0
2026,2045908,50125,52280,0,2,0,True,0.0,2.0,4.0,40.400000000000006,298.0,232.0,52.0,34.0,113.191,18.0,4.0,6.0,4.0
2026,2045908,52280,50125,2,0,3,True,2.0,6.0,4.0,59.599999999999994,483.0,414.0,55.0,41.0,117.603,15.0,2.0,2.0,4.0
2026,2045903,50051,52748,2,1,3,True,2.0,15.0,8.0,43.6,408.0,348.0,54.0,55.0,105.596,9.0,4.0,5.0,8.0
2026,2045903,52748,50051,1,2,0,True,1.0,5.0,8.0,56.39999999999999,533.0,472.0,46.0,30.0,108.948,14.0,13.0,15.0,8.0
2026,2045904,50147,60609,2,3,0,True,2.0,3.0,5.0,51.9,490.0,422.0,61.0,72.0,118.621,11.0,2.0,5.0,3.0
2026,2045904,60609,50147,3,2,3,True,3.0,5.0,3.0,48.1,431.0,360.0,58.0,35.0,121.007,6.0,1.0,3.0,5.0
2026,2045905,50139,52758,4,4,1,True,4.0,7.0,6.0,49.8,500.0,445.0,53.0,47.0,121.757,13.0,1.0,5.0,3.0
2026,2045905,52758,50139,4,4,1,True,4.0,5.0,3.0,50.2,470.0,394.0,69.0,32.0,122.567,8.0,3.0,7.0,6.0
2026,2045906,1652,70691,1,0,3,True,1.0,1.0,5.0,58.3,502.0,432.0,66.0,27.0,111.625,14.0,0.0,0.0,6.0
2026,2045906,70691,1652,0,1,0,True,0.0,0.0,6.0,41.699999999999996,356.0,288.0,55.0,26.0,113.029,13.0,1.0,1.0,5.0
2026,2045913,2610,2609532,0,0,1,True,0.0,3.0,7.0,63.5,520.0,444.0,64.0,78.0,109.903,15.0,1.0,1.0,5.0
2026,2045913,2609532,2610,0,0,1,True,0.0,1.0,5.0,36.5,258.0,185.0,52.0,13.0,105.547,14.0,3.0,3.0,7.0
2026,2045914,52498,59333,2,2,1,True,2.0,10.0,8.0,42.199999999999996,331.0,257.0,46.0,56.0,123.229,13.0,7.0,9.0,1.0
2026,2045914,59333,52498,2,2,1,True,2.0,9.0,1.0,57.8,399.0,320.0,60.0,39.0,123.43,11.0,8.0,10.0,8.0
2026,2045909,52747,52816,4,0,3,True,4.0,13.0,5.0,65.2,708.0,652.0,55.0,53.0,113.976,5.0,2.0,2.0,3.0
2026,2045909,52816,52747,0,4,0,True,0.0,2.0,3.0,34.8,347.0,282.0,49.0,19.0,112.046,11.0,9.0,13.0,5.0
2026,2045910,50037,52914,3,1,3,True,3.0,5.0,7.0,56.89999999999999,559.0,509.0,69.0,46.0,121.603,12.0,2.0,3.0,4.0
2026,2045910,52914,50037,1,3,0,True,1.0,3.0,4.0,43.1,434.0,384.0,56.0,42.0,112.529,7.0,3.0,5.0,7.0
2026,2045911,7889,50124,3,2,3,True,3.0,6.0,9.0,55.60000000000001,605.0,547.0,51.0,62.0,118.358,7.0,2.0,4.0,4.0
2026,2045911,50124,7889,2,3,0,True,2.0,4.0,4.0,44.4,473.0,407.0,66.0,41.0,123.994,9.0,3.0,6.0,9.0
2026,2045912,50143,50138,0,2,0,True,0.0,2.0,4.0,56.2,522.0,460.0,62.0,38.0,118.45,15.0,2.0,4.0,4.0
2026,2045912,50138,50143,2,0,3,True,2.0,4.0,4.0,43.8,401.0,335.0,49.0,37.0,118.912,17.0,2.0,2.0,4.0
2026,2045917,50043,50023,4,1,3,True,4.0,9.0,9.0,46.7,468.0,394.0,77.0,53.0,119.091,11.0,4.0,5.0,5.0
2026,2045917,50023,50043,1,4,0,True,1.0,5.0,5.0,53.300000000000004,491.0,423.0,46.0,40.0,116.083,9.0,6.0,9.0,9.0
2026,2045919,52709,50109,2,2,1,True,2.0,7.0,4.0,39.2,376.0,307.0,51.0,37.0,122.93,14.0,3.0,4.0,7.0
2026,2045919,50109,52709,2,2,1,True,2.0,4.0,7.0,60.8,652.0,582.0,60.0,53.0,117.67,13.0,5.0,7.0,4.0
2026,2045915,52919,50136,2,0,3,True,2.0,7.0,9.0,69.1,819.0,766.0,54.0,96.0,116.233,3.0,1.0,1.0,0.0
2026,2045915,50136,52919,0,2,0,True,0.0,1.0,0.0,30.9,277.0,230.0,39.0,18.0,107.143,4.0,6.0,7.0,9.0
2026,2045916,50072,50067,5,1,3,True,5.0,5.0,2.0,40.6,338.0,258.0,54.0,31.0,121.543,10.0,4.0,5.0,6.0
2026,2045916,50067,50072,1,5,0,True,1.0,5.0,6.0,59.4,535.0,467.0,75.0,39.0,110.689,13.0,2.0,5.0,2.0
2026,2045918,50149,79970,4,1,3,True,4.0,8.0,8.0,63.0,581.0,497.0,72.0,64.0,110.152,14.0,3.0,4.0,2.0
2026,2045918,79970,50149,1,4,0,True,1.0,4.0,2.0,37.0,312.0,237.0,54.0,19.0,111.534,11.0,4.0,8.0,8.0
2026,2045920,59324,50080,1,2,0,True,1.0,5.0,1.0,39.300000000000004,291.0,215.0,57.0,47.0,113.135,11.0,3.0,5.0,8.0
2026,2045920,50080,59324,2,1,3,True,2.0,5.0,8.0,60.699999999999996,539.0,472.0,48.0,49.0,111.564,12.0,4.0,5.0,1.0
2026,2045924,52816,50043,2,1,3,True,2.0,2.0,11.0,48.9,483.0,425.0,53.0,53.0,116.573,8.0,1.0,2.0,4.0
2026,2045924,50043,52816,1,2,0,True,1.0,2.0,4.0,51.1,537.0,471.0,61.0,39.0,118.327,10.0,2.0,2.0,11.0
2026,2045929,79970,50051,0,5,0,True,0.0,4.0,6.0,37.6,323.0,248.0,55.0,27.0,112.595,6.0,7.0,12.0,6.0
2026,2045929,50051,79970,5,0,3,True,5.0,12.0,6.0,62.4,618.0,552.0,44.0,62.0,110.328,9.0,4.0,4.0,6.0
2026,2045921,50138,52498,3,0,3,True,3.0,6.0,8.0,57.3,569.0,515.0,60.0,75.0,118.249,13.0,1.0,1.0,1.0
2026,2045921,52498,50138,0,3,0,True,0.0,1.0,1.0,42.699999999999996,422.0,362.0,62.0,26.0,121.328,17.0,3.0,6.0,8.0
2026,2045922,52914,50147,1,0,3,True,1.0,3.0,4.0,54.7,517.0,462.0,73.0,43.0,107.519,13.0,3.0,3.0,3.0
2026,2045922,50147,52914,0,1,0,True,0.0,3.0,3.0,45.300000000000004,411.0,346.0,50.0,32.0,112.958,14.0,3.0,3.0,4.0
2026,2045923,50124,50072,5,1,3,True,5.0,12.0,4.0,52.2,598.0,548.0,63.0,45.0,121.887,11.0,1.0,2.0,1.0
2026,2045923,50072,50124,1,5,0,True,1.0,2.0,1.0,47.8,552.0,481.0,67.0,33.0,117.886,6.0,7.0,12.0,4.0
2026,2045925,59333,1652,2,2,1,True,2.0,4.0,6.0,50.7,502.0,444.0,57.0,52.0,131.695,11.0,2.0,3.0,3.0
2026,2045925,1652,59333,2,2,1,True,2.0,3.0,3.0,49.3,437.0,385.0,61.0,38.0,122.932,7.0,2.0,4.0,6.0
2026,2045926,52748,50143,4,0,3,True,4.0,6.0,1.0,47.8,497.0,424.0,51.0,18.0,117.594,18.0,2.0,2.0,5.0
2026,2045926,50143,52748,0,4,0,True,0.0,2.0,5.0,52.2,532.0,462.0,49.0,42.0,115.87,12.0,2.0,6.0,1.0
2026,2045927,50067,7889,1,0,3,True,1.0,4.0,3.0,37.9,265.0,192.0,60.0,22.0,108.842,12.0,3.0,3.0,5.0
2026,2045927,7889,50067,0,1,0,True,0.0,3.0,5.0,62.1,545.0,488.0,70.0,55.0,108.81,14.0,3.0,4.0,3.0
2026,2045928,2609532,50037,1,5,0,True,1.0,2.0,3.0,38.800000000000004,355.0,279.0,65.0,24.0,114.163,11.0,10.0,15.0,7.0
2026,2045928,50037,2609532,5,1,3,True,5.0,15.0,7.0,61.199999999999996,702.0,640.0,50.0,61.0,121.989,9.0,1.0,2.0,3.0
2026,2045935,64125,59324,0,4,0,True,0.0,6.0,7.0,46.400000000000006,407.0,331.0,60.0,35.0,112.264,15.0,2.0,6.0,5.0
2026,2045935,59324,64125,4,0,3,True,4.0,6.0,5.0,53.6,506.0,432.0,42.0,36.0,117.017,8.0,6.0,6.0,7.0
2026,2045936,60609,52709,2,0,3,True,2.0,6.0,3.0,50.2,357.0,275.0,76.0,30.0,111.858,10.0,4.0,4.0,6.0
2026,2045936,52709,60609,0,2,0,True,0.0,4.0,6.0,49.8,369.0,278.0,59.0,41.0,114.191,20.0,4.0,6.0,3.0
2026,2045930,52280,2610,2,0,3,True,2.0,4.0,6.0,57.49999999999999,503.0,420.0,78.0,47.0,120.192,14.0,3.0,3.0,2.0
2026,2045930,2610,52280,0,2,0,True,0.0,3.0,2.0,42.5,307.0,225.0,71.0,32.0,117.678,17.0,2.0,4.0,6.0
2026,2045931,50109,50062,1,1,1,True,1.0,4.0,6.0,43.9,509.0,455.0,54.0,52.0,120.103,8.0,0.0,1.0,3.0
2026,2045931,50062,50109,1,1,1,True,1.0,1.0,3.0,56.10000000000001,572.0,510.0,69.0,51.0,120.017,10.0,3.0,4.0,6.0
2026,2045932,70691,50139,2,2,1,True,2.0,6.0,5.0,47.199999999999996,389.0,312.0,72.0,40.0,117.312,7.0,2.0,4.0,5.0
2026,2045932,50139,70691,2,2,1,True,2.0,4.0,5.0,52.800000000000004,477.0,416.0,64.0,47.0,119.978,19.0,4.0,6.0,5.0
2026,2045933,50136,50149,2,1,3,True,2.0,3.0,5.0,51.7,515.0,475.0,57.0,34.0,120.907,16.0,3.0,4.0,1.0
2026,2045933,50149,50136,1,2,0,True,1.0,4.0,1.0,48.3,498.0,447.0,58.0,40.0,116.506,9.0,1.0,3.0,5.0
2026,2045934,50023,52919,2,2,1,True,2.0,4.0,3.0,33.2,302.0,250.0,50.0,33.0,114.729,9.0,4.0,6.0,8.0
2026,2045934,52919,50023,2,2,1,True,2.0,6.0,8.0,66.8,783.0,733.0,25.0,72.0,114.75,13.0,2.0,4.0,3.0
2026,2045937,52758,50125,4,1,3,True,4.0,8.0,3.0,52.0,539.0,476.0,65.0,33.0,119.386,14.0,2.0,3.0,3.0
2026,2045937,50125,52758,1,4,0,True,1.0,3.0,3.0,48.0,484.0,416.0,60.0,13.0,117.446,15.0,4.0,8.0,3.0
2026,2045938,50080,52747,1,2,0,True,1.0,1.0,5.0,46.1,410.0,360.0,50.0,32.0,117.459,12.0,5.0,7.0,4.0
2026,2045938,52747,50080,2,1,3,True,2.0,7.0,4.0,53.900000000000006,477.0,417.0,53.0,52.0,114.553,14.0,0.0,1.0,5.0
2026,2045939,50080,2610,6,1,3,True,6.0,7.0,6.0,68.60000000000001,667.0,604.0,61.0,46.0,110.39,7.0,1.0,2.0,1.0
2026,2045939,2610,50080,1,6,0,True,1.0,2.0,1.0,31.4,249.0,178.0,55.0,30.0,108.551,10.0,1.0,7.0,6.0
2026,2045947,79970,2609532,0,0,1,True,0.0,2.0,13.0,61.6,565.0,497.0,50.0,72.0,110.185,11.0,5.0,5.0,2.0
2026,2045947,2609532,79970,0,0,1,True,0.0,5.0,2.0,38.4,249.0,179.0,63.0,18.0,104.767,9.0,2.0,2.0,13.0
2026,2045940,52280,50124,4,0,3,True,4.0,8.0,6.0,52.800000000000004,428.0,388.0,47.0,51.0,112.444,14.0,1.0,1.0,6.0
2026,2045940,50124,52280,0,4,0,True,0.0,1.0,6.0,47.199999999999996,394.0,337.0,52.0,36.0,110.259,10.0,4.0,8.0,6.0
2026,2045941,50109,52747,2,7,0,True,2.0,3.0,3.0,33.5,324.0,280.0,38.0,18.0,112.51,8.0,1.0,8.0,5.0
2026,2045941,52747,50109,7,2,3,True,7.0,8.0,5.0,66.5,777.0,733.0,54.0,62.0,109.749,6.0,1.0,3.0,3.0
2026,2045942,70691,52919,0,2,0,True,0.0,2.0,7.0,37.1,343.0,291.0,62.0,32.0,114.437,17.0,5.0,7.0,3.0
2026,2045942,52919,70691,2,0,3,True,2.0,7.0,3.0,62.9,672.0,629.0,51.0,46.0,115.932,15.0,3.0,2.0,7.0
2026,2045943,50062,50136,6,2,3,True,6.0,8.0,7.0,56.49999999999999,527.0,467.0,62.0,53.0,118.33,11.0,0.0,2.0,6.0
2026,2045943,50136,50062,2,6,0,True,2.0,2.0,6.0,43.5,362.0,300.0,54.0,34.0,116.861,9.0,3.0,8.0,7.0
2026,2045944,52709,52758,2,4,0,True,2.0,4.0,3.0,38.7,354.0,284.0,43.0,26.0,112.908,10.0,1.0,5.0,2.0
2026,2045944,52758,52709,4,2,3,True,4.0,5.0,2.0,61.3,624.0,533.0,50.0,55.0,114.047,7.0,3.0,4.0,3.0
2026,2045945,64125,50138,0,4,0,True,0.0,5.0,4.0,33.300000000000004,293.0,243.0,42.0,25.0,117.644,15.0,3.0,7.0,9.0
2026,2045945,50138,64125,4,0,3,True,4.0,7.0,9.0,66.7,680.0,629.0,68.0,57.0,116.952,6.0,5.0,5.0,4.0
2026,2045946,59324,50147,3,0,3,True,3.0,10.0,5.0,51.0,422.0,370.0,51.0,51.0,115.711,16.0,2.0,2.0,3.0
2026,2045946,50147,59324,0,3,0,True,0.0,2.0,3.0,49.0,382.0,316.0,67.0,33.0,108.557,7.0,7.0,10.0,5.0
2026,2045953,50067,59333,3,1,3,True,3.0,11.0,8.0,43.8,367.0,316.0,60.0,39.0,111.763,10.0,1.0,2.0,4.0
2026,2045953,59333,50067,1,3,0,True,1.0,2.0,4.0,56.2,591.0,531.0,44.0,51.0,122.053,7.0,8.0,11.0,8.0
2026,2045954,50125,60609,3,1,3,True,3.0,5.0,8.0,57.99999999999999,483.0,421.0,56.0,66.0,110.676,14.0,2.0,3.0,1.0
2026,2045954,60609,50125,1,3,0,True,1.0,3.0,1.0,42.0,321.0,250.0,55.0,29.0,114.41,5.0,2.0,5.0,8.0
2026,2045948,52914,50143,5,1,3,True,5.0,9.0,4.0,60.4,595.0,554.0,29.0,78.0,110.524,15.0,0.0,1.0,0.0
2026,2045948,50143,52914,1,5,0,True,1.0,1.0,0.0,39.6,324.0,250.0,60.0,11.0,104.053,6.0,4.0,9.0,4.0
2026,2045949,52816,52498,0,0,1,True,0.0,5.0,8.0,56.49999999999999,420.0,323.0,78.0,54.0,114.97,8.0,4.0,4.0,8.0
2026,2045949,52498,52816,0,0,1,True,0.0,4.0,8.0,43.5,333.0,248.0,66.0,50.0,124.182,15.0,5.0,5.0,8.0
2026,2045950,50072,7889,1,5,0,True,1.0,1.0,2.0,36.8,392.0,328.0,52.0,29.0,116.978,4.0,9.0,14.0,3.0
2026,2045950,7889,50072,5,1,3,True,5.0,14.0,3.0,63.2,713.0,655.0,61.0,74.0,114.456,5.0,0.0,1.0,2.0
2026,2045951,50149,52748,2,1,3,True,2.0,7.0,5.0,50.1,484.0,413.0,46.0,45.0,112.106,11.0,2.0,3.0,4.0
2026,2045951,52748,50149,1,2,0,True,1.0,3.0,4.0,49.9,435.0,372.0,51.0,24.0,105.478,17.0,5.0,7.0,5.0
2026,2045952,50023,1652,0,0,1,True,0.0,8.0,8.0,49.7,461.0,396.0,53.0,53.0,113.768,13.0,1.0,1.0,6.0
2026,2045952,1652,50023,0,0,1,True,0.0,1.0,6.0,50.3,349.0,290.0,51.0,39.0,114.103,12.0,9.0,8.0,8.0
2026,2045955,50051,50139,1,0,3,True,1.0,9.0,6.0,61.5,614.0,558.0,60.0,82.0,104.569,10.0,6.0,6.0,1.0
2026,2045955,50139,50051,0,1,0,True,0.0,6.0,1.0,38.5,322.0,270.0,41.0,32.0,113.64,18.0,8.0,9.0,6.0
2026,2045956,50037,50043,4,0,3,True,4.0,11.0,7.0,58.599999999999994,737.0,680.0,61.0,81.0,124.344,14.0,2.0,2.0,2.0
2026,2045956,50043,50037,0,4,0,True,0.0,2.0,2.0,41.4,419.0,367.0,68.0,27.0,119.708,3.0,7.0,11.0,7.0
2026,2045962,50136,50072,0,0,1,True,0.0,2.0,8.0,60.6,682.0,611.0,66.0,69.0,122.943,12.0,3.0,3.0,2.0
2026,2045962,50072,50136,0,0,1,True,0.0,3.0,2.0,39.4,395.0,318.0,62.0,28.0,121.831,10.0,2.0,2.0,8.0
2026,2045964,52498,52280,0,3,0,True,0.0,1.0,5.0,39.800000000000004,253.0,191.0,46.0,35.0,115.832,24.0,5.0,7.0,2.0
2026,2045964,52280,52498,3,0,3,True,3.0,7.0,2.0,60.199999999999996,342.0,275.0,54.0,42.0,114.094,12.0,1.0,1.0,5.0
2026,2045957,52747,50037,1,2,0,True,1.0,9.0,11.0,64.3,716.0,670.0,64.0,76.0,121.969,7.0,3.0,5.0,3.0
2026,2045957,50037,52747,2,1,3,True,2.0,5.0,3.0,35.699999999999996,309.0,246.0,58.0,27.0,125.361,9.0,8.0,9.0,11.0
2026,2045958,7889,50051,1,0,3,True,1.0,9.0,3.0,41.4,339.0,270.0,44.0,41.0,110.233,16.0,2.0,2.0,4.0
2026,2045958,50051,7889,0,1,0,True,0.0,2.0,4.0,58.599999999999994,533.0,467.0,54.0,48.0,106.469,11.0,8.0,9.0,3.0
2026,2045959,50124,64125,3,1,3,True,3.0,6.0,5.0,62.1,643.0,585.0,74.0,46.0,119.654,10.0,2.0,3.0,4.0
2026,2045959,64125,50124,1,3,0,True,1.0,3.0,4.0,37.9,325.0,267.0,50.0,27.0,119.342,13.0,3.0,6.0,5.0
2026,2045960,50139,50149,1,1,1,True,1.0,9.0,5.0,47.0,512.0,453.0,56.0,58.0,119.382,15.0,1.0,2.0,1.0
2026,2045960,50149,50139,1,1,1,True,1.0,2.0,1.0,53.0,534.0,472.0,40.0,28.0,114.457,14.0,8.0,9.0,5.0
2026,2045961,1652,52709,4,0,3,True,4.0,7.0,7.0,60.3,540.0,475.0,59.0,50.0,105.693,10.0,4.0,4.0,6.0
2026,2045961,52709,1652,0,4,0,True,0.0,4.0,6.0,39.7,333.0,277.0,39.0,33.0,109.245,11.0,3.0,7.0,7.0
2026,2045963,2610,50062,1,1,1,True,1.0,4.0,7.0,45.2,315.0,237.0,70.0,45.0,112.294,7.0,1.0,2.0,6.0
2026,2045963,50062,2610,1,1,1,True,1.0,2.0,6.0,54.800000000000004,486.0,417.0,56.0,38.0,113.124,9.0,3.0,4.0,7.0
2026,2045965,59333,50023,0,1,0,True,0.0,5.0,7.0,63.1,698.0,622.0,52.0,58.0,127.094,14.0,1.0,2.0,4.0
2026,2045965,50023,59333,1,0,3,True,1.0,2.0,4.0,36.9,380.0,295.0,55.0,28.0,121.584,16.0,5.0,5.0,7.0
2026,2045972,60609,52914,2,2,1,True,2.0,3.0,3.0,40.1,308.0,250.0,59.0,34.0,114.647,9.0,2.0,4.0,8.0
2026,2045972,52914,60609,2,2,1,True,2.0,4.0,8.0,59.9,495.0,446.0,70.0,52.0,109.131,19.0,1.0,3.0,3.0
2026,2045974,2609532,70691,1,0,3,True,1.0,2.0,3.0,44.0,378.0,302.0,75.0,22.0,115.186,12.0,5.0,5.0,9.0
2026,2045974,70691,2609532,0,1,0,True,0.0,5.0,9.0,56.00000000000001,549.0,488.0,62.0,70.0,114.902,13.0,1.0,2.0,3.0
2026,2045966,52919,52758,4,1,3,True,4.0,11.0,5.0,51.300000000000004,486.0,432.0,39.0,40.0,119.816,11.0,3.0,4.0,5.0
2026,2045966,52758,52919,1,4,0,True,1.0,4.0,5.0,48.699999999999996,484.0,434.0,63.0,41.0,120.16,17.0,7.0,11.0,5.0
2026,2045967,50138,79970,2,1,3,True,2.0,9.0,9.0,65.0,590.0,515.0,77.0,60.0,116.649,9.0,2.0,3.0,3.0
2026,2045967,79970,50138,1,2,0,True,1.0,3.0,3.0,35.0,310.0,231.0,57.0,22.0,118.631,16.0,7.0,9.0,9.0
2026,2045968,50147,50109,0,1,0,True,0.0,5.0,9.0,51.0,547.0,489.0,64.0,67.0,122.701,7.0,2.0,3.0,3.0
2026,2045968,50109,50147,1,0,3,True,1.0,3.0,3.0,49.0,486.0,427.0,56.0,21.0,123.549,9.0,5.0,5.0,9.0
2026,2045969,50043,50080,3,3,1,True,3.0,6.0,2.0,28.9,228.0,173.0,56.0,23.0,118.226,11.0,6.0,8.0,11.0
2026,2045969,50080,50043,3,3,1,True,3.0,8.0,11.0,71.1,748.0,687.0,54.0,80.0,113.731,6.0,3.0,6.0,2.0
2026,2045970,50143,50067,0,3,0,True,0.0,2.0,5.0,48.3,481.0,435.0,48.0,27.0,115.189,12.0,4.0,7.0,2.0
2026,2045970,50067,50143,3,0,3,True,3.0,7.0,2.0,51.7,509.0,466.0,55.0,43.0,114.029,15.0,3.0,2.0,5.0
2026,2045971,52748,52816,0,1,0,True,0.0,4.0,6.0,44.9,480.0,408.0,50.0,38.0,114.451,13.0,2.0,3.0,3.0
2026,2045971,52816,52748,1,0,3,True,1.0,3.0,3.0,55.1,434.0,363.0,62.0,31.0,113.035,17.0,4.0,4.0,6.0
2026,2045973,59324,50125,2,0,3,True,2.0,4.0,3.0,55.60000000000001,523.0,434.0,62.0,26.0,119.245,11.0,5.0,5.0,5.0
2026,2045973,50125,59324,0,2,0,True,0.0,5.0,5.0,44.4,375.0,293.0,54.0,39.0,118.12,13.0,2.0,4.0,3.0
2026,2045978,50143,50147,0,2,0,True,0.0,3.0,3.0,59.699999999999996,666.0,600.0,65.0,46.0,118.482,15.0,2.0,4.0,4.0
2026,2045978,50147,50143,2,0,3,True,2.0,4.0,4.0,40.300000000000004,413.0,343.0,46.0,43.0,121.528,8.0,4.0,3.0,3.0
2026,2045983,50067,64125,0,1,0,True,0.0,2.0,10.0,65.10000000000001,560.0,478.0,81.0,60.0,108.727,9.0,4.0,5.0,7.0
2026,2045983,64125,50067,1,0,3,True,1.0,5.0,7.0,34.9,295.0,219.0,53.0,32.0,113.853,17.0,2.0,2.0,10.0
2026,2045975,52919,50109,0,2,0,True,0.0,7.0,6.0,55.1,612.0,556.0,39.0,95.0,120.321,4.0,0.0,2.0,2.0
2026,2045975,50109,52919,2,0,3,True,2.0,2.0,2.0,44.9,486.0,426.0,58.0,21.0,121.922,8.0,7.0,7.0,6.0
2026,2045976,52914,50080,3,0,3,True,3.0,5.0,6.0,54.1,522.0,471.0,65.0,46.0,105.707,18.0,2.0,2.0,2.0
2026,2045976,50080,52914,0,3,0,True,0.0,2.0,2.0,45.9,424.0,363.0,53.0,15.0,104.425,12.0,3.0,5.0,6.0
2026,2045977,52758,70691,4,0,3,True,4.0,6.0,4.0,63.800000000000004,625.0,573.0,62.0,55.0,119.511,17.0,1.0,1.0,4.0
2026,2045977,70691,52758,0,4,0,True,0.0,1.0,4.0,36.199999999999996,330.0,271.0,48.0,31.0,111.051,12.0,3.0,6.0,4.0
2026,2045979,50136,60609,2,0,3,True,2.0,8.0,4.0,51.2,535.0,473.0,67.0,44.0,117.684,18.0,3.0,3.0,2.0
2026,2045979,60609,50136,0,2,0,True,0.0,3.0,2.0,48.8,441.0,376.0,40.0,33.0,115.422,6.0,8.0,8.0,4.0
2026,2045980,52498,50125,0,0,1,True,0.0,3.0,2.0,51.300000000000004,334.0,242.0,65.0,36.0,122.028,21.0,4.0,4.0,5.0
2026,2045980,50125,52498,0,0,1,True,0.0,4.0,5.0,48.699999999999996,311.0,216.0,60.0,42.0,116.351,22.0,3.0,3.0,2.0
2026,2045981,59333,50139,2,3,0,True,2.0,6.0,2.0,55.900000000000006,546.0,470.0,63.0,51.0,130.682,6.0,12.0,15.0,2.0
2026,2045981,50139,59333,3,2,3,True,3.0,15.0,2.0,44.1,405.0,330.0,81.0,53.0,127.655,17.0,4.0,6.0,2.0
2026,2045982,52748,59324,2,1,3,True,2.0,7.0,6.0,57.099999999999994,546.0,471.0,58.0,61.0,114.41,10.0,7.0,8.0,5.0
2026,2045982,59324,52748,1,2,0,True,1.0,8.0,5.0,42.9,393.0,331.0,37.0,43.0,118.116,8.0,5.0,7.0,6.0
2026,2045991,52709,79970,3,2,3,True,3.0,10.0,4.0,54.7,469.0,395.0,83.0,61.0,118.682,19.0,2.0,4.0,7.0
2026,2045991,79970,52709,2,3,0,True,2.0,4.0,7.0,45.300000000000004,408.0,332.0,64.0,28.0,114.698,10.0,7.0,10.0,4.0
2026,2045992,2609532,50023,2,2,1,True,2.0,4.0,5.0,50.0,409.0,333.0,64.0,48.0,112.714,13.0,4.0,6.0,5.0
2026,2045992,50023,2609532,2,2,1,True,2.0,6.0,5.0,50.0,440.0,376.0,48.0,41.0,113.296,9.0,3.0,4.0,5.0
2026,2045984,52747,1652,5,3,3,True,5.0,6.0,3.0,63.3,629.0,568.0,52.0,55.0,117.514,10.0,2.0,3.0,5.0
2026,2045984,1652,52747,3,5,0,True,3.0,3.0,5.0,36.7,301.0,225.0,58.0,39.0,119.154,16.0,2.0,6.0,3.0
2026,2045985,7889,50062,1,4,0,True,1.0,9.0,8.0,59.199999999999996,589.0,531.0,49.0,81.0,113.923,9.0,2.0,6.0,2.0
2026,2045985,50062,7889,4,1,3,True,4.0,6.0,2.0,40.8,347.0,282.0,47.0,32.0,119.408,9.0,7.0,9.0,8.0
2026,2045986,52280,50037,3,1,3,True,3.0,8.0,5.0,42.9,343.0,282.0,58.0,34.0,122.478,16.0,1.0,2.0,3.0
2026,2045986,50037,52280,1,3,0,True,1.0,2.0,3.0,57.099999999999994,531.0,466.0,68.0,34.0,121.508,13.0,5.0,8.0,5.0
2026,2045987,50124,50138,2,1,3,True,2.0,6.0,6.0,47.699999999999996,508.0,435.0,66.0,42.0,121.732,12.0,5.0,6.0,7.0
2026,2045987,50138,50124,1,2,0,True,1.0,6.0,7.0,52.300000000000004,544.0,475.0,39.0,48.0,120.107,8.0,4.0,6.0,6.0
2026,2045988,50072,52816,0,3,0,True,0.0,3.0,1.0,47.0,465.0,390.0,50.0,38.0,118.981,7.0,3.0,6.0,9.0
2026,2045988,52816,50072,3,0,3,True,3.0,6.0,9.0,53.0,555.0,485.0,53.0,51.0,117.028,7.0,3.0,3.0,1.0
2026,2045989,50149,50043,3,0,3,True,3.0,9.0,7.0,46.2,470.0,415.0,55.0,36.0,118.527,8.0,1.0,1.0,6.0
2026,2045989,50043,50149,0,3,0,True,0.0,1.0,6.0,53.800000000000004,561.0,504.0,40.0,45.0,116.969,14.0,6.0,9.0,7.0
2026,2045990,2610,50051,3,4,0,True,3.0,8.0,7.0,43.1,395.0,323.0,74.0,49.0,115.748,12.0,3.0,6.0,5.0
2026,2045990,50051,2610,4,3,3,True,4.0,6.0,5.0,56.89999999999999,585.0,523.0,76.0,36.0,108.971,7.0,5.0,8.0,7.0
2026,2046001,79970,2610,0,1,0,True,0.0,1.0,3.0,45.1,415.0,291.0,91.0,16.0,121.035,12.0,8.0,8.0,8.0
2026,2046001,2610,79970,1,0,3,True,1.0,8.0,8.0,54.900000000000006,468.0,372.0,75.0,75.0,116.301,14.0,1.0,1.0,3.0
2026,2045993,50037,50149,3,1,3,True,3.0,9.0,11.0,54.6,696.0,652.0,34.0,74.0,120.655,11.0,1.0,0.0,3.0
2026,2045993,50149,50037,1,3,0,True,1.0,0.0,3.0,45.4,436.0,391.0,49.0,19.0,114.613,5.0,7.0,9.0,11.0
2026,2045994,50138,7889,0,1,0,True,0.0,2.0,4.0,51.300000000000004,492.0,435.0,44.0,38.0,119.019,14.0,4.0,5.0,3.0
2026,2045994,7889,50138,1,0,3,True,1.0,5.0,3.0,48.699999999999996,500.0,448.0,59.0,49.0,116.262,11.0,2.0,2.0,4.0
2026,2045995,50080,50072,2,1,3,True,2.0,8.0,5.0,68.7,836.0,755.0,49.0,85.0,118.72,10.0,3.0,4.0,1.0
2026,2045995,50072,50080,1,2,0,True,1.0,4.0,1.0,31.3,271.0,181.0,48.0,13.0,119.9,11.0,6.0,8.0,5.0
2026,2045996,52816,52914,2,1,3,True,2.0,3.0,3.0,51.1,501.0,422.0,60.0,29.0,114.77,6.0,4.0,5.0,3.0
2026,2045996,52914,52816,1,2,0,True,1.0,5.0,3.0,48.9,510.0,439.0,56.0,35.0,112.619,14.0,2.0,3.0,3.0
2026,2045997,1652,52498,3,0,3,True,3.0,10.0,1.0,59.9,368.0,305.0,52.0,51.0,111.462,12.0,5.0,5.0,5.0
2026,2045997,52498,1652,0,3,0,True,0.0,5.0,5.0,40.1,310.0,233.0,52.0,35.0,115.605,13.0,8.0,10.0,1.0
2026,2045998,50062,50124,2,3,0,True,2.0,3.0,7.0,53.800000000000004,505.0,421.0,71.0,47.0,119.888,11.0,6.0,9.0,4.0
2026,2045998,50124,50062,3,2,3,True,3.0,9.0,4.0,46.2,461.0,390.0,73.0,50.0,121.348,15.0,1.0,3.0,7.0
2026,2045999,50023,50067,1,0,3,True,1.0,5.0,9.0,41.0,336.0,270.0,58.0,43.0,113.504,12.0,2.0,2.0,7.0
2026,2045999,50067,50023,0,1,0,True,0.0,2.0,7.0,59.0,486.0,410.0,78.0,45.0,110.033,15.0,4.0,5.0,9.0
2026,2046000,64125,52748,2,3,0,True,2.0,6.0,2.0,42.8,418.0,344.0,66.0,34.0,115.204,10.0,2.0,5.0,2.0
2026,2046000,52748,64125,3,2,3,True,3.0,5.0,2.0,57.199999999999996,605.0,529.0,57.0,50.0,113.508,10.0,4.0,6.0,2.0
2026,2046005,70691,52709,2,3,0,True,2.0,5.0,8.0,52.1,432.0,368.0,67.0,50.0,116.574,14.0,1.0,4.0,2.0
2026,2046005,52709,70691,3,2,3,True,3.0,4.0,2.0,47.9,409.0,329.0,55.0,35.0,122.535,15.0,3.0,5.0,8.0
2026,2046008,60609,50143,2,4,0,True,2.0,6.0,7.0,49.5,387.0,330.0,54.0,49.0,113.777,3.0,4.0,8.0,7.0
2026,2046008,50143,60609,4,2,3,True,4.0,8.0,7.0,50.5,432.0,390.0,47.0,38.0,113.337,14.0,4.0,6.0,7.0
2026,2046002,52758,59333,2,2,1,True,2.0,9.0,8.0,56.39999999999999,571.0,491.0,93.0,66.0,122.499,5.0,1.0,3.0,2.0
2026,2046002,59333,52758,2,2,1,True,2.0,3.0,2.0,43.6,335.0,264.0,66.0,24.0,126.882,6.0,7.0,9.0,8.0
2026,2046003,50109,59324,2,2,1,True,2.0,7.0,3.0,51.0,430.0,374.0,41.0,46.0,115.256,9.0,4.0,5.0,6.0
2026,2046003,59324,50109,2,2,1,True,2.0,5.0,6.0,49.0,423.0,363.0,35.0,57.0,116.207,11.0,6.0,7.0,3.0
2026,2046004,50147,50136,2,0,3,True,2.0,5.0,5.0,44.3,369.0,296.0,64.0,24.0,119.075,11.0,2.0,2.0,5.0
2026,2046004,50136,50147,0,2,0,True,0.0,2.0,5.0,55.7,523.0,443.0,41.0,49.0,121.061,21.0,3.0,5.0,5.0
2026,2046006,50139,2609532,2,0,3,True,2.0,5.0,10.0,57.199999999999996,577.0,524.0,56.0,67.0,122.684,8.0,4.0,3.0,7.0
2026,2046006,2609532,50139,0,2,0,True,0.0,3.0,7.0,42.8,371.0,316.0,52.0,23.0,118.823,9.0,3.0,5.0,10.0
2026,2046007,50043,52280,0,3,0,True,0.0,7.0,6.0,49.2,480.0,435.0,47.0,47.0,120.2,10.0,7.0,10.0,7.0
2026,2046007,52280,50043,3,0,3,True,3.0,10.0,7.0,50.8,482.0,425.0,48.0,55.0,128.223,9.0,7.0,7.0,6.0
2026,2046009,50125,52747,0,0,1,True,0.0,2.0,6.0,31.900000000000002,256.0,192.0,41.0,40.0,116.634,21.0,5.0,5.0,10.0
2026,2046009,52747,50125,0,0,1,True,0.0,5.0,10.0,68.10000000000001,690.0,608.0,76.0,45.0,110.806,4.0,2.0,2.0,6.0
2026,2046010,50051,52919,1,2,0,True,1.0,1.0,8.0,48.9,434.0,370.0,60.0,43.0,111.806,14.0,7.0,8.0,1.0
2026,2046010,52919,50051,2,1,3,True,2.0,8.0,1.0,51.1,409.0,355.0,36.0,48.0,119.048,17.0,0.0,1.0,8.0
2026,2046019,79970,50043,1,4,0,True,1.0,2.0,2.0,46.0,522.0,442.0,74.0,28.0,119.402,9.0,2.0,6.0,8.0
2026,2046019,50043,79970,4,1,3,True,4.0,6.0,8.0,54.0,593.0,528.0,72.0,41.0,124.157,12.0,1.0,2.0,2.0
2026,2046017,59333,52919,3,1,3,True,3.0,5.0,2.0,36.0,375.0,313.0,52.0,23.0,129.349,6.0,4.0,5.0,8.0
2026,2046017,52919,59333,1,3,0,True,1.0,5.0,8.0,64.0,710.0,655.0,53.0,63.0,119.037,9.0,2.0,5.0,2.0
2026,2046011,50051,50023,6,1,3,True,6.0,5.0,10.0,52.800000000000004,500.0,447.0,67.0,59.0,111.467,9.0,5.0,6.0,9.0
2026,2046011,50023,50051,1,6,0,True,1.0,6.0,9.0,47.199999999999996,499.0,438.0,39.0,49.0,113.825,11.0,1.0,5.0,10.0
2026,2046012,50138,52280,1,3,0,True,1.0,4.0,6.0,50.3,470.0,403.0,43.0,36.0,114.66,9.0,2.0,5.0,5.0
2026,2046012,52280,50138,3,1,3,True,3.0,5.0,5.0,49.7,426.0,357.0,43.0,42.0,118.795,17.0,3.0,4.0,6.0
2026,2046013,70691,50143,1,2,0,True,1.0,7.0,8.0,42.0,395.0,339.0,65.0,39.0,119.676,11.0,3.0,5.0,5.0
2026,2046013,50143,70691,2,1,3,True,2.0,5.0,5.0,57.99999999999999,638.0,591.0,67.0,44.0,119.791,10.0,6.0,7.0,8.0
2026,2046014,1652,52758,2,0,3,True,2.0,5.0,7.0,53.5,472.0,422.0,43.0,55.0,112.256,14.0,2.0,2.0,4.0
2026,2046014,52758,1652,0,2,0,True,0.0,2.0,4.0,46.5,413.0,336.0,52.0,36.0,105.592,12.0,3.0,5.0,7.0
2026,2046015,50149,52747,2,1,3,True,2.0,4.0,3.0,32.1,234.0,176.0,47.0,17.0,115.038,10.0,5.0,6.0,11.0
2026,2046015,52747,50149,1,2,0,True,1.0,6.0,11.0,67.9,682.0,634.0,48.0,89.0,108.505,12.0,2.0,4.0,3.0
2026,2046016,2610,50109,2,0,3,True,2.0,2.0,4.0,37.7,282.0,196.0,54.0,33.0,121.162,13.0,6.0,6.0,5.0
2026,2046016,50109,2610,0,2,0,True,0.0,6.0,5.0,62.3,728.0,637.0,69.0,62.0,120.968,9.0,0.0,2.0,4.0
2026,2046018,52709,50136,1,1,1,True,1.0,4.0,0.0,34.1,304.0,235.0,66.0,17.0,121.199,13.0,5.0,5.0,8.0
2026,2046018,50136,52709,1,1,1,True,1.0,5.0,8.0,65.9,710.0,658.0,75.0,78.0,125.892,15.0,3.0,4.0,0.0
2026,2046025,50067,50124,1,1,1,True,1.0,2.0,2.0,48.699999999999996,447.0,381.0,58.0,36.0,109.688,11.0,3.0,4.0,7.0
2026,2046025,50124,50067,1,1,1,True,1.0,4.0,7.0,51.300000000000004,530.0,458.0,49.0,51.0,116.123,11.0,2.0,2.0,2.0
2026,2046026,60609,50072,3,2,3,True,3.0,5.0,2.0,59.199999999999996,575.0,512.0,65.0,55.0,113.359,8.0,3.0,5.0,3.0
2026,2046026,50072,60609,2,3,0,True,2.0,5.0,3.0,40.8,420.0,356.0,48.0,35.0,116.622,12.0,3.0,5.0,2.0
2026,2046020,52914,2609532,1,0,3,True,1.0,7.0,5.0,68.7,758.0,719.0,39.0,103.0,108.277,6.0,0.0,3.0,0.0
2026,2046020,2609532,52914,0,1,0,True,0.0,3.0,0.0,31.3,315.0,258.0,44.0,9.0,110.885,10.0,6.0,7.0,5.0
2026,2046021,52816,50125,2,3,0,True,2.0,4.0,7.0,62.3,678.0,583.0,81.0,50.0,116.257,8.0,0.0,3.0,1.0
2026,2046021,50125,52816,3,2,3,True,3.0,3.0,1.0,37.7,310.0,218.0,69.0,19.0,124.408,16.0,2.0,4.0,7.0
2026,2046022,50139,50147,2,0,3,True,2.0,4.0,5.0,46.7,421.0,362.0,57.0,38.0,116.753,14.0,3.0,3.0,5.0
2026,2046022,50147,50139,0,2,0,True,0.0,3.0,5.0,53.300000000000004,497.0,430.0,60.0,57.0,114.106,10.0,3.0,4.0,5.0
2026,2046023,52498,50080,2,4,0,True,2.0,2.0,7.0,40.2,363.0,280.0,51.0,42.0,122.012,9.0,8.0,12.0,5.0
2026,2046023,50080,52498,4,2,3,True,4.0,12.0,5.0,59.8,493.0,426.0,44.0,41.0,117.389,11.0,1.0,2.0,7.0
2026,2046024,52748,7889,0,3,0,True,0.0,4.0,9.0,56.699999999999996,573.0,512.0,51.0,42.0,109.063,8.0,1.0,3.0,6.0
2026,2046024,7889,52748,3,0,3,True,3.0,3.0,6.0,43.3,410.0,363.0,47.0,46.0,110.337,12.0,3.0,4.0,9.0
2026,2046027,59324,50062,3,0,3,True,3.0,4.0,5.0,53.400000000000006,512.0,408.0,73.0,39.0,120.027,4.0,1.0,1.0,4.0
2026,2046027,50062,59324,0,3,0,True,0.0,1.0,4.0,46.6,448.0,362.0,62.0,34.0,115.515,11.0,1.0,4.0,5.0
2026,2046028,50037,64125,2,0,3,True,2.0,4.0,6.0,69.39999999999999,906.0,849.0,78.0,83.0,120.878,9.0,1.0,1.0,4.0
2026,2046028,64125,50037,0,2,0,True,0.0,1.0,4.0,30.599999999999998,308.0,247.0,52.0,15.0,121.698,8.0,2.0,4.0,6.0
2026,2046029,52747,59324,1,1,1,True,1.0,7.0,9.0,63.800000000000004,692.0,629.0,61.0,69.0,118.585,8.0,3.0,4.0,3.0
2026,2046029,59324,52747,1,1,1,True,1.0,4.0,3.0,36.199999999999996,338.0,264.0,52.0,26.0,123.511,8.0,6.0,7.0,9.0
2026,2046030,52919,50067,2,0,3,True,2.0,5.0,2.0,51.800000000000004,519.0,465.0,42.0,43.0,116.527,8.0,4.0,4.0,1.0
2026,2046030,50067,52919,0,2,0,True,0.0,4.0,1.0,48.199999999999996,518.0,456.0,54.0,31.0,113.491,10.0,3.0,5.0,2.0
2026,2046031,7889,60609,6,0,3,True,6.0,12.0,10.0,49.8,501.0,456.0,47.0,76.0,111.739,13.0,1.0,1.0,1.0
2026,2046031,60609,7889,0,6,0,True,0.0,1.0,1.0,50.2,411.0,349.0,43.0,24.0,109.463,3.0,6.0,12.0,10.0
2026,2046032,52758,50138,0,2,0,True,0.0,1.0,3.0,47.5,448.0,381.0,78.0,43.0,121.105,12.0,3.0,5.0,4.0
2026,2046032,50138,52758,2,0,3,True,2.0,5.0,4.0,52.5,555.0,499.0,59.0,46.0,117.446,14.0,1.0,1.0,3.0
2026,2046033,50080,52709,4,1,3,True,4.0,13.0,4.0,69.69999999999999,764.0,691.0,38.0,75.0,116.132,12.0,0.0,1.0,3.0
2026,2046033,52709,50080,1,4,0,True,1.0,1.0,3.0,30.3,259.0,168.0,46.0,16.0,122.101,11.0,9.0,13.0,4.0
2026,2046034,52280,79970,3,2,3,True,3.0,10.0,10.0,62.3,593.0,531.0,28.0,89.0,113.851,14.0,0.0,2.0,2.0
2026,2046034,79970,52280,2,3,0,True,2.0,2.0,2.0,37.7,314.0,228.0,53.0,6.0,112.829,10.0,7.0,10.0,10.0
2026,2046035,50109,70691,3,0,3,True,3.0,7.0,4.0,59.3,787.0,724.0,63.0,49.0,124.108,7.0,2.0,2.0,2.0
2026,2046035,70691,50109,0,3,0,True,0.0,2.0,2.0,40.699999999999996,418.0,361.0,59.0,19.0,120.831,15.0,4.0,7.0,4.0
2026,2046036,50124,59333,1,2,0,True,1.0,8.0,12.0,59.199999999999996,632.0,569.0,72.0,72.0,121.949,9.0,2.0,4.0,3.0
2026,2046036,59333,50124,2,1,3,True,2.0,4.0,3.0,40.8,369.0,299.0,55.0,31.0,126.327,4.0,7.0,8.0,12.0
2026,2046037,50147,50051,4,2,3,True,4.0,11.0,3.0,35.0,296.0,231.0,52.0,47.0,119.941,11.0,4.0,6.0,5.0
2026,2046037,50051,50147,2,4,0,True,2.0,6.0,5.0,65.0,627.0,569.0,84.0,68.0,110.475,15.0,7.0,11.0,3.0
2026,2046038,50072,1652,0,2,0,True,0.0,1.0,1.0,43.7,528.0,456.0,39.0,23.0,118.004,12.0,4.0,6.0,5.0
2026,2046038,1652,50072,2,0,3,True,2.0,6.0,5.0,56.3,633.0,572.0,56.0,60.0,113.599,8.0,1.0,1.0,1.0
2026,2046039,50043,52748,3,0,3,True,3.0,5.0,3.0,44.1,366.0,294.0,68.0,27.0,119.467,10.0,9.0,9.0,5.0
2026,2046039,52748,50043,0,3,0,True,0.0,9.0,5.0,55.900000000000006,588.0,507.0,68.0,59.0,115.406,9.0,2.0,5.0,3.0
2026,2046040,50062,50037,1,2,0,True,1.0,7.0,4.0,42.3,404.0,328.0,60.0,47.0,122.161,11.0,6.0,8.0,6.0
2026,2046040,50037,50062,2,1,3,True,2.0,8.0,6.0,57.699999999999996,549.0,484.0,77.0,54.0,125.909,10.0,6.0,7.0,4.0
2026,2046041,50143,2610,1,2,0,True,1.0,3.0,4.0,61.0,630.0,536.0,77.0,42.0,120.637,10.0,1.0,3.0,3.0
2026,2046041,2610,50143,2,1,3,True,2.0,3.0,3.0,39.0,354.0,268.0,67.0,41.0,120.88,8.0,2.0,3.0,4.0
2026,2046042,50136,52914,2,3,0,True,2.0,5.0,2.0,49.7,540.0,475.0,49.0,30.0,120.749,15.0,2.0,5.0,3.0
2026,2046042,52914,50136,3,2,3,True,3.0,5.0,3.0,50.3,632.0,578.0,46.0,29.0,114.846,15.0,3.0,5.0,2.0
2026,2046043,50023,50139,0,0,1,True,0.0,5.0,5.0,47.5,482.0,408.0,70.0,49.0,115.13,13.0,0.0,0.0,3.0
2026,2046043,50139,50023,0,0,1,True,0.0,0.0,3.0,52.5,491.0,415.0,56.0,36.0,118.338,19.0,5.0,5.0,5.0
2026,2046044,64125,52816,1,0,3,True,1.0,3.0,2.0,39.0,336.0,258.0,68.0,27.0,119.886,10.0,2.0,2.0,4.0
2026,2046044,52816,64125,0,1,0,True,0.0,2.0,4.0,61.0,610.0,548.0,70.0,47.0,117.245,11.0,2.0,3.0,2.0
2026,2046045,50125,50149,2,3,0,True,2.0,2.0,4.0,38.6,320.0,242.0,57.0,40.0,121.404,22.0,3.0,6.0,2.0
2026,2046045,50149,50125,3,2,3,True,3.0,6.0,2.0,61.4,605.0,528.0,63.0,36.0,118.111,8.0,0.0,2.0,4.0
2026,2046046,2609532,52498,4,1,3,True,4.0,8.0,3.0,48.1,340.0,263.0,71.0,44.0,118.284,11.0,2.0,3.0,7.0
2026,2046046,52498,2609532,1,4,0,True,1.0,3.0,7.0,51.9,433.0,350.0,69.0,45.0,118.658,16.0,4.0,8.0,3.0
